time_s,x_m,y_m
0.000000,0.169934,-0.555089
0.100000,0.169786,-0.555100
0.200000,0.165966,-0.555773
0.300000,0.149696,-0.557728
0.400000,0.134070,-0.560709
0.500000,0.122735,-0.562693
0.600000,0.110145,-0.561963
0.700000,0.100102,-0.561237
0.800000,0.087693,-0.558683
0.900000,0.077287,-0.556269
1.000000,0.062524,-0.554996
1.100000,0.048632,-0.552828
1.200000,0.035551,-0.551316
1.300000,0.020943,-0.549276
1.400000,0.011985,-0.549247
1.500000,-0.001330,-0.547648
1.600000,-0.018121,-0.547074
1.700000,-0.031224,-0.546109
1.800000,-0.045698,-0.545016
1.900000,-0.059740,-0.543136
2.000000,-0.073062,-0.540999
2.100000,-0.087926,-0.538951
2.200000,-0.101924,-0.536148
2.300000,-0.116097,-0.533645
2.400000,-0.130511,-0.531264
2.500000,-0.144703,-0.527784
2.600000,-0.157624,-0.520806
2.700000,-0.170172,-0.514051
2.800000,-0.182607,-0.506125
2.900000,-0.194404,-0.497807
3.000000,-0.205854,-0.489975
3.100000,-0.217438,-0.481908
3.200000,-0.229656,-0.475555
3.300000,-0.241286,-0.467779
3.400000,-0.252585,-0.458918
3.500000,-0.263816,-0.450421
3.600000,-0.275779,-0.443222
3.700000,-0.287217,-0.436243
3.800000,-0.299147,-0.429413
3.900000,-0.311624,-0.422485
4.000000,-0.322547,-0.415032
4.100000,-0.334536,-0.407305
4.200000,-0.341333,-0.395050
4.300000,-0.349342,-0.381706
4.400000,-0.358670,-0.371142
4.500000,-0.367282,-0.360320
4.600000,-0.377696,-0.351330
4.700000,-0.388585,-0.341647
4.800000,-0.396878,-0.330826
4.900000,-0.406591,-0.320769
5.000000,-0.414423,-0.310036
5.100000,-0.422838,-0.299004
5.200000,-0.431317,-0.287901
5.300000,-0.439033,-0.276901
5.400000,-0.445739,-0.264891
5.500000,-0.452952,-0.253460
5.600000,-0.460847,-0.242502
5.700000,-0.469162,-0.231066
5.800000,-0.477151,-0.220182
5.900000,-0.484844,-0.208990
6.000000,-0.492255,-0.196801
6.100000,-0.499297,-0.184728
6.200000,-0.506139,-0.172915
6.300000,-0.511718,-0.160248
6.400000,-0.517107,-0.148052
6.500000,-0.521384,-0.134906
6.600000,-0.524923,-0.122134
6.700000,-0.528189,-0.108805
6.800000,-0.531116,-0.095548
6.900000,-0.532417,-0.081509
7.000000,-0.535562,-0.068268
7.100000,-0.539702,-0.054614
7.200000,-0.538772,-0.042157
7.300000,-0.535035,-0.028189
7.400000,-0.534861,-0.014387
7.500000,-0.534247,-0.000385
7.600000,-0.533714,0.013162
7.700000,-0.533154,0.026863
7.800000,-0.531196,0.040991
7.900000,-0.531894,0.054520
8.000000,-0.531394,0.068006
8.100000,-0.531060,0.081547
8.200000,-0.530837,0.095663
8.300000,-0.532854,0.109763
8.400000,-0.534635,0.122474
8.500000,-0.534314,0.136694
8.600000,-0.533846,0.149442
8.700000,-0.531638,0.162665
8.800000,-0.527524,0.176764
8.900000,-0.525461,0.189381
9.000000,-0.520616,0.201452
9.100000,-0.514011,0.215723
9.200000,-0.508692,0.227332
9.300000,-0.505071,0.241202
9.400000,-0.498880,0.253324
9.500000,-0.491897,0.260116
9.600000,-0.483738,0.271659
9.700000,-0.474888,0.281292
9.800000,-0.468825,0.292062
9.900000,-0.460599,0.303539
10.000000,-0.453469,0.315474
10.100000,-0.447847,0.329610
10.200000,-0.443054,0.341675
10.300000,-0.439043,0.356823
10.400000,-0.431075,0.366748
10.500000,-0.416942,0.374653
10.600000,-0.407325,0.383436
10.700000,-0.396656,0.391905
10.800000,-0.385553,0.401887
10.900000,-0.376126,0.412567
11.000000,-0.367546,0.425044
11.100000,-0.361768,0.433964
11.200000,-0.356431,0.439109
11.300000,-0.349449,0.448886
11.400000,-0.340456,0.461185
11.500000,-0.330944,0.469898
11.600000,-0.318760,0.478735
11.700000,-0.308374,0.486881
11.800000,-0.296642,0.497178
11.900000,-0.285812,0.504890
12.000000,-0.274249,0.511694
12.100000,-0.261829,0.520336
12.200000,-0.252069,0.527623
12.300000,-0.241209,0.536256
12.400000,-0.229482,0.544151
12.500000,-0.215943,0.548533
12.600000,-0.202737,0.553889
12.700000,-0.189804,0.558143
12.800000,-0.176593,0.562698
12.900000,-0.162049,0.563646
13.000000,-0.147536,0.566989
13.100000,-0.134774,0.572380
13.200000,-0.121480,0.576905
13.300000,-0.107367,0.582928
13.400000,-0.095542,0.586976
13.500000,-0.082150,0.588616
13.600000,-0.066584,0.588732
13.700000,-0.052356,0.591081
13.800000,-0.039350,0.592383
13.900000,-0.025172,0.594072
14.000000,-0.010811,0.594984
14.100000,0.003180,0.596011
14.200000,0.018650,0.591410
14.300000,0.033295,0.582033
14.400000,0.048593,0.576247
14.500000,0.062281,0.574091
14.600000,0.075166,0.565515
14.700000,0.083438,0.543198
14.800000,0.096600,0.519244
14.900000,0.104905,0.491334
15.000000,0.116943,0.489662
15.100000,0.130601,0.484917
15.200000,0.144715,0.483366
15.300000,0.157999,0.478947
15.400000,0.171587,0.476497
15.500000,0.185014,0.473631
15.600000,0.196433,0.469481
15.700000,0.203666,0.466885
15.800000,0.216331,0.462328
15.900000,0.229417,0.456606
16.000000,0.242770,0.451463
16.100000,0.256530,0.448983
16.200000,0.270543,0.446137
16.300000,0.283682,0.442874
16.400000,0.297518,0.439780
16.500000,0.311593,0.438507
16.600000,0.326158,0.435617
16.700000,0.338188,0.430463
16.800000,0.352182,0.430550
16.900000,0.367450,0.431261
17.000000,0.381134,0.428668
17.100000,0.392151,0.425241
17.200000,0.403411,0.419967
17.300000,0.415008,0.413963
17.400000,0.429505,0.407812
17.500000,0.441134,0.399132
17.600000,0.452394,0.389854
17.700000,0.464510,0.381824
17.800000,0.475700,0.373844
17.900000,0.487345,0.365691
18.000000,0.497044,0.356656
18.100000,0.503027,0.347173
18.200000,0.515366,0.336918
18.300000,0.526621,0.327987
18.400000,0.535611,0.317579
18.500000,0.545517,0.307384
18.600000,0.554715,0.296555
18.700000,0.563031,0.285117
18.800000,0.571231,0.273040
18.900000,0.580731,0.262750
19.000000,0.589329,0.251824
19.100000,0.596616,0.239555
19.200000,0.601903,0.226702
19.300000,0.606022,0.212974
19.400000,0.607903,0.198816
19.500000,0.606471,0.187090
19.600000,0.604978,0.175874
19.700000,0.597179,0.164980
19.800000,0.597107,0.152844
19.900000,0.600653,0.141199
20.000000,0.608619,0.128544
20.100000,0.617873,0.115842
20.200000,0.625667,0.103708
20.300000,0.629087,0.092451
20.400000,0.632882,0.079520
20.500000,0.634523,0.065397
20.600000,0.634858,0.051100
20.700000,0.634975,0.037236
20.800000,0.632583,0.023197
20.900000,0.629234,0.008428
21.000000,0.627904,-0.005699
21.100000,0.626325,-0.019814
21.200000,0.625479,-0.033851
21.300000,0.623348,-0.046174
21.400000,0.622856,-0.059614
21.500000,0.619511,-0.071757
21.600000,0.617054,-0.085553
21.700000,0.612514,-0.097615
21.800000,0.609388,-0.111231
21.900000,0.606547,-0.124665
22.000000,0.603682,-0.137199
22.100000,0.599713,-0.150808
22.200000,0.595071,-0.162963
22.300000,0.590653,-0.175662
22.400000,0.585816,-0.188511
22.500000,0.581246,-0.202058
22.600000,0.576116,-0.214646
22.700000,0.569807,-0.226191
22.800000,0.563180,-0.238008
22.900000,0.558221,-0.250687
23.000000,0.552340,-0.262809
23.100000,0.544087,-0.273965
23.200000,0.537442,-0.285505
23.300000,0.530071,-0.295864
23.400000,0.521269,-0.306492
23.500000,0.516931,-0.318201
23.600000,0.512109,-0.325655
23.700000,0.504297,-0.335621
23.800000,0.497876,-0.349292
23.900000,0.491092,-0.360556
24.000000,0.482530,-0.370916
24.100000,0.472168,-0.380431
24.200000,0.461441,-0.388703
24.300000,0.450682,-0.397816
24.400000,0.440482,-0.407031
24.500000,0.430205,-0.415978
24.600000,0.421916,-0.423185
24.700000,0.417474,-0.426660
24.800000,0.408377,-0.434453
24.900000,0.397512,-0.442970
25.000000,0.386042,-0.450753
25.100000,0.373978,-0.458039
25.200000,0.361209,-0.464889
25.300000,0.348702,-0.469690
25.400000,0.336042,-0.475816
25.500000,0.323230,-0.479390
25.600000,0.309946,-0.484641
25.700000,0.297660,-0.491141
25.800000,0.284689,-0.497001
25.900000,0.271748,-0.501218
26.000000,0.258657,-0.504978
26.100000,0.245809,-0.509579
26.200000,0.232616,-0.512966
26.300000,0.219711,-0.516523
26.400000,0.206431,-0.518704
26.500000,0.191911,-0.520442
26.600000,0.178216,-0.522912
26.700000,0.163756,-0.524184
26.800000,0.149818,-0.525870
26.900000,0.136864,-0.526396
27.000000,0.122736,-0.527369
27.100000,0.108682,-0.529056
27.200000,0.095487,-0.529473
27.300000,0.081301,-0.528485
27.400000,0.069398,-0.528827
27.500000,0.061433,-0.529402
27.600000,0.047881,-0.530294
27.700000,0.033067,-0.530064
27.800000,0.018979,-0.530734
27.900000,0.005286,-0.529463
28.000000,-0.003487,-0.526071
28.100000,-0.016091,-0.525806
28.200000,-0.032417,-0.525837
28.300000,-0.047548,-0.526107
28.400000,-0.060298,-0.525052
28.500000,-0.075455,-0.524483
28.600000,-0.090567,-0.523834
28.700000,-0.104459,-0.521492
28.800000,-0.118512,-0.517728
28.900000,-0.131047,-0.512366
29.000000,-0.144776,-0.508704
29.100000,-0.157450,-0.503648
29.200000,-0.170428,-0.497667
29.300000,-0.183470,-0.490465
29.400000,-0.196147,-0.484405
29.500000,-0.208551,-0.477272
29.600000,-0.222228,-0.470618
29.700000,-0.234046,-0.462450
29.800000,-0.246914,-0.455023
29.900000,-0.257501,-0.444515
30.000000,-0.266536,-0.432864
30.100000,-0.277720,-0.422293
30.200000,-0.287109,-0.413737
30.300000,-0.299770,-0.405090
30.400000,-0.310270,-0.397081
30.500000,-0.322466,-0.388536
30.600000,-0.332497,-0.379479
30.700000,-0.339553,-0.366566
30.800000,-0.347727,-0.355177
30.900000,-0.360014,-0.347633
31.000000,-0.371608,-0.339331
31.100000,-0.382608,-0.330824
31.200000,-0.392835,-0.322551
31.300000,-0.403114,-0.311376
31.400000,-0.413033,-0.301473
31.500000,-0.422928,-0.290678
31.600000,-0.430900,-0.280216
31.700000,-0.438916,-0.268631
31.800000,-0.446691,-0.257687
31.900000,-0.454424,-0.246182
32.000000,-0.463290,-0.234949
32.100000,-0.470254,-0.224223
32.200000,-0.478541,-0.212572
32.300000,-0.484120,-0.201608
32.400000,-0.492077,-0.188824
32.500000,-0.498323,-0.177186
32.600000,-0.504805,-0.165524
32.700000,-0.509524,-0.153144
32.800000,-0.514433,-0.140485
32.900000,-0.518227,-0.127736
33.000000,-0.520818,-0.115634
33.100000,-0.524082,-0.101032
33.200000,-0.525615,-0.088022
33.300000,-0.528250,-0.075699
33.400000,-0.530663,-0.060284
33.500000,-0.529611,-0.046758
33.600000,-0.529052,-0.034382
33.700000,-0.530577,-0.018558
33.800000,-0.533185,-0.006300
33.900000,-0.529432,0.004837
34.000000,-0.525892,0.011533
34.100000,-0.526699,0.018476
34.200000,-0.522890,0.030703
34.300000,-0.521130,0.045623
34.400000,-0.520935,0.058298
34.500000,-0.522179,0.072326
34.600000,-0.521289,0.087329
34.700000,-0.518817,0.099142
34.800000,-0.519160,0.113343
34.900000,-0.519362,0.127696
35.000000,-0.519008,0.141120
35.100000,-0.515608,0.153947
35.200000,-0.513266,0.168856
35.300000,-0.509254,0.180144
35.400000,-0.505057,0.193330
35.500000,-0.497510,0.204077
35.600000,-0.496382,0.213356
35.700000,-0.494220,0.227722
35.800000,-0.491457,0.241440
35.900000,-0.487362,0.253958
36.000000,-0.483852,0.267141
36.100000,-0.480309,0.281242
36.200000,-0.478324,0.292783
36.300000,-0.473253,0.305411
36.400000,-0.473325,0.320876
36.500000,-0.494100,0.341325
36.600000,-0.506044,0.359700
36.700000,-0.497277,0.370425
36.800000,-0.490302,0.382183
36.900000,-0.483712,0.393620
37.000000,-0.477736,0.406114
37.100000,-0.469412,0.416445
37.200000,-0.461103,0.426490
37.300000,-0.455236,0.437199
37.400000,-0.446903,0.446471
37.500000,-0.438877,0.458408
37.600000,-0.429655,0.467450
37.700000,-0.420414,0.476496
37.800000,-0.412002,0.477507
37.900000,-0.398267,0.483407
38.000000,-0.385248,0.491864
38.100000,-0.374546,0.501598
38.200000,-0.363713,0.514047
38.300000,-0.349780,0.517510
38.400000,-0.338581,0.523889
38.500000,-0.327265,0.530636
38.600000,-0.316151,0.538392
38.700000,-0.304827,0.546052
38.800000,-0.296295,0.553851
38.900000,-0.289740,0.558326
39.000000,-0.278975,0.564889
39.100000,-0.266349,0.572536
39.200000,-0.254214,0.579294
39.300000,-0.242211,0.585992
39.400000,-0.229297,0.591659
39.500000,-0.215171,0.595143
39.600000,-0.202734,0.602036
39.700000,-0.190239,0.608278
39.800000,-0.174904,0.609798
39.900000,-0.158593,0.607370
40.000000,-0.142546,0.604196
40.100000,-0.128529,0.607650
40.200000,-0.115022,0.608946
40.300000,-0.101451,0.613437
40.400000,-0.088429,0.618842
40.500000,-0.075755,0.623612
40.600000,-0.062885,0.627904
40.700000,-0.050735,0.629179
40.800000,-0.034736,0.628535
40.900000,-0.020442,0.627857
41.000000,-0.007110,0.627931
41.100000,-0.000155,0.627779
41.200000,0.012630,0.627813
41.300000,0.027841,0.628336
41.400000,0.042839,0.628141
41.500000,0.057584,0.626106
41.600000,0.072102,0.624127
41.700000,0.086266,0.621998
41.800000,0.100042,0.619101
41.900000,0.112760,0.617424
42.000000,0.119544,0.614737
42.100000,0.132298,0.609832
42.200000,0.147935,0.600733
42.300000,0.161364,0.585625
42.400000,0.174778,0.557291
42.500000,0.183488,0.529158
42.600000,0.196540,0.520442
42.700000,0.210045,0.517290
42.800000,0.223426,0.511911
42.900000,0.234785,0.504179
43.000000,0.247444,0.497116
43.100000,0.261364,0.491173
43.200000,0.275743,0.487116
43.300000,0.290348,0.485099
43.400000,0.304412,0.482764
43.500000,0.316522,0.479143
43.600000,0.330859,0.477871
43.700000,0.342532,0.473976
43.800000,0.356941,0.472014
43.900000,0.370196,0.468211
44.000000,0.383446,0.463774
44.100000,0.397059,0.459442
44.200000,0.411568,0.457002
44.300000,0.424689,0.455113
44.400000,0.438011,0.452953
44.500000,0.450229,0.449615
44.600000,0.462506,0.442837
44.700000,0.474799,0.434688
44.800000,0.487088,0.426544
44.900000,0.500391,0.420387
45.000000,0.512871,0.412727
45.100000,0.525867,0.405999
45.200000,0.538158,0.399717
45.300000,0.549783,0.392868
45.400000,0.558861,0.384246
45.500000,0.565914,0.373338
45.600000,0.573346,0.359685
45.700000,0.580967,0.346744
45.800000,0.587705,0.334970
45.900000,0.590870,0.323246
46.000000,0.599452,0.311207
46.100000,0.608320,0.299453
46.200000,0.617171,0.288647
46.300000,0.627874,0.278680
46.400000,0.639086,0.268480
46.500000,0.646612,0.257857
46.600000,0.654568,0.246584
46.700000,0.660092,0.233861
46.800000,0.665287,0.220450
46.900000,0.668061,0.206488
47.000000,0.670355,0.194104
47.100000,0.674342,0.185077
47.200000,0.677066,0.171430
47.300000,0.680593,0.162557
47.400000,0.685006,0.148547
47.500000,0.689000,0.134551
47.600000,0.691789,0.120953
47.700000,0.693403,0.106840
47.800000,0.695556,0.093416
47.900000,0.696641,0.079848
48.000000,0.698147,0.066946
48.100000,0.701832,0.053407
48.200000,0.705773,0.039591
48.300000,0.706790,0.026798
48.400000,0.707373,0.014270
48.500000,0.705083,-0.001337
48.600000,0.702838,-0.015762
48.700000,0.701748,-0.029613
48.800000,0.700305,-0.042200
48.900000,0.700157,-0.051067
49.000000,0.698581,-0.058377
49.100000,0.698393,-0.071345
49.200000,0.695976,-0.079316
49.300000,0.690942,-0.084336
49.400000,0.686392,-0.097208
49.500000,0.681274,-0.111472
49.600000,0.675182,-0.124356
49.700000,0.667892,-0.137201
49.800000,0.662962,-0.150545
49.900000,0.657744,-0.161648
50.000000,0.654811,-0.173496
50.100000,0.652315,-0.178702
50.200000,0.650058,-0.184073
50.300000,0.646751,-0.195635
50.400000,0.640616,-0.210071
50.500000,0.635319,-0.222790
50.600000,0.629666,-0.235132
50.700000,0.625108,-0.247946
50.800000,0.621129,-0.260796
50.900000,0.614866,-0.273347
51.000000,0.606392,-0.284047
51.100000,0.600646,-0.295799
51.200000,0.597376,-0.301574
51.300000,0.591602,-0.313569
51.400000,0.586047,-0.326770
51.500000,0.577148,-0.337669
51.600000,0.569299,-0.349450
51.700000,0.561611,-0.360689
51.800000,0.551232,-0.370011
51.900000,0.541458,-0.378484
52.000000,0.530407,-0.387591
52.100000,0.521617,-0.398658
52.200000,0.512771,-0.408894
52.300000,0.503059,-0.418501
52.400000,0.493271,-0.428242
52.500000,0.484471,-0.438719
52.600000,0.474605,-0.448443
52.700000,0.466609,-0.455430
52.800000,0.461911,-0.458709
52.900000,0.452161,-0.465786
53.000000,0.441104,-0.473634
53.100000,0.428833,-0.480465
53.200000,0.417191,-0.487575
53.300000,0.404212,-0.493618
53.400000,0.392953,-0.499878
53.500000,0.382126,-0.506181
53.600000,0.376068,-0.511013
53.700000,0.364527,-0.517652
53.800000,0.354209,-0.522441
53.900000,0.347155,-0.524618
54.000000,0.337556,-0.527576
54.100000,0.331299,-0.526896
54.200000,0.319570,-0.531119
54.300000,0.308837,-0.534604
54.400000,0.304155,-0.531269
54.500000,0.293378,-0.529511
54.600000,0.279278,-0.534643
54.700000,0.264931,-0.539070
54.800000,0.251754,-0.541627
54.900000,0.238112,-0.545225
55.000000,0.224776,-0.548612
55.100000,0.211981,-0.551897
55.200000,0.198372,-0.555519
55.300000,0.184778,-0.556386
55.400000,0.170454,-0.558684
55.500000,0.157325,-0.558489
55.600000,0.143046,-0.558743
55.700000,0.130516,-0.558070
55.800000,0.115811,-0.557228
55.900000,0.102674,-0.555955
56.000000,0.088392,-0.555162
56.100000,0.075238,-0.553757
56.200000,0.060368,-0.553426
56.300000,0.045940,-0.551619
56.400000,0.033465,-0.550654
56.500000,0.021090,-0.549823
56.600000,0.014758,-0.548760
56.700000,0.000327,-0.547479
56.800000,-0.013398,-0.546012
56.900000,-0.026733,-0.545170
57.000000,-0.038850,-0.543054
57.100000,-0.056112,-0.540943
57.200000,-0.068953,-0.538624
57.300000,-0.083952,-0.537703
57.400000,-0.097913,-0.534631
57.500000,-0.110099,-0.532298
57.600000,-0.125098,-0.528344
57.700000,-0.138800,-0.521066
57.800000,-0.149775,-0.514729
57.900000,-0.162376,-0.508376
58.000000,-0.175823,-0.500078
58.100000,-0.186949,-0.493685
58.200000,-0.200672,-0.484960
58.300000,-0.213239,-0.478464
58.400000,-0.224238,-0.471373
58.500000,-0.234401,-0.461490
58.600000,-0.245131,-0.451030
58.700000,-0.253794,-0.441026
58.800000,-0.262517,-0.428820
58.900000,-0.271916,-0.418003
59.000000,-0.281452,-0.408240
59.100000,-0.292627,-0.399193
59.200000,-0.302817,-0.387770
59.300000,-0.311898,-0.378580
59.400000,-0.321671,-0.366050
59.500000,-0.328929,-0.356108
59.600000,-0.338813,-0.345209
59.700000,-0.348781,-0.334172
59.800000,-0.358735,-0.324495
59.900000,-0.368791,-0.315160
60.000000,-0.378427,-0.305119
