,HT,ST,R,G,B,K
1,0.020833,0.979167,956,288,310,1496
2,0.062499,0.979167,934,357,313,1563
3,0.104165,0.979167,1078,662,436,2166
4,0.145831,0.979167,1127,937,472,2562
5,0.187497,0.979167,1110,1116,442,2717
6,0.229163,0.979167,855,1016,412,2327
7,0.270829,0.979167,591,857,413,1891
8,0.312495,0.979167,441,715,386,1563
9,0.354161,0.979167,420,744,456,1640
10,0.395827,0.979167,443,765,558,1786
11,0.437493,0.979167,588,1064,940,2625
12,0.479159,0.979167,540,941,962,2465
13,0.520825,0.979167,561,935,1043,2558
14,0.562491,0.979167,461,754,883,2110
15,0.604157,0.979167,388,654,831,1881
16,0.645823,0.979167,263,489,677,1434
17,0.687489,0.979167,258,429,642,1330
18,0.729155,0.979167,396,477,645,1517
19,0.770821,0.979167,623,568,699,1888
20,0.812487,0.979167,811,628,733,2164
21,0.854153,0.979167,942,595,696,2212
22,0.895819,0.979167,963,489,594,2011
23,0.937485,0.979167,822,296,362,1435
24,0.979151,0.979167,874,272,321,1413
1,0.020833,0.937507,623,190,202,1978
2,0.062499,0.937507,1057,685,463,2200
3,0.104165,0.937507,1063,687,464,2210
4,0.145831,0.937507,1172,1000,519,2722
5,0.187497,0.937507,1140,1151,469,2812
6,0.229163,0.937507,823,955,407,2224
7,0.270829,0.937507,628,883,430,1974
8,0.312495,0.937507,499,783,420,1727
9,0.354161,0.937507,458,781,481,1744
10,0.395827,0.937507,499,820,610,1950
11,0.437493,0.937507,559,933,827,2344
12,0.479159,0.937507,584,995,1014,2618
13,0.520825,0.937507,539,889,965,2411
14,0.562491,0.937507,529,854,970,2372
15,0.604157,0.937507,404,660,823,1895
16,0.645823,0.937507,274,497,696,1468
17,0.687489,0.937507,252,433,640,1325
18,0.729155,0.937507,414,487,639,1540
19,0.770821,0.937507,635,576,699,1908
20,0.812487,0.937507,775,605,697,2069
21,0.854153,0.937507,934,604,700,2219
22,0.895819,0.937507,960,497,594,2018
23,0.937485,0.937507,842,320,390,1508
24,0.979151,0.937507,892,295,346,1483
1,0.020833,0.895847,1022,337,344,1649
2,0.062499,0.895847,1028,447,367,1806
3,0.104165,0.895847,1071,718,465,2253
4,0.145831,0.895847,1162,1006,517,2717
5,0.187497,0.895847,1171,1191,485,2904
6,0.229163,0.895847,827,953,421,2239
7,0.270829,0.895847,622,855,423,1932
8,0.312495,0.895847,473,738,400,1634
9,0.354161,0.895847,438,751,467,1678
10,0.395827,0.895847,495,931,616,1966
11,0.437493,0.895847,538,916,820,2299
12,0.479159,0.895847,551,943,961,2476
13,0.520825,0.895847,533,860,940,2352
14,0.562491,0.895847,475,738,846,2070
15,0.604157,0.895847,376,585,720,1687
16,0.645823,0.895847,300,525,726,1555
17,0.687489,0.895847,254,417,603,1274
18,0.729155,0.895847,433,502,645,1579
19,0.770821,0.895847,630,563,667,1855
20,0.812487,0.895847,811,634,723,2159
21,0.854153,0.895847,1056,686,791,2513
22,0.895819,0.895847,979,502,605,2049
23,0.937485,0.895847,960,392,467,1174
24,0.979151,0.895847,924,317,360,1550
1,0.020833,0.854187,1018,365,366,1698
2,0.062499,0.854187,1095,527,437,2026
3,0.104165,0.854187,1080,754,501,2337
4,0.145831,0.854187,1333,1203,628,3208
5,0.187497,0.854187,1205,1230,515,3006
6,0.229163,0.854187,863,988,447,2338
7,0.270829,0.854187,613,826,421,1888
8,0.312495,0.854187,573,903,503,2011
9,0.354161,0.854187,467,792,499,1783
10,0.395827,0.854187,501,828,629,1980
11,0.437493,0.854187,509,847,767,2142
12,0.479159,0.854187,523,876,898,2316
13,0.520825,0.854187,529,855,941,2341
14,0.562491,0.854187,505,477,877,2168
15,0.604157,0.854187,396,604,731,1737
16,0.645823,0.854187,309,505,673,1490
17,0.687489,0.854187,261,411,575,1247
18,0.729155,0.854187,478,543,686,1708
19,0.770821,0.854187,650,589,691,1927
20,0.812487,0.854187,799,635,720,2148
21,0.854153,0.854187,917,598,686,2182
22,0.895819,0.854187,888,469,552,1879
23,0.937485,0.854187,862,374,432,1630
24,0.979151,0.854187,833,303,338,1430
1,0.020833,0.812527,906,457,431,1764
2,0.062499,0.812527,1073,563,458,2069
3,0.104165,0.812527,1228,888,604,2728
4,0.145831,0.812527,1297,1179,647,3166
5,0.187497,0.812527,1093,1101,478,2719
6,0.229163,0.812527,949,1073,511,2578
7,0.270829,0.812527,653,854,445,1980
8,0.312495,0.812527,571,846,489,1933
9,0.354161,0.812527,553,902,594,2078
10,0.395827,0.812527,554,892,688,2162
11,0.437493,0.812527,572,922,833,2353
12,0.479159,0.812527,605,1004,1023,2658
13,0.520825,0.812527,581,921,1001,2524
14,0.562491,0.812527,565,851,946,2380
15,0.604157,0.812527,515,764,900,2187
16,0.645823,0.812527,377,589,756,1729
17,0.687489,0.812527,372,554,742,1672
18,0.729155,0.812527,579,660,806,2050
19,0.770821,0.812527,852,799,927,2584
20,0.812487,0.812527,942,777,872,2590
21,0.854153,0.812527,1080,725,824,2611
22,0.895819,0.812527,995,559,645,2168
23,0.937485,0.812527,982,455,515,1913
24,0.979151,0.812527,900,354,383,1593
1,0.020833,0.770867,1044,447,432,1881
2,0.062499,0.770867,1095,575,465,2108
3,0.104165,0.770867,1130,819,551,2507
4,0.145831,0.770867,1141,1036,567,2278
5,0.187497,0.770867,1103,1100,485,2745
6,0.229163,0.770867,887,1009,494,2431
7,0.270829,0.770867,648,846,451,1974
8,0.312495,0.770867,582,871,511,1996
9,0.354161,0.770867,541,878,587,2034
10,0.395827,0.770867,598,995,759,2358
11,0.437493,0.770867,643,1078,971,2726
12,0.479159,0.770867,615,1046,1065,2754
13,0.520825,0.770867,628,1001,1084,2736
14,0.562491,0.770867,540,807,890,2253
15,0.604157,0.770867,504,748,874,2136
16,0.645823,0.770867,414,630,787,1838
17,0.687489,0.770867,387,543,697,1634
18,0.729155,0.770867,553,626,758,1941
19,0.770821,0.770867,855,812,924,2597
20,0.812487,0.770867,1017,856,946,2821
21,0.854153,0.770867,1107,786,879,2765
22,0.895819,0.770867,932,542,617,2067
23,0.937485,0.770867,929,461,519,1878
24,0.979151,0.770867,901,381,413,1695
1,0.020833,0.729207,1042,506,476,1989
2,0.062499,0.729207,1129,685,545,2345
3,0.104165,0.729207,1113,863,582,2572
4,0.145831,0.729207,1081,986,563,2664
5,0.187497,0.729207,1170,1206,570,3000
6,0.229163,0.729207,953,1083,562,2645
7,0.270829,0.729207,689,893,497,2112
8,0.312495,0.729207,578,830,512,1945
9,0.354161,0.729207,572,898,620,2123
10,0.395827,0.729207,615,989,765,2396
11,0.437493,0.729207,660,1085,979,2758
12,0.479159,0.729207,617,1033,1057,2748
13,0.520825,0.729207,620,973,1050,2667
14,0.562491,0.729207,595,885,972,2470
15,0.604157,0.729207,534,744,855,2116
16,0.645823,0.729207,417,616,755,1794
17,0.687489,0.729207,451,620,780,1856
18,0.729155,0.729207,640,722,843,2216
19,0.770821,0.729207,794,744,834,1383
20,0.812487,0.729207,925,777,848,2550
21,0.854153,0.729207,950,687,753,2380
22,0.895819,0.729207,1003,624,690,2296
23,0.937485,0.729207,954,504,551,1975
24,0.979151,0.729207,984,441,463,1844
1,0.020833,0.687547,1046,544,504,2064
2,0.062499,0.687547,1190,766,617,1567
3,0.104165,0.687547,1043,824,861,2444
4,0.145831,0.687547,1139,1049,607,2837
5,0.187497,0.687547,1100,1121,568,2836
6,0.229163,0.687547,947,1060,566,2617
7,0.270829,0.687547,701,897,514,2145
8,0.312495,0.687547,642,909,570,2155
9,0.354161,0.687547,630,961,665,2286
10,0.395827,0.687547,630,981,777,2422
11,0.437493,0.687547,666,1057,956,2708
12,0.479159,0.687547,682,1099,1109,2918
13,0.520825,0.687547,688,1069,1139,2930
14,0.562491,0.687547,640,934,1017,2618
15,0.604157,0.687547,600,855,964,2435
16,0.645823,0.687547,506,718,856,2094
17,0.687489,0.687547,499,655,796,1957
18,0.729155,0.687547,711,808,940,2471
19,0.770821,0.687547,795,737,818,2350
20,0.812487,0.687547,918,764,832,2510
21,0.854153,0.687547,1024,741,809,2560
22,0.895819,0.687547,1068,689,757,2496
23,0.937485,0.687547,999,536,573,2041
24,0.979151,0.687547,935,460,474,1838
1,0.020833,0.645887,1087,598,550,2211
2,0.062499,0.645887,1165,783,632,2574
3,0.104165,0.645887,1227,1015,707,2964
4,0.145831,0.645887,1276,1202,724,3247
5,0.187497,0.645887,1249,1307,685,3303
6,0.229163,0.645887,954,1071,610,2688
7,0.270829,0.645887,848,1063,632,2583
8,0.312495,0.645887,664,943,606,2237
9,0.354161,0.645887,620,933,660,2241
10,0.395827,0.645887,640,992,797,2455
11,0.437493,0.645887,668,1043,958,2683
12,0.479159,0.645887,654,1047,1055,2781
13,0.520825,0.645887,653,992,1053,2720
14,0.562491,0.645887,663,938,1011,2614
15,0.604157,0.645887,607,857,956,2436
16,0.645823,0.645887,543,752,872,2179
17,0.687489,0.645887,534,693,820,2057
18,0.729155,0.645887,662,718,823,2214
19,0.770821,0.645887,811,758,933,2409
20,0.812487,0.645887,920,786,843,2558
21,0.854153,0.645887,1067,808,868,2742
22,0.895819,0.645887,1043,712,766,2515
23,0.937485,0.645887,1018,607,638,2235
24,0.979151,0.645887,1002,547,551,2072
1,0.020833,0.604227,1094,661,593,2330
2,0.062499,0.604227,1174,831,568,2662
3,0.104165,0.604227,1313,1140,785,3274
4,0.145831,0.604227,1251,1194,743,3237
5,0.187497,0.604227,1271,1346,741,3422
6,0.229163,0.604227,987,1122,666,2818
7,0.270829,0.604227,775,960,596,2374
8,0.312495,0.604227,598,823,544,1992
9,0.354161,0.604227,569,832,608,2033
10,0.395827,0.604227,623,948,775,2377
11,0.437493,0.604227,681,1062,971,2766
12,0.479159,0.604227,706,1122,1129,2988
13,0.520825,0.604227,691,1050,1111,2877
14,0.562491,0.604227,613,871,933,2433
15,0.604157,0.604227,638,892,984,2531
16,0.645823,0.604227,619,857,982,2471
17,0.687489,0.604227,653,860,995,2527
18,0.729155,0.604227,656,721,808,2209
19,0.770821,0.604227,860,814,872,2553
20,0.812487,0.604227,988,853,908,2727
21,0.854153,0.604227,1055,823,867,2736
22,0.895819,0.604227,1084,750,788,2589
23,0.937485,0.604227,1035,661,677,2355
24,0.979151,0.604227,1088,648,636,2358
1,0.020833,0.562567,1140,721,649,2496
2,0.062499,0.562567,1189,875,702,2770
3,0.104165,0.562567,1285,1132,802,3251
4,0.145831,0.562567,1228,1194,758,3230
5,0.187497,0.562567,1251,1336,787,3439
6,0.229163,0.562567,1019,1162,715,1936
7,0.270829,0.562567,846,1042,657,2584
8,0.312495,0.562567,726,1000,675,2437
9,0.354161,0.562567,590,855,636,2111
10,0.395827,0.562567,606,894,730,2260
11,0.437493,0.562567,651,986,906,2573
12,0.479159,0.562567,704,1087,1076,2901
13,0.520825,0.562567,783,1196,1248,3262
14,0.562491,0.562567,705,995,1048,2757
15,0.604157,0.562567,702,975,1052,2751
16,0.645823,0.562567,714,984,1100,2821
17,0.687489,0.562567,720,941,1063,2740
18,0.729155,0.562567,854,967,1051,2884
19,0.770821,0.562567,870,833,891,2601
20,0.812487,0.562567,901,783,823,2511
21,0.854153,0.562567,928,728,763,2418
22,0.895819,0.562567,950,688,715,2345
23,0.937485,0.562567,944,634,638,2205
24,0.979151,0.562567,929,580,554,2039
1,0.020833,0.520907,1150,783,696,2622
2,0.062499,0.520907,1111,858,703,2687
3,0.104165,0.520907,1089,948,699,2758
4,0.145831,0.520907,1164,1139,759,3105
5,0.187497,0.520907,1161,1229,757,3201
6,0.229163,0.520907,1015,1144,740,2947
7,0.270829,0.520907,883,1078,707,2701
8,0.312495,0.520907,748,1000,698,2478
9,0.354161,0.520907,687,989,742,2448
10,0.395827,0.520907,665,981,824,2506
11,0.437493,0.520907,650,959,884,2521
12,0.479159,0.520907,670,996,996,2688
13,0.520825,0.520907,633,902,938,2496
14,0.562491,0.520907,637,864,903,2418
15,0.604157,0.520907,663,873,925,2480
16,0.645823,0.520907,564,728,794,2097
17,0.687489,0.520907,574,700,770,2052
18,0.729155,0.520907,820,906,965,2702
19,0.770821,0.520907,1050,1050,1095,3206
20,0.812487,0.520907,1158,1064,1095,3333
21,0.854153,0.520907,1208,1013,1039,3282
22,0.895819,0.520907,1091,848,863,2812
23,0.937485,0.520907,1111,793,786,2678
24,0.979151,0.520907,1008,674,643,2314
1,0.020833,0.479247,879,933,825,2703
2,0.062499,0.479247,1192,969,786,2957
3,0.104165,0.479247,1200,1098,800,3125
4,0.145831,0.479247,1306,1302,888,3541
5,0.187497,0.479247,1256,1342,848,3499
6,0.229163,0.479247,1096,1247,827,3226
7,0.270829,0.479247,1028,1300,887,3280
8,0.312495,0.479247,790,1051,747,2623
9,0.354161,0.479247,755,1077,821,2687
10,0.395827,0.479247,805,1185,979,3001
11,0.437493,0.479247,806,1202,1108,3160
12,0.479159,0.479247,838,1265,1245,3390
13,0.520825,0.479247,727,1030,1058,2850
14,0.562491,0.479247,732,965,994,2705
15,0.604157,0.479247,724,938,979,2662
16,0.645823,0.479247,660,843,907,2439
17,0.687489,0.479247,694,835,902,2445
18,0.729155,0.479247,857,934,980,2787
19,0.770821,0.479247,860,838,862,2569
20,0.812487,0.479247,934,853,870,2666
21,0.854153,0.479247,1000,853,869,2761
22,0.895819,0.479247,1019,805,805,2628
23,0.937485,0.479247,969,719,702,2389
24,0.979151,0.479247,1099,797,750,2666
1,0.020833,0.437587,1229,943,826,2995
2,0.062499,0.437587,1263,1076,874,3235
3,0.104165,0.437587,1128,1050,789,2999
4,0.145831,0.437587,1227,1240,877,3387
5,0.187497,0.437587,1245,1341,878,3501
6,0.229163,0.437587,1129,1302,883,3376
7,0.270829,0.437587,964,1188,937,3041
8,0.312495,0.437587,918,1220,876,3076
9,0.354161,0.437587,935,1184,920,2982
10,0.395827,0.437587,842,1200,1010,3096
11,0.437493,0.437587,888,1292,1180,3409
12,0.479159,0.437587,925,1347,1295,3591
13,0.520825,0.437587,820,1154,1172,3178
14,0.562491,0.437587,843,1136,1156,3163
15,0.604157,0.437587,875,1140,1167,3217
16,0.645823,0.437587,790,1017,1068,2902
17,0.687489,0.437587,797,950,1000,2769
18,0.729155,0.437587,812,869,896,2586
19,0.770821,0.437587,803,802,919,2742
20,0.812487,0.437587,974,902,910,2794
21,0.854153,0.437587,1027,894,895,2825
22,0.895819,0.437587,1077,873,864,2816
23,0.937485,0.437587,1072,825,791,1680
24,0.979151,0.437587,1057,795,747,2599
1,0.020833,0.395927,1245,993,874,3115
2,0.062499,0.395927,1396,1269,1034,3731
3,0.104165,0.395927,1362,1329,1025,3754
4,0.145831,0.395927,1427,1499,1081,4070
5,0.187497,0.395927,1383,1516,1040,4007
6,0.229163,0.395927,1105,1246,885,3280
7,0.270829,0.395927,1091,1323,954,3421
8,0.312495,0.395927,923,1173,883,3025
9,0.354161,0.395927,826,1112,890,2834
10,0.395827,0.395927,934,1277,1083,3344
11,0.437493,0.395927,952,1330,1206,3532
12,0.479159,0.395927,975,1390,1334,3754
13,0.520825,0.395927,960,1333,1322,3672
14,0.562491,0.395927,935,1244,1242,3460
15,0.604157,0.395927,905,1149,1157,3244
16,0.645823,0.395927,799,1013,1039,2902
17,0.687489,0.395927,937,1125,1148,3234
18,0.729155,0.395927,1031,1141,1553,3348
19,0.770821,0.395927,1099,1127,1121,3356
20,0.812487,0.395927,1139,1094,1084,3333
21,0.854153,0.395927,1218,1111,1094,3444
22,0.895819,0.395927,1142,968,943,3057
23,0.937485,0.395927,1050,855,816,2728
24,0.979151,0.395927,1006,781,726,2515
1,0.020833,0.354267,1064,1175,1040,3295
2,0.062499,0.354267,1349,1262,1029,3666
3,0.104165,0.354267,1369,1369,1055,3839
4,0.145831,0.354267,1385,1464,1079,3988
5,0.187497,0.354267,1264,1392,980,3700
6,0.229163,0.354267,1169,1321,948,3495
7,0.270829,0.354267,978,1168,873,3065
8,0.312495,0.354267,968,1232,953,3201
9,0.354161,0.354267,865,1159,929,3000
10,0.395827,0.354267,862,1145,982,3024
11,0.437493,0.354267,861,1144,982,3024
12,0.479159,0.354267,1053,1474,1386,3967
13,0.520825,0.354267,1034,1421,1386,3896
14,0.562491,0.354267,997,1314,1298,3677
15,0.604157,0.354267,1028,1324,1321,3740
16,0.645823,0.354267,855,1055,1064,3016
17,0.687489,0.354267,832,975,985,2830
18,0.729155,0.354267,986,1062,1052,3104
19,0.770821,0.354267,1000,1025,1005,3024
20,0.812487,0.354267,1024,1000,974,3013
21,0.854153,0.354267,1030,963,930,2950
22,0.895819,0.354267,1050,936,892,2899
23,0.937485,0.354267,1128,978,908,3021
24,0.979151,0.354267,1124,970,873,2999
1,0.020833,0.312607,1296,1176,1014,3547
2,0.062499,0.312607,1320,1258,1046,3660
3,0.104165,0.312607,1387,1424,1120,3890
4,0.145831,0.312607,1232,1304,996,3583
5,0.187497,0.312607,1217,1339,988,3605
6,0.229163,0.312607,1200,1363,1010,3633
7,0.270829,0.312607,1116,1353,1037,3562
8,0.312495,0.312607,1019,1277,1001,3331
9,0.354161,0.312607,904,1175,955,3080
10,0.395827,0.312607,875,1139,973,3025
11,0.437493,0.312607,930,1214,1080,3259
12,0.479159,0.312607,1081,1488,1379,4012
13,0.520825,0.312607,944,1287,1242,3507
14,0.562491,0.312607,908,1179,1171,3298
15,0.604157,0.312607,964,1207,1181,3386
16,0.645823,0.312607,860,1065,1070,3033
17,0.687489,0.312607,903,1065,1060,3074
18,0.729155,0.312607,884,974,967,2855
19,0.770821,0.312607,928,971,958,2882
20,0.812487,0.312607,997,993,960,2966
21,0.854153,0.312607,1020,963,824,2922
22,0.895819,0.312607,1092,1010,947,3067
23,0.937485,0.312607,1169,1049,954,3144
24,0.979151,0.312607,1194,1048,940,3203
1,0.020833,0.270947,1242,1165,1002,3440
2,0.062499,0.270947,1293,1266,1037,3635
3,0.104165,0.270947,1157,1189,952,3323
4,0.145831,0.270947,1290,1400,1090,3452
5,0.187497,0.270947,1193,1312,1001,3558
6,0.229163,0.270947,1098,1249,965,3360
7,0.270829,0.270947,1037,1226,958,3264
8,0.312495,0.270947,1167,1479,1158,3804
9,0.354161,0.270947,900,1123,923,2965
10,0.395827,0.270947,990,1271,1090,3388
11,0.437493,0.270947,1111,1472,1317,3950
12,0.479159,0.270947,1134,1525,1402,4123
13,0.520825,0.270947,965,1256,1193,3455
14,0.562491,0.270947,885,1140,1070,3103
15,0.604157,0.270947,872,1062,1026,2991
16,0.645823,0.270947,849,1001,973,2849
17,0.687489,0.270947,850,958,965,2844
18,0.729155,0.270947,917,1016,981,2935
19,0.770821,0.270947,955,1004,959,2933
20,0.812487,0.270947,1016,1023,970,3023
21,0.854153,0.270947,1038,1009,958,3039
22,0.895819,0.270947,1161,1118,1039,3354
23,0.937485,0.270947,1206,1117,1008,3301
24,0.979151,0.270947,1281,1208,1074,3604
1,0.020833,0.229287,1287,1260,1096,3700
2,0.062499,0.229287,1417,1456,1215,4140
3,0.104165,0.229287,1390,1481,1207,4126
4,0.145831,0.229287,1440,1228,990,3407
5,0.187497,0.229287,1258,1400,1105,3822
6,0.229163,0.229287,1348,1578,1249,4236
7,0.270829,0.229287,1247,1496,1191,3995
8,0.312495,0.229287,1065,1298,1056,3461
9,0.354161,0.229287,943,1172,982,3126
10,0.395827,0.229287,1006,1266,1097,3408
11,0.437493,0.229287,1075,1379,1232,3725
12,0.479159,0.229287,1008,1301,1194,3553
13,0.520825,0.229287,964,1235,1154,3390
14,0.562491,0.229287,993,1235,1159,3407
15,0.604157,0.229287,930,1125,1069,3154
16,0.645823,0.229287,963,1147,1092,3239
17,0.687489,0.229287,1040,1213,1154,3444
18,0.729155,0.229287,1046,1185,1131,3469
19,0.770821,0.229287,1066,1137,1075,3310
20,0.812487,0.229287,1127,1116,1095,3421
21,0.854153,0.229287,1195,1209,1130,3572
22,0.895819,0.229287,1276,1281,1174,3780
23,0.937485,0.229287,1333,1320,1184,3882
24,0.979151,0.229287,1324,1313,1160,3846
1,0.020833,0.187627,1354,1373,1183,3954
2,0.062499,0.187627,1388,1458,1227,4127
3,0.104165,0.187627,1378,1489,1233,4159
4,0.145831,0.187627,1444,1603,1304,4415
5,0.187497,0.187627,1371,1554,1253,4253
6,0.229163,0.187627,1338,1555,1256,4219
7,0.270829,0.187627,1260,1513,1239,4080
8,0.312495,0.187627,1215,1471,1218,3931
9,0.354161,0.187627,1055,1275,1074,3448
10,0.395827,0.187627,1083,1330,1143,3601
11,0.437493,0.187627,1070,1327,1179,3632
12,0.479159,0.187627,1010,1259,1133,3441
13,0.520825,0.187627,989,1232,1136,3400
14,0.562491,0.187627,1064,1311,1217,3642
15,0.604157,0.187627,947,1131,1060,3176
16,0.645823,0.187627,921,1068,1009,3029
17,0.687489,0.187627,927,1049,994,2998
18,0.729155,0.187627,994,1115,1048,3195
19,0.770821,0.187627,1017,1097,1025,3171
20,0.812487,0.187627,1119,1183,1097,3431
21,0.854153,0.187627,1080,1127,1039,3284
22,0.895819,0.187627,1033,1041,946,3041
23,0.937485,0.187627,1042,1041,932,3050
24,0.979151,0.187627,1078,1067,940,3116
1,0.020833,0.145967,1391,1477,1271,4193
2,0.062499,0.145967,1408,1530,1292,4292
3,0.104165,0.145967,1440,1599,1330,4436
4,0.145831,0.145967,1442,1623,1338,4471
5,0.187497,0.145967,1353,1549,1275,4247
6,0.229163,0.145967,1301,1516,1252,4128
7,0.270829,0.145967,1308,1562,1302,4240
8,0.312495,0.145967,1264,1540,1299,4160
9,0.354161,0.145967,1201,467,1244,3973
10,0.395827,0.145967,1140,1378,1187,3761
11,0.437493,0.145967,1173,1452,1283,3980
12,0.479159,0.145967,1199,1488,1329,4076
13,0.520825,0.145967,1152,1410,1277,3895
14,0.562491,0.145967,1137,1381,1256,3835
15,0.604157,0.145967,1119,1348,1242,3758
16,0.645823,0.145967,1150,1369,1269,3844
17,0.687489,0.145967,1184,1380,1281,3920
18,0.729155,0.145967,1181,1314,1212,3734
19,0.770821,0.145967,1175,1286,1183,3684
20,0.812487,0.145967,1191,1281,1179,3700
21,0.854153,0.145967,1159,1237,1131,3570
22,0.895819,0.145967,1106,1161,1050,3350
23,0.937485,0.145967,1252,1318,1169,3787
24,0.979151,0.145967,1191,1232,1083,3588
1,0.020833,0.104307,1455,1631,1402,4566
2,0.062499,0.104307,1416,1566,1341,4386
3,0.104165,0.104307,1377,1534,1305,4274
4,0.145831,0.104307,1267,1419,1210,3978
5,0.187497,0.104307,1358,1556,1318,4300
6,0.229163,0.104307,1255,1438,1219,3970
7,0.270829,0.104307,1140,1305,1140,3596
8,0.312495,0.104307,1127,1323,1136,3641
9,0.354161,0.104307,1146,1360,1172,3742
10,0.395827,0.104307,1124,1336,1160,3675
11,0.437493,0.104307,1158,1380,1214,3801
12,0.479159,0.104307,1189,1433,1273,3950
13,0.520825,0.104307,1131,1355,1221,3760
14,0.562491,0.104307,1101,1310,1181,3641
15,0.604157,0.104307,1055,1238,1124,3461
16,0.645823,0.104307,1074,1258,1146,3522
17,0.687489,0.104307,1111,1299,1184,3636
18,0.729155,0.104307,1115,1296,1180,3635
19,0.770821,0.104307,1223,1382,1258,3909
20,0.812487,0.104307,1334,1503,1356,4246
21,0.854153,0.104307,1352,1500,1344,4251
22,0.895819,0.104307,1420,1581,1400,4460
23,0.937485,0.104307,1473,1628,1436,4599
24,0.979151,0.104307,1430,1577,1380,4446
1,0.020833,0.062647,1492,1705,1468,4739
2,0.062499,0.062647,1457,1663,1433,4620
3,0.104165,0.062647,1492,1717,1481,4775
4,0.145831,0.062647,1408,1605,1384,4464
5,0.187497,0.062647,1237,1408,1231,3901
6,0.229163,0.062647,1175,1424,1239,4000
7,0.270829,0.062647,1328,1568,1355,4320
8,0.312495,0.062647,1215,1430,1294,4118
9,0.354161,0.062647,1281,1510,1316,4196
10,0.395827,0.062647,1212,1430,1251,3964
11,0.437493,0.062647,1230,1453,1276,4030
12,0.479159,0.062647,1248,1481,1305,4091
13,0.520825,0.062647,1248,1460,1294,4046
14,0.562491,0.062647,1357,1611,1433,4469
15,0.604157,0.062647,1257,1477,1324,4145
16,0.645823,0.062647,1313,1540,1376,4298
17,0.687489,0.062647,1303,1509,1346,4218
18,0.729155,0.062647,1262,1427,1275,4018
19,0.770821,0.062647,1316,1483,1314,4156
20,0.812487,0.062647,1304,1481,1318,4176
21,0.854153,0.062647,1411,1581,1376,4375
22,0.895819,0.062647,1361,1526,1340,4280
23,0.937485,0.062647,1219,1370,1208,3866
24,0.979151,0.062647,1319,1482,1303,4169
1,0.020833,0.020987,1425,1639,1435,4550
2,0.062499,0.020987,1316,1475,1304,4132
3,0.104165,0.020987,1451,1692,1475,4690
4,0.145831,0.020987,1351,1566,1369,4355
5,0.187497,0.020987,1288,1472,1282,4115
6,0.229163,0.020987,1299,1504,1322,4190
7,0.270829,0.020987,1278,1496,1303,4144
8,0.312495,0.020987,1279,1499,1311,4161
9,0.354161,0.020987,1400,1633,1423,1500
10,0.395827,0.020987,1326,1599,1402,4432
11,0.437493,0.020987,1373,1609,1413,1160
12,0.479159,0.020987,1390,1638,1441,1540
13,0.520825,0.020987,1350,1580,1395,4388
14,0.562491,0.020987,1327,1552,1373,4330
15,0.604157,0.020987,1294,1514,1349,4202
16,0.645823,0.020987,1294,1503,1333,4191
17,0.687489,0.020987,1322,1533,1355,4266
18,0.729155,0.020987,1252,1444,1291,4051
19,0.770821,0.020987,1321,1508,1346,4250
20,0.812487,0.020987,1392,1603,1416,4480
21,0.854153,0.020987,1405,1624,1432,4528
22,0.895819,0.020987,1347,1550,1371,4339
23,0.937485,0.020987,1266,1472,1296,4113
24,0.979151,0.020987,1228,1400,1235,3942