config_name,robot_type,series,analytical_avg_radius,analytical_std_radius,analytical_radius_error,analytical_est_center_x,analytical_est_center_y,analytical_center_error,analytical_std_x_est,analytical_std_y_est,analytical_rmse,nn_avg_radius,nn_std_radius,nn_radius_error,nn_est_center_x,nn_est_center_y,nn_center_error,nn_std_x_est,nn_std_y_est,nn_rmse,rbf_avg_radius,rbf_std_radius,rbf_radius_error,rbf_est_center_x,rbf_est_center_y,rbf_center_error,rbf_std_x_est,rbf_std_y_est,rbf_rmse,real_avg_radius,real_std_radius,real_radius_error,real_est_center_x,real_est_center_y,real_center_error,real_std_x_est,real_std_y_est,real_rmse,nn_vs_analytical_error,rbf_vs_analytical_error,analytical_vs_real_error,nn_vs_real_error,rbf_vs_real_error,std_x_across_modes,std_y_across_modes,desired_radius
orbit001,3-robot,0XX,0.155948,0.000003,0.145948,0.001776,-0.002724,0.003252,0.002507,0.002528,0.155948,0.160097,0.014721,0.150097,0.011391,-0.015582,0.019301,0.000229,0.000261,0.160773,0.094081,0.026314,0.084081,0.021782,-0.028317,0.035725,0.013545,0.012098,0.097692,0.274361,0.019522,0.264361,-0.006994,-0.008418,0.010944,0.144556,0.151715,0.275055,0.004149,-0.061867,-0.118413,-0.114264,-0.180280,0.008170,0.010448,0.010000
orbit010,3-robot,0XX,0.208803,0.000007,0.108803,0.002652,0.007494,0.007949,0.041927,0.041415,0.208803,0.208847,0.013212,0.108847,0.011812,-0.008398,0.014493,0.042290,0.042254,0.209265,0.224564,0.027719,0.124564,0.021740,-0.030483,0.037441,0.055400,0.055754,0.226268,0.292892,0.010732,0.192892,0.012319,0.008124,0.014756,0.167537,0.167105,0.293089,0.000044,0.015761,-0.084089,-0.084045,-0.068328,0.007795,0.015572,0.100000
orbit020,3-robot,0XX,0.280816,0.000012,0.080816,-0.000256,-0.013503,0.013506,0.107934,0.109963,0.280816,0.304165,0.014113,0.104165,-0.000211,-0.009341,0.009343,0.126458,0.134720,0.304493,0.293315,0.020789,0.093315,-0.010591,-0.018081,0.020954,0.122056,0.124195,0.294051,0.348840,0.014232,0.148840,0.017507,0.000743,0.017523,0.206411,0.211216,0.349130,0.023349,0.012499,-0.068024,-0.044675,-0.055525,0.004883,0.003569,0.200000
orbit030,3-robot,0XX,0.362561,0.000014,0.062561,-0.011498,0.021947,0.024777,0.183105,0.181769,0.362561,0.394045,0.018327,0.094045,0.018789,-0.001747,0.018870,0.203097,0.213513,0.394471,0.348344,0.025328,0.048344,-0.012183,0.010817,0.016292,0.176993,0.168897,0.349263,0.390706,0.012508,0.090706,0.036877,-0.002846,0.036987,0.237323,0.242953,0.390906,0.031483,-0.014218,-0.028145,0.003339,-0.042362,0.014442,0.009679,0.300000
orbit040,3-robot,0XX,0.450352,0.000015,0.050352,0.007812,0.039540,0.040304,0.251534,0.261471,0.450352,0.467475,0.025826,0.067475,0.038437,0.044707,0.058958,0.262280,0.273898,0.468187,0.476708,0.050990,0.076708,0.062116,0.085308,0.105526,0.262299,0.277680,0.479427,0.436909,0.017701,0.036909,0.044198,-0.018920,0.048077,0.289832,0.270041,0.437267,0.017123,0.026357,0.013443,0.030566,0.039799,0.022230,0.020466,0.400000
orbit050,3-robot,0XX,0.541843,0.000015,0.041843,-0.003396,0.010857,0.011376,0.337274,0.320691,0.541843,0.526647,0.038488,0.026647,0.029923,0.015036,0.033488,0.310933,0.322968,0.528051,0.556012,0.061412,0.056012,0.061981,0.029513,0.068649,0.335030,0.342205,0.559393,0.467997,0.023118,-0.032003,0.053414,0.037172,0.065076,0.305608,0.296524,0.468568,-0.015196,0.014169,0.073846,0.058650,0.088015,0.026692,0.007994,0.500000
orbit060,3-robot,0XX,0.635663,0.000014,0.035663,0.080735,-0.003103,0.080795,0.414507,0.390080,0.635663,0.581459,0.050472,-0.018541,0.044376,0.074049,0.086328,0.356763,0.358169,0.583646,0.631763,0.077218,0.031763,0.122582,0.058062,0.135638,0.382641,0.396062,0.636465,0.534593,0.037636,-0.065407,0.010285,0.002996,0.010712,0.335582,0.367836,0.535916,-0.054204,-0.003900,0.101071,0.046867,0.097171,0.031954,0.033249,0.600000
orbit070,3-robot,0XX,0.731010,0.000013,0.031010,0.005419,-0.056275,0.056535,0.482304,0.472519,0.731010,0.633212,0.060151,-0.066788,0.105848,0.064690,0.124051,0.402303,0.388363,0.636063,0.828808,0.010647,0.128808,-0.040921,0.827776,0.828787,0.000988,0.000665,0.828876,0.577242,0.038644,-0.122758,0.016368,-0.005774,0.017357,0.390493,0.368889,0.578534,-0.097797,0.097798,0.153768,0.055971,0.251566,0.061260,0.391362,0.700000
orbit101,4-robot-square,1XX,0.155948,0.000003,0.145948,0.001776,-0.002724,0.003252,0.002507,0.002528,0.155948,0.154697,0.016196,0.144697,0.010029,-0.021238,0.023487,0.002153,0.002207,0.155543,0.151109,0.025427,0.141109,0.030579,-0.023030,0.038281,0.006380,0.006565,0.153233,0.273839,0.010623,0.263839,0.004995,-0.009962,0.011144,0.149316,0.140426,0.274045,-0.001251,-0.004840,-0.117890,-0.119141,-0.122730,0.012111,0.009179,0.010000
orbit110,4-robot-square,1XX,0.208803,0.000007,0.108803,0.002652,0.007494,0.007949,0.041927,0.041415,0.208803,0.217705,0.016293,0.117705,0.019769,-0.020031,0.028144,0.048045,0.049808,0.218314,0.210399,0.026151,0.110399,0.009955,-0.024463,0.026411,0.049817,0.050996,0.212017,0.313292,0.019738,0.213292,0.005630,-0.036294,0.036728,0.180160,0.178730,0.313913,0.008902,0.001596,-0.104489,-0.095587,-0.102893,0.007013,0.014136,0.100000
orbit120,4-robot-square,1XX,0.280816,0.000012,0.080816,-0.000256,-0.013503,0.013506,0.107934,0.109963,0.280816,0.309184,0.014864,0.109184,0.009303,-0.004688,0.010418,0.132686,0.136752,0.309541,0.283508,0.030858,0.083508,0.000559,-0.053514,0.053517,0.116238,0.145594,0.285182,0.336913,0.025532,0.136913,-0.011587,-0.033653,0.035592,0.207156,0.191784,0.337879,0.028368,0.002692,-0.056097,-0.027729,-0.053405,0.004327,0.021246,0.200000
orbit130,4-robot-square,1XX,0.362561,0.000014,0.062561,-0.011498,0.021947,0.024777,0.183105,0.181769,0.362561,0.389925,0.022665,0.089925,0.029416,0.013479,0.032358,0.201394,0.207981,0.390583,0.333835,0.033022,0.033835,-0.002740,0.007434,0.007923,0.171295,0.171905,0.335464,0.409930,0.036543,0.109930,0.019224,-0.060332,0.063321,0.262416,0.251333,0.411555,0.027364,-0.028727,-0.047368,-0.020005,-0.076095,0.017590,0.005952,0.300000
orbit140,4-robot-square,1XX,0.450352,0.000015,0.050352,0.007812,0.039540,0.040304,0.251534,0.261471,0.450352,0.461297,0.035619,0.061297,0.040410,0.064950,0.076495,0.252385,0.269784,0.462670,0.439269,0.063700,0.039269,0.065300,0.052486,0.083778,0.246190,0.255664,0.443863,0.454189,0.041009,0.054189,0.023888,-0.085761,0.089025,0.294848,0.276944,0.456036,0.010946,-0.011083,-0.003837,0.007109,-0.014920,0.023539,0.010374,0.400000
orbit150,4-robot-square,1XX,0.541843,0.000015,0.041843,-0.003396,0.010857,0.011376,0.337274,0.320691,0.541843,0.518898,0.050590,0.018898,0.056285,0.032396,0.064942,0.298366,0.319732,0.521359,0.516731,0.086513,0.016731,0.097840,0.045844,0.108047,0.301776,0.320983,0.523923,0.462791,0.043785,-0.037209,0.070782,-0.064478,0.095747,0.309979,0.274778,0.464858,-0.022944,-0.025112,0.079052,0.056107,0.053940,0.041550,0.014410,0.500000
orbit160,4-robot-square,1XX,0.635663,0.000014,0.035663,0.080735,-0.003103,0.080795,0.414507,0.390080,0.635663,0.573020,0.062950,-0.026980,0.052406,0.083150,0.098287,0.350886,0.347979,0.576467,0.601121,0.088560,0.001121,0.134425,0.064843,0.149247,0.349382,0.394431,0.607609,0.498062,0.044063,-0.101938,0.082925,0.011725,0.083750,0.340991,0.302260,0.500008,-0.062643,-0.034542,0.137601,0.074958,0.103059,0.034013,0.037106,0.600000
orbit201,4-robot-advanced,2XX,0.060392,0.000854,0.050392,0.012214,0.059128,0.060377,0.000974,0.000944,0.060398,0.047138,0.006227,0.037138,0.007008,-0.041096,0.041689,0.003983,0.012882,0.047547,0.108794,0.031460,0.098794,0.006817,-0.005101,0.008515,0.047501,0.052458,0.113251,0.121473,0.006998,0.111473,-0.002032,-0.004878,0.005285,0.015539,0.014482,0.121674,-0.013254,0.048402,-0.061081,-0.074335,-0.012679,0.002500,0.041454,0.010000
orbit210,4-robot-advanced,2XX,0.111168,0.002629,0.011168,-0.091547,0.063067,0.111168,0.001763,0.001349,0.111199,0.114546,0.002796,0.014546,-0.067569,0.092392,0.114463,0.001735,0.004422,0.114580,0.131163,0.025610,0.031163,0.013815,0.021785,0.025796,0.059433,0.072857,0.133640,0.125738,0.009309,0.025738,-0.009741,-0.005223,0.011052,0.017984,0.017462,0.126082,0.003378,0.019995,-0.014570,-0.011192,0.005425,0.045092,0.028963,0.100000
orbit220,4-robot-advanced,2XX,0.202693,0.002256,0.002693,-0.011907,0.000474,0.011917,0.081770,0.082877,0.202705,0.225764,0.012412,0.025764,0.015133,0.003019,0.015431,0.099065,0.097757,0.226105,0.235076,0.034661,0.035076,0.026588,0.002110,0.026671,0.112774,0.103617,0.237617,0.329084,0.044781,0.129084,0.024271,0.005088,0.024799,0.201779,0.199844,0.332117,0.023072,0.032383,-0.126391,-0.103319,-0.094008,0.016139,0.001053,0.200000
orbit230,4-robot-advanced,2XX,0.347326,0.000373,0.047326,0.007009,0.002789,0.007544,0.179831,0.185976,0.347326,0.387031,0.026390,0.087031,0.012617,-0.013035,0.018141,0.213673,0.210548,0.387930,0.369877,0.033652,0.069877,0.025408,-0.011503,0.027891,0.208455,0.194354,0.371405,0.438714,0.038969,0.138714,0.002265,-0.016273,0.016430,0.286099,0.286720,0.440441,0.039705,0.022551,-0.091388,-0.051683,-0.068837,0.007700,0.007126,0.300000
orbit233,4-robot-advanced,2XX,0.379235,0.000300,0.049235,-0.008741,0.004607,0.009881,0.204677,0.205755,0.379235,0.424584,0.025871,0.094584,0.022818,0.017265,0.028613,0.234028,0.244121,0.425372,0.395971,0.031513,0.065971,0.023917,0.006434,0.024767,0.227136,0.214180,0.397223,0.479745,0.087133,0.149745,0.158260,0.018523,0.159340,0.311983,0.284267,0.487594,0.045350,0.016737,-0.100511,-0.055161,-0.083774,0.015143,0.005586,0.330000
orbit240,4-robot-advanced,2XX,0.449845,0.000216,0.049845,0.022806,0.033498,0.040525,0.254980,0.258434,0.449845,0.488110,0.025964,0.088110,0.065856,-0.011789,0.066903,0.280833,0.290905,0.488800,0.462861,0.046252,0.062861,0.086443,0.000141,0.086443,0.280251,0.253341,0.465166,0.510268,0.054555,0.110268,0.036011,-0.008870,0.037087,0.353515,0.321484,0.513176,0.038265,0.013016,-0.060423,-0.022158,-0.047408,0.026514,0.019166,0.400000
orbit250,4-robot-advanced,2XX,0.541836,0.000042,0.041836,-0.000782,0.011352,0.011379,0.338732,0.319147,0.541836,0.551656,0.029665,0.051656,0.036487,0.022572,0.042905,0.340769,0.332363,0.552453,0.543677,0.074554,0.043677,0.090717,0.039355,0.098886,0.361270,0.303961,0.548765,0.592154,0.057448,0.092154,0.118845,0.020751,0.120643,0.378995,0.393656,0.594934,0.009820,0.001842,-0.050318,-0.040498,-0.048476,0.037568,0.011507,0.500000
