<?xml version="1.0" encoding="UTF-8"?>
<sltp_graph version="1.1" packageUris="http://schema.mathworks.com/mf0/sltp_mm/R2019b_201903251320">
  <sltp.mm.core.Context type="sltp.mm.core.Context" uuid="b94d2687-eef0-457b-90e6-d655aadfa4e8">
    <editorState type="sltp.mm.core.EditorState" uuid="f85acec4-0773-488e-b871-820c9bb3464a"/>
    <rootTask type="sltp.mm.core.Task" uuid="d4358a26-7ea1-4e2f-a352-8445880481e1">
      <context type="sltp.mm.core.Context" uuid="b94d2687-eef0-457b-90e6-d655aadfa4e8"/>
      <explicit>false</explicit>
      <name>Default</name>
      <priority>-2147483648</priority>
      <subgraph type="sltp.mm.core.Graph" uuid="76a4b2bc-8a57-4a18-854e-1e4085f9c09d"/>
    </rootTask>
  </sltp.mm.core.Context>
</sltp_graph>