<?xml version="1.0" encoding="UTF-8"?>
<sltp_editor version="1.1" packageUris="http://schema.mathworks.com/mf0/DiagramEditor/R2019a_20181107 http://schema.mathworks.com/mf0/SltpSyntax/R2019b_201903011129">
  <diagram.editor.model.Diagram type="diagram.editor.model.Diagram" uuid="b3e3b8ad-534c-42f6-b572-b2e45d88d0bf">
    <position>0,0</position>
    <size>0,0,0,0</size>
    <syntaxElement type="sltp.mm.syntax.Graph" uuid="51384859-121d-4040-be0b-2aa110454a66"/>
    <title>Default</title>
    <type>graph.Graph</type>
  </diagram.editor.model.Diagram>
  <sltp.mm.syntax.Context type="sltp.mm.syntax.Context" uuid="df050174-6340-46a9-8fbc-07843f46450f">
    <rootGraph type="sltp.mm.syntax.Graph" uuid="51384859-121d-4040-be0b-2aa110454a66">
      <priorityDirection>HighNumberFirst</priorityDirection>
      <title>Default</title>
      <diagramElement type="diagram.editor.model.Diagram" uuid="b3e3b8ad-534c-42f6-b572-b2e45d88d0bf"/>
    </rootGraph>
  </sltp.mm.syntax.Context>
</sltp_editor>