<?xml version="1.0" encoding="UTF-8"?>
<sltp_graph version="1.1" packageUris="http://schema.mathworks.com/mf0/sltp_mm/R2019b_201903251320">
  <sltp.mm.core.Context type="sltp.mm.core.Context" uuid="5c95e59f-ebc5-4547-adcd-ab6b279fbfc2">
    <editorState type="sltp.mm.core.EditorState" uuid="4f10ee1a-93d8-46a9-84ac-9398a8991815"/>
    <rootTask type="sltp.mm.core.Task" uuid="57f99401-2293-4d39-805f-949a7a3d16fc">
      <context type="sltp.mm.core.Context" uuid="5c95e59f-ebc5-4547-adcd-ab6b279fbfc2"/>
      <explicit>false</explicit>
      <name>Default</name>
      <priority>-2147483648</priority>
      <subgraph type="sltp.mm.core.Graph" uuid="59229f40-b614-426b-a334-457f52f20fd1"/>
    </rootTask>
  </sltp.mm.core.Context>
</sltp_graph>