0.0208,0.9792,900,268,273,1359
0.0625,0.9792,954,343,291,1512
0.1042,0.9792,1167,695,478,2283
0.1458,0.9792,1260,1046,547,2811
0.1875,0.9792,1205,1261,536,3007
0.2292,0.9792,526,825,424,1769
0.2708,0.9792,495,786,401,1676
0.3125,0.9792,387,685,372,1437
0.3542,0.9792,355,684,419,1447
0.3958,0.9792,373,726,509,1595
0.4375,0.9792,409,823,733,1946
0.4792,0.9792,462,930,965,2336
0.5208,0.9792,244,480,617,1324
0.5625,0.9792,297,644,902,1821
0.6042,0.9792,302,641,903,1820
0.6458,0.9792,204,478,744,1404
0.6875,0.9792,212,428,677,1297
0.7292,0.9792,330,458,656,1423
0.7708,0.9792,524,525,691,1708
0.8125,0.9792,717,595,742,2011
0.8542,0.9792,914,588,712,2156
0.8958,0.9792,946,380,468,1719
0.9375,0.9792,912,299,331,1461
0.9792,0.9792,908,306,338,1472
0.0208,0.9375,855,267,270,1317
0.0625,0.9375,871,347,295,1448
0.1042,0.9375,1104,663,459,2172
0.1458,0.9375,1207,996,527,2707
0.1875,0.9375,930,944,413,2284
0.2292,0.9375,841,1043,493,2375
0.2708,0.9375,506,778,407,1685
0.3125,0.9375,298,542,330,1161
0.3542,0.9375,354,652,424,1418
0.3958,0.9375,373,711,620,1688
0.4375,0.9375,439,864,895,2177
0.4792,0.9375,430,897,1080,2380
0.5208,0.9375,418,853,1083,2327
0.5625,0.9375,305,618,842,1743
0.6042,0.9375,202,442,668,1294
0.6458,0.9375,204,395,615,1194
0.6875,0.9375,204,396,617,1197
0.7292,0.9375,305,386,543,1212
0.7708,0.9375,487,472,613,1542
0.8125,0.9375,875,574,692,2085
0.8542,0.9375,908,585,706,2142
0.8958,0.9375,894,438,545,1808
0.9375,0.9375,906,362,431,1625
0.9792,0.9375,813,277,303,1323
0.0208,0.8958,837,281,279,1328
0.0625,0.8958,835,354,299,1429
0.1042,0.8958,1102,686,467,2204
0.1458,0.8958,1237,831,527,2543
0.1875,0.8958,1096,1135,497,2729
0.2292,0.8958,808,994,478,2277
0.2708,0.8958,584,892,474,1944
0.3125,0.8958,389,685,389,1448
0.3542,0.8958,322,592,367,1270
0.3958,0.8958,327,600,429,1344
0.4375,0.8958,339,626,546,1497
0.4792,0.8958,379,731,762,1852
0.5208,0.8958,473,998,1196,2639
0.5625,0.8958,448,903,1137,2460
0.6042,0.8958,315,607,824,1722
0.6458,0.8958,196,409,611,1197
0.6875,0.8958,240,453,691,1362
0.7292,0.8958,361,488,680,1505
0.7708,0.8958,495,482,620,1567
0.8125,0.8958,688,570,701,1918
0.8542,0.8958,793,521,625,1889
0.8958,0.8958,797,400,493,1632
0.9375,0.8958,943,395,467,1729
0.9792,0.8958,869,312,338,1446
0.0208,0.8542,880,312,302,1422
0.0625,0.8542,994,464,381,1774
0.1042,0.8542,1114,728,486,2280
0.1458,0.8542,1229,1044,548,2802
0.1875,0.8542,947,973,440,2358
0.2292,0.8542,788,961,475,2219
0.2708,0.8542,580,901,486,1963
0.3125,0.8542,428,757,443,1620
0.3542,0.8542,374,684,434,1493
0.3958,0.8542,354,647,475,1463
0.4375,0.8542,370,698,618,1671
0.4792,0.8542,370,713,750,1814
0.5208,0.8542,386,783,939,2085
0.5625,0.8542,352,670,834,1833
0.6042,0.8542,328,615,821,1741
0.6458,0.8542,224,459,677,1339
0.6875,0.8542,243,444,671,1336
0.7292,0.8542,303,396,551,1230
0.7708,0.8542,476,451,572,1471
0.8125,0.8542,724,599,730,2010
0.8542,0.8542,955,643,769,2307
0.8958,0.8542,855,441,538,1772
0.9375,0.8542,810,329,370,1446
0.9792,0.8542,814,303,325,1375
0.0208,0.8125,813,311,296,1357
0.0625,0.8125,957,466,379,1742
0.1042,0.8125,1200,811,542,2504
0.1458,0.8125,1293,1119,588,2981
0.1875,0.8125,1071,1107,507,2685
0.2292,0.8125,812,995,497,2305
0.2708,0.8125,664,998,543,2191
0.3125,0.8125,434,738,433,1596
0.3542,0.8125,394,737,473,1592
0.3958,0.8125,410,765,554,1717
0.4375,0.8125,389,726,648,1749
0.4792,0.8125,406,780,817,1983
0.5208,0.8125,383,764,912,2038
0.5625,0.8125,378,710,878,1943
0.6042,0.8125,351,645,846,1818
0.6458,0.8125,226,435,626,1267
0.6875,0.8125,253,441,651,1323
0.7292,0.8125,368,487,666,1498
0.7708,0.8125,501,479,602,1552
0.8125,0.8125,721,601,729,2009
0.8542,0.8125,901,609,724,2179
0.8958,0.8125,837,444,536,1758
0.9375,0.8125,905,409,471,1716
0.9792,0.8125,842,327,352,1454
0.0208,0.7708,802,320,301,1362
0.0625,0.7708,959,488,397,1786
0.1042,0.7708,1198,846,565,2564
0.1458,0.7708,1256,1104,589,2930
0.1875,0.7708,1030,1040,505,2601
0.2292,0.7708,843,1016,517,2370
0.2708,0.7708,634,927,514,2069
0.3125,0.7708,420,711,424,1546
0.3542,0.7708,329,586,383,1288
0.3958,0.7708,400,743,661,1788
0.4375,0.7708,401,753,671,1809
0.4792,0.7708,432,826,859,2097
0.5208,0.7708,500,1025,1211,2709
0.5625,0.7708,403,745,908,2034
0.6042,0.7708,397,721,932,2025
0.6458,0.7708,269,504,708,1460
0.6875,0.7708,279,481,697,1435
0.7292,0.7708,421,568,758,1729
0.7708,0.7708,523,505,627,1624
0.8125,0.7708,704,592,710,1966
0.8542,0.7708,854,575,679,2055
0.8958,0.7708,801,440,524,1710
0.9375,0.7708,958,457,513,1858
0.9792,0.7708,957,407,433,1723
0.0208,0.7292,917,368,347,1563
0.0625,0.7292,933,476,387,1739
0.1042,0.7292,1080,762,511,2313
0.1458,0.7292,1291,1139,608,3018
0.1875,0.7292,1013,1048,497,2556
0.2292,0.7292,767,969,508,2242
0.2708,0.7292,581,851,473,1900
0.3125,0.7292,388,642,385,1407
0.3542,0.7292,379,687,452,1507
0.3958,0.7292,436,801,593,1819
0.4375,0.7292,403,757,679,1823
0.4792,0.7292,432,823,858,2093
0.5208,0.7292,449,878,1058,2378
0.5625,0.7292,432,815,989,2221
0.6042,0.7292,327,581,751,1637
0.6458,0.7292,260,478,670,1387
0.6875,0.7292,293,505,731,1506
0.7292,0.7292,484,472,595,1523
0.7708,0.7292,579,552,686,1784
0.8125,0.7292,714,597,717,1988
0.8542,0.7292,921,627,740,2232
0.8958,0.7292,854,473,564,1832
0.9375,0.7292,802,380,430,1553
0.9792,0.7292,800,336,358,1432
0.0208,0.6875,820,382,353,1498
0.0625,0.6875,983,574,459,1961
0.1042,0.6875,1340,1145,678,3129
0.1458,0.6875,1101,1154,579,2832
0.1875,0.6875,1056,1111,565,2730
0.2292,0.6875,817,993,537,2342
0.2708,0.6875,531,816,484,1827
0.3125,0.6875,386,618,385,1380
0.3542,0.6875,365,635,429,1418
0.3958,0.6875,415,728,551,1682
0.4375,0.6875,379,667,608,1640
0.4792,0.6875,498,925,978,2379
0.5208,0.6875,580,1085,1250,2890
0.5625,0.6875,478,809,1001,2263
0.6042,0.6875,434,722,890,2023
0.6458,0.6875,319,493,663,1462
0.6875,0.6875,417,521,671,1586
0.7292,0.6875,388,477,614,1456
0.7708,0.6875,554,532,648,1702
0.8125,0.6875,841,723,853,2373
0.8542,0.6875,937,650,762,2295
0.8958,0.6875,862,506,590,1901
0.9375,0.6875,823,421,468,1656
0.9792,0.6875,830,407,420,1601
0.0208,0.6458,839,423,392,1601
0.0625,0.6458,939,567,456,1913
0.1042,0.6458,1118,868,584,2534
0.1458,0.6458,1350,1265,738,3336
0.1875,0.6458,1119,1185,619,2920
0.2292,0.6458,870,1052,576,2492
0.2708,0.6458,720,1017,597,2327
0.3125,0.6458,452,716,457,1616
0.3542,0.6458,379,642,441,1450
0.3958,0.6458,454,790,600,1830
0.4375,0.6458,401,704,643,1733
0.4792,0.6458,462,843,884,2168
0.5208,0.6458,537,1009,1162,2682
0.5625,0.6458,570,1040,1228,2812
0.6042,0.6458,464,779,958,2176
0.6458,0.6458,332,555,723,1588
0.6875,0.6458,340,532,712,1561
0.7292,0.6458,504,626,791,1894
0.7708,0.6458,627,616,740,1950
0.8125,0.6458,717,606,707,1992
0.8542,0.6458,1015,728,843,2529
0.8958,0.6458,931,578,662,2114
0.9375,0.6458,925,511,557,1932
0.9792,0.6458,817,411,422,1594
0.0208,0.6042,1117,609,565,2222
0.0625,0.6042,1209,795,638,2585
0.1042,0.6042,1188,958,660,2771
0.1458,0.6042,1355,1293,779,3411
0.1875,0.6042,998,1055,581,2629
0.2292,0.6042,831,989,567,2380
0.2708,0.6042,813,1128,684,2619
0.3125,0.6042,484,745,482,1703
0.3542,0.6042,379,623,431,1423
0.3958,0.6042,455,776,600,1818
0.4375,0.6042,416,713,653,1768
0.4792,0.6042,452,803,864,2097
0.5208,0.6042,542,991,1127,2635
0.5625,0.6042,592,1040,1196,2796
0.6042,0.6042,499,814,979,2267
0.6458,0.6042,348,548,692,1567
0.6875,0.6042,356,530,687,1550
0.7292,0.6042,543,672,827,2013
0.7708,0.6042,761,764,903,2389
0.8125,0.6042,711,607,700,1981
0.8542,0.6042,769,557,635,1917
0.8958,0.6042,814,520,587,1871
0.9375,0.6042,854,487,525,1813
0.9792,0.6042,916,490,496,1843
0.0208,0.5625,922,522,483,1872
0.0625,0.5625,900,605,490,1953
0.1042,0.5625,1279,1055,732,3029
0.1458,0.5625,1297,1236,755,3271
0.1875,0.5625,1156,1252,707,3113
0.2292,0.5625,884,1071,635,2584
0.2708,0.5625,679,907,560,2138
0.3125,0.5625,567,853,556,1967
0.3542,0.5625,414,669,473,1546
0.3958,0.5625,425,704,559,1675
0.4375,0.5625,427,716,656,1784
0.4792,0.5625,484,844,878,2186
0.5208,0.5625,564,1003,1128,2669
0.5625,0.5625,590,996,1137,2698
0.6042,0.5625,558,899,1062,2494
0.6458,0.5625,395,611,755,1738
0.6875,0.5625,383,560,710,1631
0.7292,0.5625,472,553,665,1665
0.7708,0.5625,597,581,669,1817
0.8125,0.5625,785,691,780,2218
0.8542,0.5625,910,653,734,2249
0.8958,0.5625,865,565,627,2008
0.9375,0.5625,917,543,571,1976
0.9792,0.5625,944,528,530,1943
0.0208,0.5208,983,597,550,2076
0.0625,0.5208,1023,734,598,2311
0.1042,0.5208,1192,1015,713,2889
0.1458,0.5208,1234,1202,760,3182
0.1875,0.5208,1043,1119,655,2812
0.2292,0.5208,1021,1237,746,2998
0.2708,0.5208,885,1206,752,2837
0.3125,0.5208,544,785,527,1847
0.3542,0.5208,482,762,547,1779
0.3958,0.5208,520,863,691,2060
0.4375,0.5208,493,809,747,2033
0.4792,0.5208,525,890,920,2315
0.5208,0.5208,554,933,1032,2496
0.5625,0.5208,614,988,1107,2685
0.6042,0.5208,557,851,984,2367
0.6458,0.5208,439,651,782,1849
0.6875,0.5208,469,669,820,1933
0.7292,0.5208,537,632,741,1884
0.7708,0.5208,737,757,863,2323
0.8125,0.5208,934,854,951,2696
0.8542,0.5208,989,772,856,2567
0.8958,0.5208,915,632,694,2191
0.9375,0.5208,982,622,653,2200
0.9792,0.5208,1043,626,624,2231
0.0208,0.4792,1016,654,597,2214
0.0625,0.4792,1111,846,691,2604
0.1042,0.4792,1342,1174,847,3330
0.1458,0.4792,1273,1266,820,3348
0.1875,0.4792,1074,1166,704,2939
0.2292,0.4792,1013,1204,745,2954
0.2708,0.4792,887,1186,763,2829
0.3125,0.4792,581,820,561,1953
0.3542,0.4792,484,738,548,1759
0.3958,0.4792,647,1040,945,2614
0.4375,0.4792,523,858,860,2222
0.4792,0.4792,576,943,982,2479
0.5208,0.4792,672,1086,1177,2910
0.5625,0.4792,667,1035,1136,2813
0.6042,0.4792,641,956,1077,2650
0.6458,0.4792,485,687,805,1952
0.6875,0.4792,564,766,909,2212
0.7292,0.4792,593,698,798,2063
0.7708,0.4792,615,626,699,1912
0.8125,0.4792,847,784,855,2448
0.8542,0.4792,866,694,753,2272
0.8958,0.4792,862,625,667,2109
0.9375,0.4792,976,652,675,2249
0.9792,0.4792,1154,743,731,2565
0.0208,0.4375,1057,726,656,2387
0.0625,0.4375,1126,897,731,2709
0.1042,0.4375,1392,1284,944,3590
0.1458,0.4375,1300,1365,874,3528
0.1875,0.4375,923,1076,690,2681
0.2292,0.4375,915,1212,816,2934
0.2708,0.4375,764,1094,758,2608
0.3125,0.4375,576,873,661,2099
0.3542,0.4375,697,1081,846,2608
0.3958,0.4375,754,1204,1078,3018
0.4375,0.4375,739,1206,1195,3118
0.4792,0.4375,787,1307,1318,3392
0.5208,0.4375,820,1340,1435,3571
0.5625,0.4375,649,970,1064,2662
0.6042,0.4375,519,717,820,2033
0.6458,0.4375,541,704,811,2031
0.6875,0.4375,693,819,921,2403
0.7292,0.4375,723,751,825,2268
0.7708,0.4375,797,794,863,2418
0.8125,0.4375,893,837,898,2591
0.8542,0.4375,956,801,849,2564
0.8958,0.4375,856,650,676,2141
0.9375,0.4375,1216,875,833,2866
0.9792,0.4375,1203,843,810,2798
0.0208,0.3958,1101,824,732,2610
0.0625,0.3958,1176,991,814,2942
0.1042,0.3958,1354,1276,956,3557
0.1458,0.3958,1175,1199,837,3197
0.1875,0.3958,1056,1158,766,2972
0.2292,0.3958,1077,1275,843,3186
0.2708,0.3958,1022,1360,934,3310
0.3125,0.3958,770,1080,785,2626
0.3542,0.3958,636,940,718,2281
0.3958,0.3958,664,1005,841,2496
0.4375,0.3958,645,981,897,2506
0.4792,0.3958,706,1116,1106,2908
0.5208,0.3958,716,1104,1160,2956
0.5625,0.3958,857,1307,1390,3528
0.6042,0.3958,698,999,1087,2760
0.6458,0.3958,536,719,802,2035
0.6875,0.3958,568,723,813,2078
0.7292,0.3958,654,763,838,2228
0.7708,0.3958,793,800,855,2414
0.8125,0.3958,802,759,802,2331
0.8542,0.3958,1045,912,951,2864
0.8958,0.3958,908,729,744,2340
0.9375,0.3958,1075,819,809,2653
0.9792,0.3958,1202,884,840,2871
0.0208,0.3542,999,783,690,2433
0.0625,0.3542,1076,914,765,2730
0.1042,0.3542,1400,1371,1045,3790
0.1458,0.3542,1437,1527,1082,4035
0.1875,0.3542,1063,1178,814,3046
0.2292,0.3542,1129,1363,954,3438
0.2708,0.3542,953,1239,889,3073
0.3125,0.3542,615,856,659,2119
0.3542,0.3542,705,1018,836,2544
0.3958,0.3542,712,1039,885,2621
0.4375,0.3542,630,922,846,2382
0.4792,0.3542,653,970,964,2567
0.5208,0.3542,658,941,985,2564
0.5625,0.3542,744,1058,1123,2902
0.6042,0.3542,657,908,974,2517
0.6458,0.3542,604,796,868,2244
0.6875,0.3542,618,774,849,2216
0.7292,0.3542,796,928,999,2693
0.7708,0.3542,834,885,935,2622
0.8125,0.3542,985,970,1012,2931
0.8542,0.3542,860,768,788,2382
0.8958,0.3542,967,808,808,2542
0.9375,0.3542,1219,995,959,3124
0.9792,0.3542,1275,1011,935,3170
0.0208,0.3125,1182,1004,875,3020
0.0625,0.3125,1280,1163,964,3371
0.1042,0.3125,1434,1552,1138,4112
0.1458,0.3125,1281,1446,1024,3745
0.1875,0.3125,1106,1311,944,3350
0.2292,0.3125,1124,1470,1086,3672
0.2708,0.3125,847,1153,876,2866
0.3125,0.3125,681,944,748,2360
0.3542,0.3125,698,971,824,2479
0.3958,0.3125,678,963,882,2507
0.4375,0.3125,742,1075,1046,2843
0.4792,0.3125,737,1073,1091,2880
0.5208,0.3125,938,1373,1416,3706
0.5625,0.3125,777,1064,1117,2933
0.6042,0.3125,653,856,918,2404
0.6458,0.3125,642,801,862,2282
0.6875,0.3125,614,754,813,2157
0.7292,0.3125,739,791,826,2328
0.7708,0.3125,864,913,947,2693
0.8125,0.3125,878,859,878,2582
0.8542,0.3125,913,819,817,2515
0.8958,0.3125,929,781,748,2422
0.9375,0.3125,1176,963,882,2976
0.9792,0.3125,1269,1052,963,3236
0.0208,0.2708,1120,990,862,2936
0.0625,0.2708,1267,1225,1011,3471
0.1042,0.2708,1438,1506,1179,4102
0.1458,0.2708,1180,1277,964,3408
0.1875,0.2708,1076,1212,907,3184
0.2292,0.2708,1156,1385,1037,3568
0.2708,0.2708,1138,1457,1117,3704
0.3125,0.2708,825,1080,857,2752
0.3542,0.2708,704,949,778,2418
0.3958,0.2708,806,1115,960,2868
0.4375,0.2708,737,1028,945,2695
0.4792,0.2708,733,1037,1001,2752
0.5208,0.2708,835,1197,1188,3200
0.5625,0.2708,811,1133,1144,3069
0.6042,0.2708,704,934,962,2579
0.6458,0.2708,693,883,922,2474
0.6875,0.2708,835,1042,1096,2946
0.7292,0.2708,908,1062,1097,3039
0.7708,0.2708,914,981,997,2862
0.8125,0.2708,1011,978,975,2930
0.8542,0.2708,1004,938,920,2829
0.8958,0.2708,958,859,814,2599
0.9375,0.2708,1237,1082,980,3258
0.9792,0.2708,1331,1177,1066,3530
0.0208,0.2292,1349,1268,1109,3690
0.0625,0.2292,1217,1191,1005,3385
0.1042,0.2292,1453,1542,1241,4216
0.1458,0.2292,1263,1384,1079,3713
0.1875,0.2292,1116,1264,971,3339
0.2292,0.2292,1191,1415,1095,3690
0.2708,0.2292,1260,1601,1257,4110
0.3125,0.2292,958,1254,1018,3219
0.3542,0.2292,833,1108,925,2851
0.3958,0.2292,941,1286,1112,3325
0.4375,0.2292,859,1177,1072,3092
0.4792,0.2292,925,1297,1226,3430
0.5208,0.2292,973,1374,1340,3667
0.5625,0.2292,838,1153,1149,3122
0.6042,0.2292,788,1034,1040,2841
0.6458,0.2292,806,1026,1049,2856
0.6875,0.2292,1082,1374,1403,3830
0.7292,0.2292,1069,1278,1291,3609
0.7708,0.2292,946,1027,1026,2970
0.8125,0.2292,1050,1092,1085,3196
0.8542,0.2292,1081,1072,1047,3167
0.8958,0.2292,1083,1037,994,3080
0.9375,0.2292,1087,1006,938,2996
0.9792,0.2292,1330,1245,1123,3659
0.0208,0.1875,1333,1310,1149,3759
0.0625,0.1875,1177,1204,1027,3383
0.1042,0.1875,1415,1542,1260,4199
0.1458,0.1875,1266,1419,1145,3819
0.1875,0.1875,1190,1363,1088,3630
0.2292,0.1875,1106,1297,1041,3432
0.2708,0.1875,1186,1461,1180,3818
0.3125,0.1875,986,1248,1025,3247
0.3542,0.1875,917,1199,1016,3117
0.3958,0.1875,914,1196,1041,3136
0.4375,0.1875,831,1092,988,2895
0.4792,0.1875,843,1115,1033,2974
0.5208,0.1875,797,1065,1023,2867
0.5625,0.1875,816,1091,1068,2956
0.6042,0.1875,880,1131,1116,3106
0.6458,0.1875,842,1059,1057,2936
0.6875,0.1875,862,1050,1053,2940
0.7292,0.1875,823,950,936,2686
0.7708,0.1875,938,1040,1021,2973
0.8125,0.1875,1282,1400,1361,4013
0.8542,0.1875,1248,1301,1250,3767
0.8958,0.1875,1048,1040,983,3041
0.9375,0.1875,1220,1189,1076,3453
0.9792,0.1875,1357,1340,1211,3874
0.0208,0.1458,,,,
0.0625,0.1458,,,,
0.1042,0.1458,,,,
0.1458,0.1458,,,,
0.1875,0.1458,,,,
0.2292,0.1458,,,,
0.2708,0.1458,,,,
0.3125,0.1458,,,,
0.3542,0.1458,,,,
0.3958,0.1458,,,,
0.4375,0.1458,,,,
0.4792,0.1458,,,,
0.5208,0.1458,,,,
0.5625,0.1458,,,,
0.6042,0.1458,,,,
0.6458,0.1458,,,,
0.6875,0.1458,,,,
0.7292,0.1458,,,,
0.7708,0.1458,,,,
0.8125,0.1458,,,,
0.8542,0.1458,,,,
0.8958,0.1458,,,,
0.9375,0.1458,,,,
0.9792,0.1458,,,,
0.0208,0.1042,,,,
0.0625,0.1042,,,,
0.1042,0.1042,,,,
0.1458,0.1042,,,,
0.1875,0.1042,,,,
0.2292,0.1042,,,,
0.2708,0.1042,,,,
0.3125,0.1042,,,,
0.3542,0.1042,,,,
0.3958,0.1042,,,,
0.4375,0.1042,,,,
0.4792,0.1042,,,,
0.5208,0.1042,,,,
0.5625,0.1042,,,,
0.6042,0.1042,,,,
0.6458,0.1042,,,,
0.6875,0.1042,,,,
0.7292,0.1042,,,,
0.7708,0.1042,,,,
0.8125,0.1042,,,,
0.8542,0.1042,,,,
0.8958,0.1042,,,,
0.9375,0.1042,,,,
0.9792,0.1042,,,,
0.0208,0.0625,,,,
0.0625,0.0625,,,,
0.1042,0.0625,,,,
0.1458,0.0625,,,,
0.1875,0.0625,,,,
0.2292,0.0625,,,,
0.2708,0.0625,,,,
0.3125,0.0625,,,,
0.3542,0.0625,,,,
0.3958,0.0625,,,,
0.4375,0.0625,,,,
0.4792,0.0625,,,,
0.5208,0.0625,,,,
0.5625,0.0625,,,,
0.6042,0.0625,,,,
0.6458,0.0625,,,,
0.6875,0.0625,,,,
0.7292,0.0625,,,,
0.7708,0.0625,,,,
0.8125,0.0625,,,,
0.8542,0.0625,,,,
0.8958,0.0625,,,,
0.9375,0.0625,,,,
0.9792,0.0625,,,,
0.0208,0.0208,,,,
0.0625,0.0208,,,,
0.1042,0.0208,,,,
0.1458,0.0208,,,,
0.1875,0.0208,,,,
0.2292,0.0208,,,,
0.2708,0.0208,,,,
0.3125,0.0208,,,,
0.3542,0.0208,,,,
0.3958,0.0208,,,,
0.4375,0.0208,,,,
0.4792,0.0208,,,,
0.5208,0.0208,,,,
0.5625,0.0208,,,,
0.6042,0.0208,,,,
0.6458,0.0208,,,,
0.6875,0.0208,,,,
0.7292,0.0208,,,,
0.7708,0.0208,,,,
0.8125,0.0208,,,,
0.8542,0.0208,,,,
0.8958,0.0208,,,,
0.9375,0.0208,,,,
0.9792,0.0208,,,,