0.05,0.95,840,289,261,1321
0.15,0.95,1198,1012,502,2693
0.25,0.95,568,780,383,1725
0.35,0.95,278,518,309,1095
0.45,0.95,348,669,620,1620
0.55,0.95,169,376,574,1102
0.65,0.95,326,373,516,1192
0.75,0.95,816,552,664,1981
0.85,0.95,882,329,390,1526
0.95,0.95,902,335,398,1558
0.05,0.85,913,379,332,1558
0.15,0.85,1190,1019,501,2692
0.25,0.85,752,1038,531,2317
0.35,0.85,302,551,342,1184
0.45,0.85,337,628,593,1550
0.55,0.85,375,725,918,2007
0.65,0.85,198,407,610,1196
0.75,0.85,374,422,567,1338
0.85,0.85,738,336,393,1412
0.95,0.85,893,368,423,1613
0.05,0.75,882,428,367,1619
0.15,0.75,1041,924,482,2431
0.25,0.75,692,917,494,2097
0.35,0.75,405,738,479,1611
0.45,0.75,413,776,909,2074
0.55,0.75,410,763,929,2078
0.65,0.75,251,460,653,1343
0.75,0.75,437,471,605,1487
0.85,0.75,772,523,613,1860
0.95,0.75,882,404,451,1671
0.05,0.65,1045,584,499,2066
0.15,0.65,1200,1137,633,2956
0.25,0.65,802,1048,597,2441
0.35,0.65,484,843,575,1889
0.45,0.65,548,1010,1192,2723
0.55,0.65,468,832,1002,2281
0.65,0.65,331,547,725,1581
0.75,0.65,605,655,809,2037
0.85,0.65,884,460,496,1779
0.95,0.65,979,516,555,1983
0.05,0.55,1171,763,652,2527
0.15,0.55,1217,1165,709,3076
0.25,0.55,863,1128,687,2673
0.35,0.55,588,1029,950,2549
0.45,0.55,608,1083,1032,2704
0.55,0.55,653,1124,1280,3032
0.65,0.55,381,585,727,1672
0.75,0.55,645,709,832,2155
0.85,0.55,962,731,819,2461
0.95,0.55,956,569,592,2058
0.05,0.45,1224,926,777,2878
0.15,0.45,1305,1305,849,3445
0.25,0.45,955,1212,784,2944
0.35,0.45,609,934,691,2223
0.45,0.45,583,921,878,2365
0.55,0.45,637,973,1062,2648
0.65,0.45,564,805,938,2282
0.75,0.45,712,781,872,2335
0.85,0.45,1018,846,906,2724
0.95,0.45,1004,677,681,2308
0.05,0.35,1249,1066,896,3171
0.15,0.35,1326,1395,985,3694
0.25,0.35,1170,1480,1044,3689
0.35,0.35,841,1253,977,3060
0.45,0.35,869,1341,1283,3475
0.55,0.35,853,1277,1340,3447
0.65,0.35,776,1050,1147,2946
0.75,0.35,1158,1067,1095,3277
0.85,0.35,1153,930,896,2931
0.95,0.35,1127,891,855,2824
0.05,0.25,,,,
0.15,0.25,,,,
0.25,0.25,,,,
0.35,0.25,,,,
0.45,0.25,,,,
0.55,0.25,,,,
0.65,0.25,,,,
0.75,0.25,,,,
0.85,0.25,,,,
0.95,0.25,,,,
0.05,0.15,,,,
0.15,0.15,,,,
0.25,0.15,,,,
0.35,0.15,,,,
0.45,0.15,,,,
0.55,0.15,,,,
0.65,0.15,,,,
0.75,0.15,,,,
0.85,0.15,,,,
0.95,0.15,,,,
0.05,0.05,,,,
0.15,0.05,,,,
0.25,0.05,,,,
0.35,0.05,,,,
0.45,0.05,,,,
0.55,0.05,,,,
0.65,0.05,,,,
0.75,0.05,,,,
0.85,0.05,,,,
0.95,0.05,,,,