<?xml version="1.0" encoding="UTF-8"?>
<sltp_graph version="1.1" packageUris="http://schema.mathworks.com/mf0/sltp_mm/R2019b_201903251320">
  <sltp.mm.core.Context type="sltp.mm.core.Context" uuid="6461db79-48ce-4a7d-91f4-dbac5b7ea7b6">
    <editorState type="sltp.mm.core.EditorState" uuid="4f10ee1a-93d8-46a9-84ac-9398a8991815"/>
    <rootTask type="sltp.mm.core.Task" uuid="98a54343-f99b-42ed-aa60-8e43bae64b20">
      <context type="sltp.mm.core.Context" uuid="6461db79-48ce-4a7d-91f4-dbac5b7ea7b6"/>
      <explicit>false</explicit>
      <name>Default</name>
      <priority>-2147483648</priority>
      <subgraph type="sltp.mm.core.Graph" uuid="d78746ca-7f2d-41fe-8523-2a72ff6d5e3d"/>
    </rootTask>
  </sltp.mm.core.Context>
</sltp_graph>