Time(s),Radius(m)
0.000000,0.389835
1.000000,0.389835
2.000000,0.387062
3.000000,0.375274
4.000000,0.363568
5.000000,0.358252
6.000000,0.348463
7.000000,0.334631
8.000000,0.325484
9.000000,0.318777
10.000000,0.311859
11.000000,0.306045
12.000000,0.300239
13.000000,0.293885
14.000000,0.287594
15.000000,0.283433
16.000000,0.278949
17.000000,0.276513
18.000000,0.274511
19.000000,0.273885
20.000000,0.271973
21.000000,0.269455
22.000000,0.269001
23.000000,0.269464
24.000000,0.271442
25.000000,0.270943
26.000000,0.271099
27.000000,0.273875
28.000000,0.271867
29.000000,0.266608
30.000000,0.265339
31.000000,0.265466
32.000000,0.262958
33.000000,0.260177
34.000000,0.260332
35.000000,0.260439
36.000000,0.260176
37.000000,0.258872
38.000000,0.258306
39.000000,0.258770
40.000000,0.258388
41.000000,0.259723
42.000000,0.260855
43.000000,0.262969
44.000000,0.264973
45.000000,0.269607
46.000000,0.274170
47.000000,0.279123
48.000000,0.284929
49.000000,0.288455
50.000000,0.294958
51.000000,0.302862
52.000000,0.310456
53.000000,0.320120
54.000000,0.329565
55.000000,0.339037
56.000000,0.349579
57.000000,0.360230
58.000000,0.371253
59.000000,0.382194
60.000000,0.393141
61.000000,0.403633
62.000000,0.413966
63.000000,0.425980
64.000000,0.438066
65.000000,0.447928
66.000000,0.456885
67.000000,0.465995
68.000000,0.474377
69.000000,0.480414
70.000000,0.491081
71.000000,0.500786
72.000000,0.511519
73.000000,0.521834
74.000000,0.528206
75.000000,0.535051
76.000000,0.538962
77.000000,0.537727
78.000000,0.540630
79.000000,0.540689
80.000000,0.539730
81.000000,0.533299
82.000000,0.527943
83.000000,0.521914
84.000000,0.516179
85.000000,0.508692
86.000000,0.501848
87.000000,0.495520
88.000000,0.489483
89.000000,0.482760
90.000000,0.475806
91.000000,0.470524
92.000000,0.465174
93.000000,0.454129
94.000000,0.438307
95.000000,0.427954
96.000000,0.411085
97.000000,0.377590
98.000000,0.346869
99.000000,0.341115
100.000000,0.331330
101.000000,0.327747
102.000000,0.323693
103.000000,0.321420
104.000000,0.322927
105.000000,0.324448
106.000000,0.326800
107.000000,0.329089
108.000000,0.331072
109.000000,0.332473
110.000000,0.331364
111.000000,0.330261
112.000000,0.328105
113.000000,0.328424
114.000000,0.328046
115.000000,0.328288
116.000000,0.330203
117.000000,0.332250
118.000000,0.334192
119.000000,0.337795
120.000000,0.340671
121.000000,0.342848
122.000000,0.348545
123.000000,0.356161
124.000000,0.364054
125.000000,0.371341
126.000000,0.380251
127.000000,0.388583
128.000000,0.395947
129.000000,0.403770
130.000000,0.409991
131.000000,0.417412
132.000000,0.425255
133.000000,0.432357
134.000000,0.439638
135.000000,0.446844
136.000000,0.453674
137.000000,0.460629
138.000000,0.467923
139.000000,0.475037
140.000000,0.482767
141.000000,0.490511
142.000000,0.496818
143.000000,0.502575
144.000000,0.506878
145.000000,0.510794
146.000000,0.511430
147.000000,0.511608
148.000000,0.508749
149.000000,0.504956
150.000000,0.500045
151.000000,0.498268
152.000000,0.492846
153.000000,0.490671
154.000000,0.487092
155.000000,0.484379
156.000000,0.480879
157.000000,0.475435
158.000000,0.474080
159.000000,0.472113
160.000000,0.471448
161.000000,0.472853
162.000000,0.475218
163.000000,0.476092
164.000000,0.479473
165.000000,0.482506
166.000000,0.487187
167.000000,0.490620
168.000000,0.489647
169.000000,0.481406
170.000000,0.479709
171.000000,0.472291
172.000000,0.465676
173.000000,0.464593
174.000000,0.459771
175.000000,0.454415
176.000000,0.448910
177.000000,0.440753
178.000000,0.432143
179.000000,0.422814
180.000000,0.412309
181.000000,0.404151
182.000000,0.396856
183.000000,0.386834
184.000000,0.375517
185.000000,0.362537
186.000000,0.351785
187.000000,0.340164
188.000000,0.332030
189.000000,0.325920
190.000000,0.323047
191.000000,0.315599
192.000000,0.310418
193.000000,0.307497
194.000000,0.303767
195.000000,0.299381
196.000000,0.295747
197.000000,0.292806
198.000000,0.289740
199.000000,0.287316
200.000000,0.285210
201.000000,0.283942
202.000000,0.286157
203.000000,0.289968
204.000000,0.290103
205.000000,0.291777
206.000000,0.290762
207.000000,0.289746
208.000000,0.288683
209.000000,0.286431
210.000000,0.285071
211.000000,0.284532
212.000000,0.282731
213.000000,0.283051
214.000000,0.283860
215.000000,0.284443
216.000000,0.285339
217.000000,0.286980
218.000000,0.287514
219.000000,0.289189
220.000000,0.291245
221.000000,0.293921
222.000000,0.296807
223.000000,0.298684
224.000000,0.298616
225.000000,0.300874
226.000000,0.302061
227.000000,0.303303
228.000000,0.307022
229.000000,0.312025
230.000000,0.317236
231.000000,0.322269
232.000000,0.326015
233.000000,0.331522
234.000000,0.340620
235.000000,0.350322
236.000000,0.360258
237.000000,0.371296
238.000000,0.381843
239.000000,0.392134
240.000000,0.400319
241.000000,0.409179
242.000000,0.419173
243.000000,0.428188
244.000000,0.436389
245.000000,0.445239
246.000000,0.459585
247.000000,0.471395
248.000000,0.481241
249.000000,0.490606
250.000000,0.501519
251.000000,0.509788
252.000000,0.518587
253.000000,0.527569
254.000000,0.536199
255.000000,0.543583
256.000000,0.548181
257.000000,0.550886
258.000000,0.556304
259.000000,0.556882
260.000000,0.555028
261.000000,0.551482
262.000000,0.546637
263.000000,0.541982
264.000000,0.534989
265.000000,0.528493
266.000000,0.523190
267.000000,0.511349
268.000000,0.502231
269.000000,0.492344
270.000000,0.482973
271.000000,0.474921
272.000000,0.465179
273.000000,0.459720
274.000000,0.451322
275.000000,0.440975
276.000000,0.427588
277.000000,0.408696
278.000000,0.380735
279.000000,0.350337
280.000000,0.343713
281.000000,0.340146
282.000000,0.337361
283.000000,0.333772
284.000000,0.334006
285.000000,0.335139
286.000000,0.336260
287.000000,0.338370
288.000000,0.341579
289.000000,0.345461
290.000000,0.345518
291.000000,0.344164
292.000000,0.342712
293.000000,0.342228
294.000000,0.340944
295.000000,0.340388
296.000000,0.340765
297.000000,0.343088
298.000000,0.345265
299.000000,0.346679
300.000000,0.348288
301.000000,0.350944
302.000000,0.353927
303.000000,0.357140
304.000000,0.363768
305.000000,0.371946
306.000000,0.378933
307.000000,0.387147
308.000000,0.396372
309.000000,0.403978
310.000000,0.411161
311.000000,0.419228
312.000000,0.426569
313.000000,0.433098
314.000000,0.440311
315.000000,0.447317
316.000000,0.454076
317.000000,0.460922
318.000000,0.468642
319.000000,0.475131
320.000000,0.483343
321.000000,0.490280
322.000000,0.494243
323.000000,0.500441
324.000000,0.506640
325.000000,0.512711
326.000000,0.516002
327.000000,0.519769
328.000000,0.523970
329.000000,0.527220
330.000000,0.526393
331.000000,0.522702
332.000000,0.520986
333.000000,0.517831
334.000000,0.515777
335.000000,0.511045
336.000000,0.507672
337.000000,0.503840
338.000000,0.499669
339.000000,0.495928
340.000000,0.493959
341.000000,0.490985
342.000000,0.485606
343.000000,0.482899
344.000000,0.482275
345.000000,0.485999
346.000000,0.490037
347.000000,0.492648
348.000000,0.492370
349.000000,0.489527
350.000000,0.480582
351.000000,0.472601
352.000000,0.465958
353.000000,0.460600
354.000000,0.452032
355.000000,0.444460
356.000000,0.437347
357.000000,0.431160
358.000000,0.422492
359.000000,0.412064
360.000000,0.403809
361.000000,0.394725
362.000000,0.383324
363.000000,0.373048
364.000000,0.361907
365.000000,0.349882
366.000000,0.338628
367.000000,0.327344
368.000000,0.318242
369.000000,0.310230
370.000000,0.304796
371.000000,0.298738
372.000000,0.293886
373.000000,0.288361
374.000000,0.283852
375.000000,0.278949
376.000000,0.275386
377.000000,0.271448
378.000000,0.271548
379.000000,0.268856
380.000000,0.268149
381.000000,0.266731
382.000000,0.266201
383.000000,0.268948
384.000000,0.270524
385.000000,0.271236
386.000000,0.275128
387.000000,0.273167
388.000000,0.271174
389.000000,0.269583
390.000000,0.267323
391.000000,0.265923
392.000000,0.264685
393.000000,0.264751
394.000000,0.264855
395.000000,0.265656
396.000000,0.266279
397.000000,0.266668
398.000000,0.268211
399.000000,0.268804
400.000000,0.270491
401.000000,0.270324
402.000000,0.271435
403.000000,0.271878
404.000000,0.275266
405.000000,0.278247
406.000000,0.282604
407.000000,0.287478
408.000000,0.293652
409.000000,0.300251
410.000000,0.307323
411.000000,0.314991
412.000000,0.323884
413.000000,0.332852
414.000000,0.343445
415.000000,0.354561
416.000000,0.364626
417.000000,0.374236
418.000000,0.385663
419.000000,0.397073
420.000000,0.407091
421.000000,0.415511
422.000000,0.425608
423.000000,0.437354
424.000000,0.448872
425.000000,0.460921
426.000000,0.471762
427.000000,0.483071
428.000000,0.492045
429.000000,0.502892
430.000000,0.512757
431.000000,0.519570
432.000000,0.526911
433.000000,0.530926
434.000000,0.530837
435.000000,0.532226
436.000000,0.535116
437.000000,0.532766
438.000000,0.526290
439.000000,0.522155
440.000000,0.518215
441.000000,0.513090
442.000000,0.504263
443.000000,0.498287
444.000000,0.492010
445.000000,0.484854
446.000000,0.479229
447.000000,0.472362
448.000000,0.464330
449.000000,0.457564
450.000000,0.449849
451.000000,0.441324
452.000000,0.434111
453.000000,0.422366
454.000000,0.405754
455.000000,0.415877
456.000000,0.422921
457.000000,0.405859
458.000000,0.379836
459.000000,0.351278
460.000000,0.349924
461.000000,0.351115
462.000000,0.349936
463.000000,0.348858
464.000000,0.349905
465.000000,0.351768
466.000000,0.354021
467.000000,0.355585
468.000000,0.355959
469.000000,0.355961
470.000000,0.354028
471.000000,0.352358
472.000000,0.352309
473.000000,0.350594
474.000000,0.349435
475.000000,0.349287
476.000000,0.350034
477.000000,0.351960
478.000000,0.354403
479.000000,0.356987
480.000000,0.360418
481.000000,0.365179
482.000000,0.369768
483.000000,0.375880
484.000000,0.382721
485.000000,0.389816
486.000000,0.398333
487.000000,0.405992
488.000000,0.413145
489.000000,0.420790
490.000000,0.428963
491.000000,0.436811
492.000000,0.444846
493.000000,0.452741
494.000000,0.461071
495.000000,0.468878
496.000000,0.476526
497.000000,0.485099
498.000000,0.491452
499.000000,0.499466
500.000000,0.506490
501.000000,0.513558
502.000000,0.520363
503.000000,0.524479
504.000000,0.528594
505.000000,0.534215
506.000000,0.534924
507.000000,0.533552
508.000000,0.532113
509.000000,0.529256
510.000000,0.526292
511.000000,0.522498
512.000000,0.522267
513.000000,0.519910
514.000000,0.518511
515.000000,0.516727
516.000000,0.516870
517.000000,0.512636
518.000000,0.508635
519.000000,0.508238
520.000000,0.505074
521.000000,0.497461
522.000000,0.488569
523.000000,0.492698
524.000000,0.497314
525.000000,0.500607
526.000000,0.502252
527.000000,0.498236
528.000000,0.484761
529.000000,0.470097
530.000000,0.462181
531.000000,0.454300
532.000000,0.449158
533.000000,0.440572
534.000000,0.429232
535.000000,0.422534
536.000000,0.415258
537.000000,0.412848
538.000000,0.405857
539.000000,0.392358
540.000000,0.380805
541.000000,0.371602
542.000000,0.360586
543.000000,0.349557
544.000000,0.338669
545.000000,0.328631
546.000000,0.320260
547.000000,0.313811
548.000000,0.307373
549.000000,0.301284
550.000000,0.295428
551.000000,0.290553
552.000000,0.285374
553.000000,0.280579
554.000000,0.276360
555.000000,0.272407
556.000000,0.271328
557.000000,0.268991
558.000000,0.266646
559.000000,0.266120
560.000000,0.264924
561.000000,0.264501
562.000000,0.268174
563.000000,0.270571
564.000000,0.272546
565.000000,0.271048
566.000000,0.268304
567.000000,0.266209
568.000000,0.265523
569.000000,0.264233
570.000000,0.263093
571.000000,0.262194
572.000000,0.261188
573.000000,0.260525
574.000000,0.259810
575.000000,0.260360
576.000000,0.263432
577.000000,0.265488
578.000000,0.266449
579.000000,0.268662
580.000000,0.270179
581.000000,0.271420
582.000000,0.273150
583.000000,0.274481
584.000000,0.279009
585.000000,0.286309
586.000000,0.292333
587.000000,0.298708
588.000000,0.305375
589.000000,0.312239
590.000000,0.321577
591.000000,0.331476
592.000000,0.341583
593.000000,0.352827
594.000000,0.363442
595.000000,0.373772
596.000000,0.384926
597.000000,0.394790
598.000000,0.403252
599.000000,0.412310
600.000000,0.419944
