environment,primitive,field_mode,radius,avg_dist_origin,std_dist_origin,avg_dist_to_est_center,std_dist_to_est_center,est_center_x_mean,est_center_x_std,est_center_y_mean,est_center_y_std
vortex1,3R_orbiter_plane,analytical,0.1,0.20626264764392568,0.0274894492347845,0.2062626476550026,0.02748944920789803,-1.6203955309430542e-11,2.937849122808326e-10,-1.601646766085242e-11,3.0269947500624804e-10
vortex1,3R_orbiter_plane,analytical,0.2,0.27486713485593856,0.016201948827182063,0.2748671349153978,0.01620194883055209,-4.900520680641949e-12,5.818330420788776e-11,1.8036655082813205e-12,5.532130522480049e-11
vortex1,3R_orbiter_plane,analytical,0.3,0.36099331751986546,0.018556557384837604,0.3609933176010834,0.018556557364854006,1.230712908373581e-11,6.274263209861357e-11,-7.122185507684519e-13,1.178105692710031e-10
vortex1,3R_orbiter_plane,analytical,0.4,0.4453414371929021,0.011546152928583887,0.4453414373064172,0.011546152918074539,8.455339255220604e-12,7.500531462533747e-11,-2.871305386006064e-11,4.5121288626160177e-10
vortex1,3R_orbiter_plane,analytical,0.5,0.5372696772767498,0.009534362417114266,0.5372696773658409,0.009534362419706467,1.475561347767658e-11,1.3799299319426928e-10,1.0145627151990828e-11,7.727465164956422e-11
vortex1,3R_orbiter_plane,analytical,0.6,0.6369118048009863,0.01985575365610834,0.6369118049000324,0.019855753647386322,2.6036290145675397e-11,1.5965528988404055e-10,-1.5805633255033834e-12,8.067910753903908e-11
vortex1,3R_orbiter_plane,nn,0.1,0.207497951371589,0.029947520010946922,0.21054945263529465,0.050884493369726114,0.009787021836277327,0.026978391586123703,-0.0054144511064457244,0.03917093779971494
vortex1,3R_orbiter_plane,nn,0.2,0.2911154116022876,0.034255629007142886,0.27938135988600443,0.08262943674302053,0.017019921827325025,0.09688203315935533,-0.01366723291337421,0.042704493815270105
vortex1,3R_orbiter_plane,nn,0.3,0.38497081473084477,0.027937142768911086,0.366420750878541,0.10531349688312965,0.01898663864817577,0.10153189355565183,-0.013126037911102244,0.04643891503593083
vortex1,3R_orbiter_plane,nn,0.4,0.4600450173397484,0.030523070642961867,0.47255229873951976,0.24535065523973099,0.02027155138696132,0.17190864473812448,-0.008934976417558612,0.20689781746649757
vortex1,3R_orbiter_plane,nn,0.5,0.5173530742765078,0.03877882013108808,0.5427724988392608,0.11418531158308394,0.03259968762151786,0.06036456842849327,-0.00024847060833804133,0.09766144438164634
vortex1,3R_orbiter_plane,nn,0.6,0.571749166280388,0.04861559353074384,0.6522316827191571,0.12356371484693024,0.05111021335433655,0.09792565507421869,-0.013110639106505421,0.20847832622241047
vortex1,3R_orbiter_plane,rbf,0.1,0.21021079393094025,0.03963300192532829,0.21355843509211586,0.05893438727591869,0.021711331922043497,0.04572530779144506,-0.00911242553977096,0.04758339028088205
vortex1,3R_orbiter_plane,rbf,0.2,0.28027827826072527,0.03727013034415624,0.3323883686910907,0.6477290258814778,0.031462697086196444,0.2156545757064971,-0.05204128303234928,0.6253581289180372
vortex1,3R_orbiter_plane,rbf,0.3,0.3494025918082982,0.03328657261877554,0.7522998031715472,5.796934514860465,0.2073376113659518,2.867970262964369,0.3075386145955228,5.043939492654766
vortex1,3R_orbiter_plane,rbf,0.4,0.45822596111827,0.0481329686574777,0.5431411006427518,0.634605404177083,0.02115863408418199,0.259452512318021,-0.01344200428892025,0.6169224861564974
vortex1,3R_orbiter_plane,rbf,0.5,0.5446994289162062,0.06099467146975116,0.6149883598639382,0.37841328355134957,0.06961011798932025,0.28114091652099943,-0.00956029062008877,0.3406324518251025
vortex1,3R_orbiter_plane,rbf,0.6,0.7321529089581443,0.16687566674730958,8.098148918869603,31.691348978421036,-1.8115249032656617,22.052063589395118,2.4915805726055424,24.035385436532607
vortex1,4R_orbiter_planar,analytical,0.1,0.20227045240991334,0.02018501652035258,0.2022704524747607,0.020185016538640216,6.0082579835341804e-12,5.137782270785643e-11,9.846933163633658e-12,5.326269364405799e-11
vortex1,4R_orbiter_planar,analytical,0.2,0.27531677149474204,0.01594377504489103,0.2753167715784198,0.01594377504666903,1.0759885192241322e-11,6.144964918638243e-11,2.3743266174196515e-12,6.03755995895413e-11
vortex1,4R_orbiter_planar,analytical,0.3,0.3580206495270286,0.012693104553129822,0.35802064961728264,0.012693104552351658,1.2147270163085882e-11,6.287847111930596e-11,6.604818830938267e-12,6.544790510713313e-11
vortex1,4R_orbiter_planar,analytical,0.4,0.4465673924837171,0.010362453168088632,0.4465673925783878,0.010362453167116372,4.432584012458645e-12,6.629666525744659e-11,-3.106447964949981e-12,6.876604634618235e-11
vortex1,4R_orbiter_planar,analytical,0.5,0.5386341306506517,0.0086801782045474,0.5386341307464207,0.008680178203119955,1.0709629511392746e-11,6.716875297909036e-11,1.0493402133648324e-11,6.757312982046792e-11
vortex1,4R_orbiter_planar,analytical,0.6,0.632894491608571,0.0074339779548854195,0.6328944917054175,0.007433977953400263,2.2101140979816182e-11,6.554495289446483e-11,3.9378033024241425e-13,6.841256027344879e-11
vortex1,4R_orbiter_planar,nn,0.1,0.20659475507876238,0.028186129166744785,0.19742782199810663,0.028487925305188875,0.0076118515877599035,0.013749174531873668,-0.0214296450264566,0.019487640032339857
vortex1,4R_orbiter_planar,nn,0.2,0.3094302883484057,0.036350400446837614,0.2743268066034658,0.02805854488714345,0.01714390136526818,0.03162704774969519,-0.021208372166038457,0.03482396073722395
vortex1,4R_orbiter_planar,nn,0.3,0.393902932673408,0.033729506698221855,0.37453785676789664,0.05746639150161448,0.022918326480224935,0.044876627077486735,-0.00681319881421038,0.05165652561479968
vortex1,4R_orbiter_planar,nn,0.4,0.4697693873241547,0.030742282881029405,0.48229224834457607,0.11281017727638555,0.034728950626853015,0.06212523516351237,0.01232742531161087,0.09911005554994538
vortex1,4R_orbiter_planar,nn,0.5,0.5286470359347677,0.03288867492523298,0.5979655959355833,0.17447279070693233,0.04877638981535847,0.08844957708320134,0.03176602058896768,0.16824252797413888
vortex1,4R_orbiter_planar,nn,0.6,0.5776929021755944,0.03823844194056183,0.7211283406984389,0.22884038546779797,0.06106708190685687,0.12101228373873624,0.052429172846498145,0.2429046763889881
vortex1,4R_orbiter_planar,rbf,0.1,0.22117759990793048,0.03927011023389368,0.23509349864534745,0.3768274897490263,0.03319262342608573,0.3934602928066419,-0.005757962409458233,0.08946381025671656
vortex1,4R_orbiter_planar,rbf,0.2,0.28828754788978056,0.0330398234463796,0.32221245087588585,0.25434967427776245,0.013207768496670082,0.09380880790789412,-0.030846066301018205,0.30381571342829183
vortex1,4R_orbiter_planar,rbf,0.3,0.3560526205010093,0.03849339602206659,0.44284090197666237,0.3467375357566508,0.02868220373984673,0.13937428838326638,0.010122968332595952,0.37714646791121137
vortex1,4R_orbiter_planar,rbf,0.4,0.4624818450579444,0.05408956724593673,2.4288863137713164,31.28344038184742,1.1253730828644208,18.67041536541804,-1.5109345648051367,25.177217554254952
vortex1,4R_orbiter_planar,rbf,0.5,0.5449915683996922,0.05590080924298388,0.7468198675377237,0.7752969317058866,0.09728748738442053,0.7476788978265417,0.05517853091737334,0.4780922364864277
vortex1,4R_orbiter_planar,rbf,0.6,0.6136178568912909,0.011369698260471591,3.090152648620777,4.2496956166564575,0.023266428133950145,0.7234275324707226,-1.2243800844104167,4.868141869102994
vortex1,4R_orbiter_advanced,analytical,0.1,0.1955395384478328,0.02666976561148863,0.19553953847048944,0.026669765625624616,-4.73360801988259e-12,4.0620223125024864e-11,-6.197792025889069e-13,4.0974794564634265e-11
vortex1,4R_orbiter_advanced,analytical,0.2,0.2731927798233589,0.019074404132896457,0.27319277991466095,0.019074404159324883,3.2421244930250904e-12,7.104888419818091e-11,2.882459119385091e-12,7.021847487887612e-11
vortex1,4R_orbiter_advanced,analytical,0.3,0.357137347432323,0.014411614104439549,0.3571373475381968,0.014411614113415083,1.1674591782050494e-11,7.499373570705896e-11,5.56818178600783e-12,7.604663615372564e-11
vortex1,4R_orbiter_advanced,analytical,0.4,0.44602097101427196,0.011452840981701623,0.4460209711231037,0.011452840986785671,1.312105134044602e-12,7.638584032425618e-11,-4.536174918467672e-12,7.819539416865967e-11
vortex1,4R_orbiter_advanced,analytical,0.5,0.5382270242718334,0.009493041759371393,0.5382270243811275,0.009493041763052157,1.1264566096067704e-11,7.62970076049166e-11,9.074963346935805e-12,7.729868152551948e-11
vortex1,4R_orbiter_advanced,analytical,0.6,0.6325900533991672,0.00805092956619937,0.6325900535081918,0.00805092956914301,2.3320321335078747e-11,7.415990753087977e-11,-3.1415422170518812e-12,7.659511189309047e-11
vortex1,4R_orbiter_advanced,nn,0.1,0.20178874444417216,0.03978887464597916,0.19794431654253722,0.02845911769326897,0.018324260383580895,0.011324784581585777,-0.018278453715715574,0.013241059054417399
vortex1,4R_orbiter_advanced,nn,0.2,0.32061902169867634,0.047101605913670026,0.27358226306133704,0.031374450187401016,0.02021604868755752,0.03788780949942127,-0.027101421230121582,0.037347963121778543
vortex1,4R_orbiter_advanced,nn,0.3,0.4017909194383022,0.040941230735652825,0.35390773592423463,0.031139083296511973,0.014964287044568234,0.041538239405082174,-0.021465588224515292,0.04458440031764027
vortex1,4R_orbiter_advanced,nn,0.4,0.47410408192590675,0.03412281361769774,0.43926632660381737,0.03542761922891055,0.02136524973194304,0.038564532807837,-0.018433236797115605,0.04094057281016527
vortex1,4R_orbiter_advanced,nn,0.5,0.5291688756091779,0.03166441804727104,0.5315909084490783,0.04693093689390223,0.02610416747717194,0.044362365387897805,-0.009050759190849867,0.04618491448476516
vortex1,4R_orbiter_advanced,nn,0.6,0.5779141039870749,0.0379511835336368,0.6358020363205992,0.06045822787055711,0.036761378644178735,0.06353225776273128,0.001758045940988843,0.07224981260075986
vortex1,4R_orbiter_advanced,rbf,0.1,0.24541628622461956,0.051621561509028746,0.2413838132535595,0.08924905697117323,0.019992832912164887,0.08719798309007327,-0.02148537374832759,0.06112309165848593
vortex1,4R_orbiter_advanced,rbf,0.2,0.3054024972285066,0.038516401348829346,0.3009899241572334,0.1593230917180957,-0.0029003765454449805,0.11611397177675269,-0.015018900243874173,0.12874607501922875
vortex1,4R_orbiter_advanced,rbf,0.3,0.35793547519888536,0.04018735323966578,0.3836969567152973,0.3533954687986045,0.011923393694580533,0.18204571872699715,-0.018142586969897068,0.3103616159527786
vortex1,4R_orbiter_advanced,rbf,0.4,0.42484529852477926,0.03255158970751762,0.6318745094365112,1.9151947178657525,0.01383492617550743,0.322527055320158,0.07726363258391065,1.953632703268941
vortex1,4R_orbiter_advanced,rbf,0.5,0.5109123819486275,0.056797303762471815,0.9036120405031512,2.2969279717448727,-0.02772116548276603,0.9507696761056804,-0.19688923327033514,2.156436267936721
vortex1,4R_orbiter_advanced,rbf,0.6,0.5776761717653628,0.06431579880104119,1.0894035319007984,2.221138112230072,0.13068549167135562,2.1014719598538556,-0.03928988912837473,1.0752646748619408
vortex1,3R_vector_sum,analytical,0.1,0.5255632237267864,0.15818684155185628,0.5255632238139019,0.15818684156834797,-7.88557891020401e-12,6.308541778876545e-11,-3.4474738982765255e-12,6.702858416175634e-11
vortex1,3R_vector_sum,analytical,0.2,0.5467349753123049,0.14348968476759913,0.5467349754031798,0.14348968477506083,-2.9545858989439205e-12,6.732747810900448e-11,6.818920087159898e-12,6.462697718734938e-11
vortex1,3R_vector_sum,analytical,0.3,0.5804982428155513,0.12765291201762302,0.5804982429086647,0.1276529120210647,9.708780438788615e-12,6.464119787103911e-11,5.494279334951031e-12,6.826866319263921e-11
vortex1,3R_vector_sum,analytical,0.4,0.6288707282164381,0.11145660037859727,0.628870728311268,0.11145660038078169,9.858768328126345e-12,6.882997432253834e-11,-6.8120407112263916e-12,6.571196959508533e-11
vortex1,3R_vector_sum,analytical,0.5,0.6892098670046215,0.09664866153086486,0.6892098671006365,0.09664866153230642,-8.845075387705909e-13,6.700250175580215e-11,-5.990394167958085e-12,6.962896102944703e-11
vortex1,3R_vector_sum,analytical,0.6,0.7588888361247083,0.08387814996200386,0.7588888362212157,0.08387814996243788,-1.4311540556832938e-12,7.009143799331857e-11,5.3076019826966055e-12,6.699692668989511e-11
vortex1,3R_vector_sum,nn,0.1,0.6583850580814372,0.22780450325805496,1.1063624323585264,0.8346524343467981,0.1428640871752627,0.359742619619622,0.2089043201742384,0.6796582626064561
vortex1,3R_vector_sum,nn,0.2,0.6793636488454803,0.21514863668427495,1.1248749300997547,0.8005612295741426,0.22565776965788298,0.526167805486608,0.06723028499134782,0.5418379382267914
vortex1,3R_vector_sum,nn,0.3,0.7192068444134241,0.20795245407366625,1.1439638334235587,0.7009375828029022,0.06878745323131989,0.4645507104124312,-0.026937466810227968,0.5333947100752249
vortex1,3R_vector_sum,nn,0.4,0.7746146955528138,0.20229317754371026,1.2988531200555693,0.7221352257188577,-0.08658645710250706,0.42610516869010473,0.1350819390280999,0.6546730294713506
vortex1,3R_vector_sum,nn,0.5,0.8341372032814066,0.18523191653470997,1.6892869944684608,1.0456560231787622,-0.06074572496684546,0.7943912247787638,0.403204925547168,0.8935358361074952
vortex1,3R_vector_sum,nn,0.6,0.9040434420093777,0.17087129999298017,2.2505425556704215,1.6460118488461097,0.23438284106381976,1.2673379775203168,0.655554928257513,1.4398745876285874
vortex1,3R_vector_sum,rbf,0.1,0.6823477215687772,0.274253931928094,2.371935870498026,16.166883738114464,1.1631456075774602,15.797613713018302,0.519842601148453,3.9074440125581384
vortex1,3R_vector_sum,rbf,0.2,0.6994841045591753,0.2544887193805872,0.8902997367430074,0.9529446558228752,0.0004845655112181557,0.8330926310102225,0.25535954974862934,0.6699491029724469
vortex1,3R_vector_sum,rbf,0.3,0.6959605221697567,0.18555087524284902,1.0369418689678378,1.6205782327471687,-0.06984632091765547,1.4891788207505987,0.2526046548226492,0.9781933133738651
vortex1,3R_vector_sum,rbf,0.4,0.8028088983659138,0.2257853794516651,5.313634568218977,30.72400554736414,-1.7776082041678058,30.171048297753405,-0.5300949503708402,7.668872807891658
vortex1,3R_vector_sum,rbf,0.5,0.9045581111258182,0.28157328308941537,2.227028166562368,3.5509878223950637,-0.853792851040536,3.2611739367402888,0.5072529337965804,1.7653404179113414
vortex1,3R_vector_sum,rbf,0.6,0.9827945541597073,0.2873145656901175,1.5443781840671993,1.3823703121023414,-0.0984766889209529,1.3305246988926336,0.4428316960121278,0.7913284272016409
saddle1,3R_orbiter_plane,analytical,0.1,0.2062626485737743,0.027489452010316908,0.20626264857377433,0.027489452010316936,4.0557725661541833e-17,6.819202259149664e-16,3.7386496774332726e-18,4.154627567936104e-17
saddle1,3R_orbiter_plane,analytical,0.2,0.27486713523850687,0.016201949445246087,0.27486713523850687,0.016201949445246083,2.107304983696213e-18,2.7619237117432494e-17,-2.3219565882599168e-18,2.683751512319663e-17
saddle1,3R_orbiter_plane,analytical,0.3,0.3609933158237355,0.01855655476993739,0.36099331582373545,0.018556554769937388,-7.043477107351763e-18,7.536335805677535e-17,-6.625396410408279e-18,2.0467755713652534e-16
saddle1,3R_orbiter_plane,analytical,0.4,0.4453414428151073,0.011546140148601551,0.4453414428151072,0.011546140148601546,6.939543717825252e-17,9.183041716724638e-16,2.629635731553207e-18,1.7567209367342551e-16
saddle1,3R_orbiter_plane,analytical,0.5,0.5372696723294023,0.009534369006560121,0.5372696723294024,0.009534369006560144,1.2127015851853777e-17,1.7619069812961331e-16,-9.406771382383588e-18,1.489314253865773e-16
saddle1,3R_orbiter_plane,analytical,0.6,0.6369118302592139,0.019855843539151808,0.6369118302592139,0.019855843539151822,-3.487712384631552e-17,1.019416563223386e-15,2.7870755598719724e-17,2.6330569092939383e-16
saddle1,3R_orbiter_plane,nn,0.1,0.1992790946188634,0.0307049919699238,0.20564776525462908,0.04822138732806113,-0.002527389778513264,0.04879508484617788,-0.005573046948644287,0.038408942866037986
saddle1,3R_orbiter_plane,nn,0.2,0.26843692191369833,0.03041753735432722,0.2733263566830711,0.06886220995765019,-0.012117262498702147,0.04524534514396758,-0.01591755004745477,0.07000928910698476
saddle1,3R_orbiter_plane,nn,0.3,0.3683222061100896,0.045666733171641376,0.3754835180572421,0.1610608987749545,-0.011870737653380379,0.18077836603820366,-0.010468232701718509,0.06298393069284411
saddle1,3R_orbiter_plane,nn,0.4,0.4331635417182189,0.05410619799941363,0.5149020787981897,1.3256299616664977,-0.026521669817247174,0.26435717493635996,0.06516893502400846,1.3503977547304495
saddle1,3R_orbiter_plane,nn,0.5,0.5038880264569934,0.0600630767619786,0.5284344178766226,0.14758257172623912,-0.006325950267817904,0.12552918849181965,-0.007179487068721815,0.108435642093747
saddle1,3R_orbiter_plane,nn,0.6,0.5584138116396885,0.0676309614243788,0.6527496187298066,0.1702333019633636,-0.003515838445673818,0.21317928131312128,-0.009437927281689832,0.1427443593515815
saddle1,3R_orbiter_plane,rbf,0.1,0.17411339493704925,0.026309963207577593,0.33679520227926685,1.273601017825025,0.020869960937345777,1.2728369089461233,0.0125303679038548,0.2955079784775147
saddle1,3R_orbiter_plane,rbf,0.2,0.29517170772933554,0.043085812552445625,0.6937397560644051,3.6915930420083476,0.06940395422867174,2.0422162081613715,0.23596381371894692,3.1366185817873062
saddle1,3R_orbiter_plane,rbf,0.3,0.3095949705095379,0.04944718161991898,0.7023763781709449,2.2810576217114753,0.05611705720411152,2.052998701218724,-0.03379973116370767,1.161061355305577
saddle1,3R_orbiter_plane,rbf,0.4,0.6835315518015114,0.24740113980750497,13.597178363446707,45.72815049281462,-0.03377415421272323,11.081899364767494,-0.4868366897894161,46.386464648549705
saddle1,3R_orbiter_plane,rbf,0.5,0.7192722284649293,0.3889464513588991,2.619778409845996,7.358091583104044,1.082188736792696,3.7290931199729,1.286720630062476,6.94425008927761
saddle1,3R_orbiter_plane,rbf,0.6,1.0332360454197438,0.37940463558724347,58.00153975104968,111.60363843078176,-1.3510421943022948,10.223890583512425,17.001702959306034,124.01224760497185
saddle1,4R_orbiter_planar,analytical,0.1,0.20227045245058498,0.020185016532042962,0.20227045245058498,0.020185016532042965,8.058958473528078e-19,2.284655330349342e-17,2.908771954969137e-18,2.3814998154320812e-17
saddle1,4R_orbiter_planar,analytical,0.2,0.2753167715566354,0.01594377505539738,0.2753167715566354,0.01594377505539738,-1.956323964362622e-18,3.541878525995642e-17,2.5326052216499758e-18,3.8317154006641216e-17
saddle1,4R_orbiter_planar,analytical,0.3,0.3580206496000251,0.012693104566339642,0.3580206496000251,0.012693104566339647,-3.0233166350057543e-18,6.190693646540149e-17,-1.6666773833817787e-18,6.260096303876247e-17
saddle1,4R_orbiter_planar,analytical,0.4,0.44656739256330014,0.010362453182863614,0.44656739256330014,0.010362453182863622,-3.69342948448627e-18,9.240656913921419e-17,5.626872128160585e-18,8.817303761059896e-17
saddle1,4R_orbiter_planar,analytical,0.5,0.5386341307342271,0.008680178220292548,0.5386341307342271,0.008680178220292557,-1.2584094354583394e-17,1.269823651027114e-16,3.3911222176862504e-18,1.1964558520255427e-16
saddle1,4R_orbiter_planar,analytical,0.6,0.6328944916947017,0.007433977971266728,0.6328944916947017,0.007433977971266709,4.573769573406806e-18,1.7463877096723457e-16,3.095252222852068e-18,1.867794394644559e-16
saddle1,4R_orbiter_planar,nn,0.1,0.1913731422382339,0.01906217457890862,0.19867061477651218,0.03147580284141774,-0.005368525727819317,0.01865236815735838,-0.014836878790870945,0.02250371531665182
saddle1,4R_orbiter_planar,nn,0.2,0.2814139801458658,0.027150488925949994,0.2622775007891987,0.023661016756948813,-0.010003859508969674,0.026050173644149154,-0.019165036681365114,0.030553604171524612
saddle1,4R_orbiter_planar,nn,0.3,0.3759658501514228,0.0369245363462204,0.3548898256460167,0.06220495834884426,-0.018626460109985823,0.047212228540800066,-0.011356594191500171,0.06728619066514631
saddle1,4R_orbiter_planar,nn,0.4,0.44447829813163053,0.04182492553616487,0.4532278228673198,0.10827394499581955,-0.015593313946336012,0.07715135868015574,0.002407749571251398,0.10446815275268287
saddle1,4R_orbiter_planar,nn,0.5,0.5066164658459834,0.046608333008727514,0.5755427633809984,0.16585125335816353,-0.010042322120210745,0.13225863556250916,0.010378640736683336,0.16387229392362487
saddle1,4R_orbiter_planar,nn,0.6,0.56200056230992,0.048088253667904465,0.7084476643698975,0.24191210264035437,0.0064292795983944655,0.2132420401560464,0.03482638595262929,0.2359995709012877
saddle1,4R_orbiter_planar,rbf,0.1,0.2042553677472846,0.02471618771776699,0.4028642316242958,1.5274221594279984,0.05004865673819019,0.8577503327927762,-0.09293960599724017,1.284856921689736
saddle1,4R_orbiter_planar,rbf,0.2,0.27801989019433326,0.04152804260774187,0.5702105166092848,2.0007940297864755,-0.2525713230170927,1.584841431176155,0.030200334209892658,1.3284351592994077
saddle1,4R_orbiter_planar,rbf,0.3,0.35321019489400973,0.055039971076880204,0.6476706627264811,1.7243899955714237,-0.01718949637352651,1.5135414777145624,-0.004015835184809688,1.0062737540068745
saddle1,4R_orbiter_planar,rbf,0.4,0.4317406960435395,0.061897289471779034,3.0867303887106345,35.164858048702726,2.0547286048176066,34.85480014341333,-0.04636470485034398,5.345076945425872
saddle1,4R_orbiter_planar,rbf,0.5,0.4957973310421472,0.0359057154585779,0.9234041071416716,3.4909503641155566,-0.07151114795404692,1.2917594633268052,0.3004467478579166,3.2939526197138513
saddle1,4R_orbiter_planar,rbf,0.6,0.6980669549500472,0.054862461533089664,8.197449700692358,61.20722419079064,-0.33684782250567546,8.176630652568276,2.1927386334457295,61.185570580377366
saddle1,4R_orbiter_advanced,analytical,0.1,0.19553953853381148,0.02666976564488096,0.19553953853381148,0.02666976564488096,2.4132241172447874e-20,9.352921929420192e-18,4.80585320817694e-19,1.0938759853775892e-17
saddle1,4R_orbiter_advanced,analytical,0.2,0.2731927799308332,0.019074404164231933,0.2731927799308332,0.019074404164231933,-2.012298363888205e-18,1.9812650360517392e-17,2.1350144330542515e-18,2.460930614704061e-17
saddle1,4R_orbiter_advanced,analytical,0.3,0.3571373475296771,0.014411614128156256,0.3571373475296771,0.01441161412815625,1.4269568830772584e-18,4.2056385237302947e-17,-6.471956685014527e-19,4.8506855063113005e-17
saddle1,4R_orbiter_advanced,analytical,0.4,0.4460209711112259,0.011452841005992141,0.44602097111122596,0.011452841005992144,7.052202072668191e-18,8.064716569549182e-17,1.053933138079908e-18,8.154108324574002e-17
saddle1,4R_orbiter_advanced,analytical,0.5,0.5382270243696339,0.009493041781759444,0.5382270243696339,0.00949304178175944,-2.150462271742853e-19,1.3010250784520255e-16,-2.7158295036535242e-18,1.3625636597614847e-16
saddle1,4R_orbiter_advanced,analytical,0.6,0.6325900534968842,0.008050929589646792,0.6325900534968842,0.00805092958964679,2.0971590199640436e-17,1.7140790205713378e-16,-5.836302161919842e-20,1.7050817093185902e-16
saddle1,4R_orbiter_advanced,nn,0.1,0.18281222631219332,0.02088619463226188,0.18135322297142295,0.024212596357255412,-0.008902253153226474,0.010852110144613639,-0.007075905145758074,0.01250107290179043
saddle1,4R_orbiter_advanced,nn,0.2,0.28913058632647903,0.03402088091886248,0.26424308968826854,0.024032430413388792,-0.008423662843029736,0.021290377911103265,-0.01994904630967757,0.025919749560165278
saddle1,4R_orbiter_advanced,nn,0.3,0.3836884514009874,0.042117785210706686,0.3363343403997879,0.03279616842285148,-0.022364988686977085,0.03777093759930392,-0.021136475034761217,0.04668069731388907
saddle1,4R_orbiter_advanced,nn,0.4,0.45173749039451605,0.04447207424157867,0.42053527112470096,0.0445892690410871,-0.016733106873980545,0.048409940006633956,-0.017975147762329325,0.05020569460028738
saddle1,4R_orbiter_advanced,nn,0.5,0.5104117213818814,0.04582326239869144,0.5145693925089337,0.05627184934913177,-0.016379833592290793,0.06691071083262834,-0.019528580088927855,0.05892538164037369
saddle1,4R_orbiter_advanced,nn,0.6,0.5626922041861613,0.041681537041703964,0.6188979241450112,0.07299586269954243,-0.005513716891409657,0.10194163366288363,-0.013144662348925706,0.07902514438517644
saddle1,4R_orbiter_advanced,rbf,0.1,0.2095232905638206,0.044587484874887895,0.2787993782638861,0.49437884742804106,-0.004526783802198249,0.3573720605401797,0.008771262309070486,0.36578840224409875
saddle1,4R_orbiter_advanced,rbf,0.2,0.30935064701631165,0.03158405880118292,0.49832206899637677,2.3506257973610585,-0.11891205656757622,2.121899867879889,0.084557986026112,1.1146893408679135
saddle1,4R_orbiter_advanced,rbf,0.3,0.3723518155766121,0.04202979668325234,0.4798180377021303,0.6980073091421328,-0.024484376437967973,0.6139716635839582,0.0012048874256140162,0.4687895316622033
saddle1,4R_orbiter_advanced,rbf,0.4,0.5053629293503653,0.1056161266031991,1.0169515415380133,3.461465052025997,-0.06296269795356867,1.5063051834660948,-0.13211505065812634,3.233527726434766
saddle1,4R_orbiter_advanced,rbf,0.5,0.5780588383009908,0.123339118854108,1.7991477004585652,7.430567687885713,0.25667550917458465,3.6601622999789236,0.24015590884774943,6.710683708021323
saddle1,4R_orbiter_advanced,rbf,0.6,0.585406016261429,0.09414062232884707,1.8128400810337355,7.389326003022784,-0.0436274277058979,3.8101476799167884,-0.17850886765513294,6.621475679532297
saddle1,3R_vector_sum,analytical,0.1,4.484372203386102,2.5966042732658394,4.484372203386101,2.596604273265839,6.682942907592499e-16,1.1389723942138017e-14,1.1252699211785987e-15,1.1512327047514626e-14
saddle1,3R_vector_sum,analytical,0.2,4.585302310643077,2.596312698477575,4.585302310643075,2.5963126984775746,1.8909209640836996e-16,1.3110415174527336e-14,1.0032672240585623e-15,1.1240129914476866e-14
saddle1,3R_vector_sum,analytical,0.3,4.656272921568955,2.594830043450827,4.656272921568955,2.5948300434508265,-1.9547718298924546e-16,1.2707081273775235e-14,3.602287139567795e-18,1.1543751820466716e-14
saddle1,3R_vector_sum,analytical,0.4,4.721366524523358,2.5926487787563324,4.721366524523358,2.592648778756332,-4.2416782782640983e-16,1.2268253687888298e-14,2.9822723741263343e-16,1.0415829225286317e-14
saddle1,3R_vector_sum,analytical,0.5,4.783709835409803,2.589818928497789,4.7837098354098035,2.58981892849779,1.2719423507594099e-15,1.2414558927401336e-14,-4.8199786418736e-16,1.385899146055738e-14
saddle1,3R_vector_sum,analytical,0.6,4.846265003206676,2.586457712202307,4.846265003206676,2.5864577122023067,4.991111552357026e-16,1.4267601293311278e-14,7.732571872781782e-16,1.3093455031112507e-14
saddle1,3R_vector_sum,nn,0.1,4.441498688066611,2.595017883693015,173.92835843809033,785.0154324033732,-70.03003669903595,481.8889856890493,92.59804755821925,633.9763226741417
saddle1,3R_vector_sum,nn,0.2,4.579391150557323,2.5958269284026843,166.19729269831504,614.7268395736161,-63.0822464848666,380.61671825885725,83.39574740141347,500.78049999432244
saddle1,3R_vector_sum,nn,0.3,4.64703238064895,2.5943407520976525,159.45342661379706,465.9831554957233,-52.28562996654905,293.98713105459456,69.15350632844874,386.78148319094646
saddle1,3R_vector_sum,nn,0.4,4.711481187769672,2.5922790548022494,200.888496544189,1115.148834454241,-12.657022511374704,686.003637780369,17.02782543543525,901.9147614352319
saddle1,3R_vector_sum,nn,0.5,4.768174054394179,2.589491554473961,168.72135349452623,533.7637982757602,-56.10847147380266,334.9323883889565,74.16515467194952,439.98322472717257
saddle1,3R_vector_sum,nn,0.6,4.822953554827634,2.5862032021490333,168.53121723227733,497.71787843996987,-47.12084703557932,315.59034020337725,62.415505516062076,413.9718930371214
saddle1,3R_vector_sum,rbf,0.1,1.0412594918851215,0.22261563456671926,0.4687343902779431,0.9891514617358882,-0.9148356978893526,1.0158160040718531,0.5733723845615663,0.43977817929605156
saddle1,3R_vector_sum,rbf,0.2,1.0514498571442725,0.19885212418607898,0.5150970242715703,1.2152393590611434,-0.8145328701810729,1.230309031009255,0.6062513060901449,0.5276447876477689
saddle1,3R_vector_sum,rbf,0.3,1.0612139161252054,0.17522747564361985,0.4706335154478317,0.9447917004125993,-0.9080884276193073,0.978483604512859,0.5985762955738629,0.4130279026309829
saddle1,3R_vector_sum,rbf,0.4,1.071685832625489,0.15072290406116876,0.5723972266455102,1.7054129996986949,-0.9083328444779413,1.037613874345308,0.5262318125958636,1.470145991270828
saddle1,3R_vector_sum,rbf,0.5,1.0793840985813643,0.13122914463301863,0.49834692350150384,0.9914571285493441,-0.9138784436214498,1.0207916721815542,0.5990404504324867,0.44094477641025676
saddle1,3R_vector_sum,rbf,0.6,1.084450877972045,0.11673578555706113,0.5115793343390758,1.0229514961509563,-0.8894095781057183,1.0509702631481992,0.6234682980759955,0.458251390441688
