environment,primitive,radius,avg_dist_origin,std_dist_origin,avg_dist_to_est_center,std_dist_to_est_center,est_center_x_mean,est_center_x_std,est_center_y_mean,est_center_y_std
sink1,3R_orbiter_plane,0.1,0.20241497009542647,0.020354765328223827,0.20241497009542647,0.020354765328223827,6.874323563889502e-19,2.658339070595782e-17,2.0008461204265855e-19,2.1641565018026597e-17
sink1,3R_orbiter_plane,0.2,0.2746281300301979,0.015926527147830646,0.2746281300301979,0.015926527147830646,-6.877910388612923e-19,2.2508118180136815e-17,-2.527372988626193e-18,2.970700912163273e-17
sink1,3R_orbiter_plane,0.3,0.35925182100173925,0.015006446263305922,0.35925182100173925,0.015006446263305934,-1.2148272754931133e-18,3.8345085600190387e-17,-6.060588381654374e-19,7.975746334561924e-17
sink1,3R_orbiter_plane,0.4,0.44334954536515947,0.01811526384734442,0.44334954536515936,0.018115263847344427,6.198892651688439e-18,9.84144011717521e-17,1.6398505113386078e-18,8.333492879814236e-17
sink1,3R_orbiter_plane,0.5,0.544879144508254,0.030252958674123007,0.5448791445082539,0.030252958674123,1.118382564658155e-18,1.3427139571409903e-16,1.7733665610560017e-18,8.502972278085524e-17
sink1,3R_orbiter_plane,0.6,0.6329265618426998,0.007475072711426412,0.6329265618426998,0.007475072711426402,-1.7348681500039605e-18,2.1527657013923353e-16,1.1737011923334415e-17,1.447057785719123e-16
sink1,4R_orbiter_planar,0.1,0.20227045245058495,0.020185016532042965,0.20227045245058495,0.020185016532042965,-1.9916173996436524e-19,1.1882694632800234e-17,-1.4173669284479435e-18,1.2297117222903015e-17
sink1,4R_orbiter_planar,0.2,0.2753167715566354,0.015943775055397378,0.2753167715566354,0.015943775055397378,1.9787730381898622e-18,2.2977470565407865e-17,2.2656650295750366e-19,2.1960032813894417e-17
sink1,4R_orbiter_planar,0.3,0.35802064960002505,0.01269310456633964,0.3580206496000251,0.01269310456633964,-1.815944987208787e-18,3.621801680920015e-17,5.655003452793817e-19,3.461153223811862e-17
sink1,4R_orbiter_planar,0.4,0.44656739256330014,0.010362453182863616,0.44656739256330014,0.010362453182863614,4.866627120300901e-18,4.473704002690817e-17,-9.239089847442956e-19,3.832511393902525e-17
sink1,4R_orbiter_planar,0.5,0.5386341307342271,0.00868017822029255,0.5386341307342271,0.00868017822029255,2.5380370638634637e-18,5.774695165690971e-17,1.723699892080517e-18,6.261630025119146e-17
sink1,4R_orbiter_planar,0.6,0.6328944916947017,0.007433977971266734,0.6328944916947017,0.00743397797126672,-2.8715368232942252e-18,1.2371205215209547e-16,5.658412998036814e-18,1.0124977602620976e-16
sink1,4R_orbiter_advanced,0.1,0.1955395385400164,0.02666976564650204,0.1955395385400164,0.02666976564650204,-6.552470222503617e-20,5.599160717366682e-18,-6.694144995013309e-20,6.481025617463274e-18
sink1,4R_orbiter_advanced,0.2,0.2731927799276123,0.01907440416308737,0.2731927799276123,0.01907440416308737,-9.385465666675298e-19,1.2650203974680862e-17,-5.094551750071858e-19,1.4502191416571636e-17
sink1,4R_orbiter_advanced,0.3,0.3571373475294712,0.014411614127837353,0.3571373475294712,0.014411614127837353,1.5645179422829956e-18,2.43683874748447e-17,6.402121344699436e-19,2.8861940216795325e-17
sink1,4R_orbiter_advanced,0.4,0.4460209711107757,0.011452841006439004,0.4460209711107757,0.011452841006439009,-1.3535698713025097e-18,4.113712729582226e-17,4.359111557772489e-18,4.338030466780613e-17
sink1,4R_orbiter_advanced,0.5,0.5382270243701117,0.009493041781434144,0.5382270243701117,0.009493041781434149,-2.8701766320339226e-18,8.09354681976121e-17,-9.803337410414812e-19,7.775192859345651e-17
sink1,4R_orbiter_advanced,0.6,0.6325900534964999,0.008050929590037564,0.6325900534964999,0.008050929590037564,-1.4933146784789848e-18,9.060174161421391e-17,-1.7479026786241965e-18,9.282795187308661e-17
source1,3R_orbiter_plane,0.1,0.20241497009542647,0.020354765328223827,0.20241497009542647,0.020354765328223827,6.874323563889502e-19,2.658339070595782e-17,2.0008461204265855e-19,2.1641565018026597e-17
source1,3R_orbiter_plane,0.2,0.2746281300301979,0.015926527147830646,0.2746281300301979,0.015926527147830646,-6.877910388612923e-19,2.2508118180136815e-17,-2.527372988626193e-18,2.970700912163273e-17
source1,3R_orbiter_plane,0.3,0.35925182100173925,0.015006446263305922,0.35925182100173925,0.015006446263305934,-1.2148272754931133e-18,3.8345085600190387e-17,-6.060588381654374e-19,7.975746334561924e-17
source1,3R_orbiter_plane,0.4,0.44334954536515947,0.01811526384734442,0.44334954536515936,0.018115263847344427,6.198892651688439e-18,9.84144011717521e-17,1.6398505113386078e-18,8.333492879814236e-17
source1,3R_orbiter_plane,0.5,0.544879144508254,0.030252958674123007,0.5448791445082539,0.030252958674123,1.118382564658155e-18,1.3427139571409903e-16,1.7733665610560017e-18,8.502972278085524e-17
source1,3R_orbiter_plane,0.6,0.6329265618426998,0.007475072711426412,0.6329265618426998,0.007475072711426402,-1.7348681500039605e-18,2.1527657013923353e-16,1.1737011923334415e-17,1.447057785719123e-16
source1,4R_orbiter_planar,0.1,0.20227045245058495,0.020185016532042965,0.20227045245058495,0.020185016532042965,-1.9916173996436524e-19,1.1882694632800234e-17,-1.4173669284479435e-18,1.2297117222903015e-17
source1,4R_orbiter_planar,0.2,0.2753167715566354,0.015943775055397378,0.2753167715566354,0.015943775055397378,1.9787730381898622e-18,2.2977470565407865e-17,2.2656650295750366e-19,2.1960032813894417e-17
source1,4R_orbiter_planar,0.3,0.35802064960002505,0.01269310456633964,0.3580206496000251,0.01269310456633964,-1.815944987208787e-18,3.621801680920015e-17,5.655003452793817e-19,3.461153223811862e-17
source1,4R_orbiter_planar,0.4,0.44656739256330014,0.010362453182863616,0.44656739256330014,0.010362453182863614,4.866627120300901e-18,4.473704002690817e-17,-9.239089847442956e-19,3.832511393902525e-17
source1,4R_orbiter_planar,0.5,0.5386341307342271,0.00868017822029255,0.5386341307342271,0.00868017822029255,2.5380370638634637e-18,5.774695165690971e-17,1.723699892080517e-18,6.261630025119146e-17
source1,4R_orbiter_planar,0.6,0.6328944916947017,0.007433977971266734,0.6328944916947017,0.00743397797126672,-2.8715368232942252e-18,1.2371205215209547e-16,5.658412998036814e-18,1.0124977602620976e-16
source1,4R_orbiter_advanced,0.1,0.1955395385400164,0.02666976564650204,0.1955395385400164,0.02666976564650204,-6.552470222503617e-20,5.599160717366682e-18,-6.694144995013309e-20,6.481025617463274e-18
source1,4R_orbiter_advanced,0.2,0.2731927799276123,0.01907440416308737,0.2731927799276123,0.01907440416308737,-9.385465666675298e-19,1.2650203974680862e-17,-5.094551750071858e-19,1.4502191416571636e-17
source1,4R_orbiter_advanced,0.3,0.3571373475294712,0.014411614127837353,0.3571373475294712,0.014411614127837353,1.5645179422829956e-18,2.43683874748447e-17,6.402121344699436e-19,2.8861940216795325e-17
source1,4R_orbiter_advanced,0.4,0.4460209711107757,0.011452841006439004,0.4460209711107757,0.011452841006439009,-1.3535698713025097e-18,4.113712729582226e-17,4.359111557772489e-18,4.338030466780613e-17
source1,4R_orbiter_advanced,0.5,0.5382270243701117,0.009493041781434144,0.5382270243701117,0.009493041781434149,-2.8701766320339226e-18,8.09354681976121e-17,-9.803337410414812e-19,7.775192859345651e-17
source1,4R_orbiter_advanced,0.6,0.6325900534964999,0.008050929590037564,0.6325900534964999,0.008050929590037564,-1.4933146784789848e-18,9.060174161421391e-17,-1.7479026786241965e-18,9.282795187308661e-17
vortex1,3R_orbiter_plane,0.1,0.2024149695176695,0.020354764642859995,0.20241496953356047,0.020354764641835825,1.2069405987465853e-11,7.446247862955594e-11,1.4576397600415013e-11,6.337968464866678e-11
vortex1,3R_orbiter_plane,0.2,0.27462813021583077,0.01592652687567211,0.27462813024808536,0.015926526888928476,4.3359609112610876e-12,5.623693718455335e-11,1.252164883170824e-11,6.060436122701025e-11
vortex1,3R_orbiter_plane,0.3,0.3592518194974928,0.015006440396375555,0.3592518195661733,0.015006440391905159,1.4096546969627012e-11,6.311520354700441e-11,9.493740036748502e-12,8.26615851369703e-11
vortex1,3R_orbiter_plane,0.4,0.44334954354412975,0.018115272084831702,0.44334954362691403,0.01811527209146883,2.9302155553117474e-12,6.619094450598499e-11,3.1339255338304168e-12,9.788358591888004e-11
vortex1,3R_orbiter_plane,0.5,0.5448791477379621,0.030252972512409364,0.5448791478279718,0.030252972508136192,1.350469867940689e-11,1.2048627637902774e-10,1.8141496631479188e-11,1.0004143361775909e-10
vortex1,3R_orbiter_plane,0.6,0.6329265657449465,0.007475075009190297,0.6329265658335332,0.007475075010726875,1.8602602450253854e-11,7.495812177907883e-11,-2.176893991776097e-12,6.569167838170759e-11
vortex1,4R_orbiter_planar,0.1,0.20227045240991334,0.02018501652035258,0.2022704524747607,0.020185016538640216,6.0082579835341804e-12,5.137782270785643e-11,9.846933163633658e-12,5.326269364405799e-11
vortex1,4R_orbiter_planar,0.2,0.27531677149474204,0.01594377504489103,0.2753167715784198,0.01594377504666903,1.0759885192241322e-11,6.144964918638243e-11,2.3743266174196515e-12,6.03755995895413e-11
vortex1,4R_orbiter_planar,0.3,0.3580206495270286,0.012693104553129822,0.35802064961728264,0.012693104552351658,1.2147270163085882e-11,6.287847111930596e-11,6.604818830938267e-12,6.544790510713313e-11
vortex1,4R_orbiter_planar,0.4,0.4465673924837171,0.010362453168088632,0.4465673925783878,0.010362453167116372,4.432584012458645e-12,6.629666525744659e-11,-3.106447964949981e-12,6.876604634618235e-11
vortex1,4R_orbiter_planar,0.5,0.5386341306506517,0.0086801782045474,0.5386341307464207,0.008680178203119955,1.0709629511392746e-11,6.716875297909036e-11,1.0493402133648324e-11,6.757312982046792e-11
vortex1,4R_orbiter_planar,0.6,0.632894491608571,0.0074339779548854195,0.6328944917054175,0.007433977953400263,2.2101140979816182e-11,6.554495289446483e-11,3.9378033024241425e-13,6.841256027344879e-11
vortex1,4R_orbiter_advanced,0.1,0.1955395384478328,0.02666976561148863,0.19553953847048944,0.026669765625624616,-4.73360801988259e-12,4.0620223125024864e-11,-6.197792025889069e-13,4.0974794564634265e-11
vortex1,4R_orbiter_advanced,0.2,0.2731927798233589,0.019074404132896457,0.27319277991466095,0.019074404159324883,3.2421244930250904e-12,7.104888419818091e-11,2.882459119385091e-12,7.021847487887612e-11
vortex1,4R_orbiter_advanced,0.3,0.357137347432323,0.014411614104439549,0.3571373475381968,0.014411614113415083,1.1674591782050494e-11,7.499373570705896e-11,5.56818178600783e-12,7.604663615372564e-11
vortex1,4R_orbiter_advanced,0.4,0.44602097101427196,0.011452840981701623,0.4460209711231037,0.011452840986785671,1.312105134044602e-12,7.638584032425618e-11,-4.536174918467672e-12,7.819539416865967e-11
vortex1,4R_orbiter_advanced,0.5,0.5382270242718334,0.009493041759371393,0.5382270243811275,0.009493041763052157,1.1264566096067704e-11,7.62970076049166e-11,9.074963346935805e-12,7.729868152551948e-11
vortex1,4R_orbiter_advanced,0.6,0.6325900533991672,0.00805092956619937,0.6325900535081918,0.00805092956914301,2.3320321335078747e-11,7.415990753087977e-11,-3.1415422170518812e-12,7.659511189309047e-11
sinking_vortex1,3R_orbiter_plane,0.1,0.20241496977173032,0.020354764971910144,0.20241496978466203,0.020354764972070727,1.5373557128862745e-11,7.604043378768468e-11,8.811259817575714e-12,5.099509492133712e-11
sinking_vortex1,3R_orbiter_plane,0.2,0.2746281291659895,0.015926527349275108,0.27462812919477886,0.01592652736333693,7.918070855446008e-12,5.299138900342196e-11,9.552353137661231e-12,5.643281855688674e-11
sinking_vortex1,3R_orbiter_plane,0.3,0.3592518193561194,0.015006440006355207,0.3592518194141484,0.015006440004364355,1.5479827151920125e-11,6.54847157060879e-11,3.6888097704852226e-12,7.20740917586228e-11
sinking_vortex1,3R_orbiter_plane,0.4,0.44334954330717,0.018115273468644028,0.4433495433798985,0.01811527347538695,3.599277909979587e-12,6.471166807075816e-11,1.7842056308689133e-12,8.974130721598206e-11
sinking_vortex1,3R_orbiter_plane,0.5,0.5448791373065881,0.03025293231585108,0.5448791373822378,0.030252932308871466,1.7803798375697697e-11,1.2737652819837992e-10,1.1464897464702318e-11,7.263396538827923e-11
sinking_vortex1,3R_orbiter_plane,0.6,0.632926559788925,0.007475071554167404,0.6329265598655255,0.0074750715587974135,1.5593491071065823e-11,7.136797962176212e-11,-8.024397653320606e-12,6.013291031990633e-11
sinking_vortex1,4R_orbiter_planar,0.1,0.20227045244420847,0.020185016531092344,0.20227045250099981,0.020185016546032795,8.504864786825663e-12,4.881981995975328e-11,6.657614445720194e-12,4.9173408572344405e-11
sinking_vortex1,4R_orbiter_planar,0.2,0.27531677153381695,0.015943775051776188,0.27531677160781237,0.0159437750510076,1.0213924384722856e-11,5.7511941842443316e-11,-1.4558937159255418e-12,5.655702753419755e-11
sinking_vortex1,4R_orbiter_planar,0.3,0.3580206495639587,0.012693104559715831,0.35802064964341995,0.012693104557267647,1.2821100307436135e-11,5.838585804348338e-11,1.7969068455165592e-12,6.174693837299663e-11
sinking_vortex1,4R_orbiter_planar,0.4,0.44656739251760513,0.01036245317431063,0.4465673926009153,0.010362453172048331,2.864810759118367e-12,6.164720814178835e-11,-4.180739935350341e-12,6.479785270244362e-11
sinking_vortex1,4R_orbiter_planar,0.5,0.5386341306817385,0.008680178210365565,0.5386341307657132,0.008680178207858281,1.2839147706623311e-11,6.032351102656768e-11,5.6787153805026995e-12,6.572419563168258e-11
sinking_vortex1,4R_orbiter_planar,0.6,0.6328944916373217,0.0074339779603339665,0.6328944917227763,0.007433977958181104,1.9505767179254024e-11,6.152874828122415e-11,-6.920873831961112e-12,6.390575041116559e-11
sinking_vortex1,4R_orbiter_advanced,0.1,0.1955395384571623,0.026669765617554016,0.19553953849318512,0.02666976563439106,-4.35377429672994e-12,3.8303608899804804e-11,1.0128886394664195e-12,3.809662570209263e-11
sinking_vortex1,4R_orbiter_advanced,0.2,0.2731927798656052,0.01907440414677059,0.2731927799546811,0.019074404169727836,3.790069700094063e-12,6.692860810817429e-11,1.4611801146744412e-12,6.53368511327977e-11
sinking_vortex1,4R_orbiter_advanced,0.3,0.35713734747239917,0.014411614115035989,0.357137347569946,0.014411614122464644,1.2065892865549798e-11,7.01257086479621e-11,1.0434698629768667e-12,7.129639670500454e-11
sinking_vortex1,4R_orbiter_advanced,0.4,0.4460209710512375,0.011452840990585168,0.44602097114955247,0.011452840994883966,-3.4100399117357725e-13,7.14072503516453e-11,-4.408290206758225e-12,7.332882437901568e-11
sinking_vortex1,4R_orbiter_advanced,0.5,0.5382270243057574,0.00949304176558428,0.5382270244035593,0.009493041768711555,1.285933948968067e-11,6.894938665585175e-11,4.2527135737068905e-12,7.475267945178851e-11
sinking_vortex1,4R_orbiter_advanced,0.6,0.6325900534302139,0.008050929573682005,0.6325900535272427,0.008050929576173068,1.941236935883741e-11,6.994429578948622e-11,-1.0421191412828567e-11,7.122465911149188e-11
spewing_vortex1,3R_orbiter_plane,0.1,0.20241496977173032,0.020354764971910144,0.20241496978466203,0.020354764972070727,1.5373557128862745e-11,7.604043378768468e-11,8.811259817575714e-12,5.099509492133712e-11
spewing_vortex1,3R_orbiter_plane,0.2,0.2746281291659895,0.015926527349275108,0.27462812919477886,0.01592652736333693,7.918070855446008e-12,5.299138900342196e-11,9.552353137661231e-12,5.643281855688674e-11
spewing_vortex1,3R_orbiter_plane,0.3,0.3592518193561194,0.015006440006355207,0.3592518194141484,0.015006440004364355,1.5479827151920125e-11,6.54847157060879e-11,3.6888097704852226e-12,7.20740917586228e-11
spewing_vortex1,3R_orbiter_plane,0.4,0.44334954330717,0.018115273468644028,0.4433495433798985,0.01811527347538695,3.599277909979587e-12,6.471166807075816e-11,1.7842056308689133e-12,8.974130721598206e-11
spewing_vortex1,3R_orbiter_plane,0.5,0.5448791373065881,0.03025293231585108,0.5448791373822378,0.030252932308871466,1.7803798375697697e-11,1.2737652819837992e-10,1.1464897464702318e-11,7.263396538827923e-11
spewing_vortex1,3R_orbiter_plane,0.6,0.632926559788925,0.007475071554167404,0.6329265598655255,0.0074750715587974135,1.5593491071065823e-11,7.136797962176212e-11,-8.024397653320606e-12,6.013291031990633e-11
spewing_vortex1,4R_orbiter_planar,0.1,0.20227045244420847,0.020185016531092344,0.20227045250099981,0.020185016546032795,8.504864786825663e-12,4.881981995975328e-11,6.657614445720194e-12,4.9173408572344405e-11
spewing_vortex1,4R_orbiter_planar,0.2,0.27531677153381695,0.015943775051776188,0.27531677160781237,0.0159437750510076,1.0213924384722856e-11,5.7511941842443316e-11,-1.4558937159255418e-12,5.655702753419755e-11
spewing_vortex1,4R_orbiter_planar,0.3,0.3580206495639587,0.012693104559715831,0.35802064964341995,0.012693104557267647,1.2821100307436135e-11,5.838585804348338e-11,1.7969068455165592e-12,6.174693837299663e-11
spewing_vortex1,4R_orbiter_planar,0.4,0.44656739251760513,0.01036245317431063,0.4465673926009153,0.010362453172048331,2.864810759118367e-12,6.164720814178835e-11,-4.180739935350341e-12,6.479785270244362e-11
spewing_vortex1,4R_orbiter_planar,0.5,0.5386341306817385,0.008680178210365565,0.5386341307657132,0.008680178207858281,1.2839147706623311e-11,6.032351102656768e-11,5.6787153805026995e-12,6.572419563168258e-11
spewing_vortex1,4R_orbiter_planar,0.6,0.6328944916373217,0.0074339779603339665,0.6328944917227763,0.007433977958181104,1.9505767179254024e-11,6.152874828122415e-11,-6.920873831961112e-12,6.390575041116559e-11
spewing_vortex1,4R_orbiter_advanced,0.1,0.1955395384571623,0.026669765617554016,0.19553953849318512,0.02666976563439106,-4.35377429672994e-12,3.8303608899804804e-11,1.0128886394664195e-12,3.809662570209263e-11
spewing_vortex1,4R_orbiter_advanced,0.2,0.2731927798656052,0.01907440414677059,0.2731927799546811,0.019074404169727836,3.790069700094063e-12,6.692860810817429e-11,1.4611801146744412e-12,6.53368511327977e-11
spewing_vortex1,4R_orbiter_advanced,0.3,0.35713734747239917,0.014411614115035989,0.357137347569946,0.014411614122464644,1.2065892865549798e-11,7.01257086479621e-11,1.0434698629768667e-12,7.129639670500454e-11
spewing_vortex1,4R_orbiter_advanced,0.4,0.4460209710512375,0.011452840990585168,0.44602097114955247,0.011452840994883966,-3.4100399117357725e-13,7.14072503516453e-11,-4.408290206758225e-12,7.332882437901568e-11
spewing_vortex1,4R_orbiter_advanced,0.5,0.5382270243057574,0.00949304176558428,0.5382270244035593,0.009493041768711555,1.285933948968067e-11,6.894938665585175e-11,4.2527135737068905e-12,7.475267945178851e-11
spewing_vortex1,4R_orbiter_advanced,0.6,0.6325900534302139,0.008050929573682005,0.6325900535272427,0.008050929576173068,1.941236935883741e-11,6.994429578948622e-11,-1.0421191412828567e-11,7.122465911149188e-11
saddle1,3R_orbiter_plane,0.1,0.20241496988853236,0.020354765128428823,0.20241496988853233,0.02035476512842882,-2.3358872803172855e-18,2.8888892002667815e-17,1.898340287295855e-18,5.314953637139801e-17
saddle1,3R_orbiter_plane,0.2,0.27462812972500933,0.01592652714364163,0.27462812972500933,0.015926527143641633,-1.5296983607360758e-18,3.584892185683649e-17,1.2832849493036563e-18,4.1095831600691324e-17
saddle1,3R_orbiter_plane,0.3,0.3592518198984039,0.015006441778007473,0.3592518198984038,0.015006441778007473,3.742354360810647e-18,9.656227806186896e-17,-1.0601041049142008e-17,1.6479074088829165e-16
saddle1,3R_orbiter_plane,0.4,0.4433495478437965,0.018115255166944965,0.4433495478437965,0.018115255166944948,2.2959982255650752e-17,2.3360168334106795e-16,-4.84896511145488e-18,1.2630285197530633e-16
saddle1,3R_orbiter_plane,0.5,0.5448791494500939,0.030252977114742074,0.5448791494500939,0.030252977114741994,3.29864914072147e-18,1.3252792406743675e-16,-7.956152428448371e-17,1.447997882950208e-15
saddle1,3R_orbiter_plane,0.6,0.6329265615554864,0.007475072538480109,0.6329265615554864,0.007475072538480082,1.3007323933158374e-17,2.485405641681062e-16,7.756440178384257e-19,4.2332411695215744e-16
saddle1,4R_orbiter_planar,0.1,0.20227045245058498,0.020185016532042962,0.20227045245058498,0.020185016532042965,8.058958473528078e-19,2.284655330349342e-17,2.908771954969137e-18,2.3814998154320812e-17
saddle1,4R_orbiter_planar,0.2,0.2753167715566354,0.01594377505539738,0.2753167715566354,0.01594377505539738,-1.956323964362622e-18,3.541878525995642e-17,2.5326052216499758e-18,3.8317154006641216e-17
saddle1,4R_orbiter_planar,0.3,0.3580206496000251,0.012693104566339642,0.3580206496000251,0.012693104566339647,-3.0233166350057543e-18,6.190693646540149e-17,-1.6666773833817787e-18,6.260096303876247e-17
saddle1,4R_orbiter_planar,0.4,0.44656739256330014,0.010362453182863614,0.44656739256330014,0.010362453182863622,-3.69342948448627e-18,9.240656913921419e-17,5.626872128160585e-18,8.817303761059896e-17
saddle1,4R_orbiter_planar,0.5,0.5386341307342271,0.008680178220292548,0.5386341307342271,0.008680178220292557,-1.2584094354583394e-17,1.269823651027114e-16,3.3911222176862504e-18,1.1964558520255427e-16
saddle1,4R_orbiter_planar,0.6,0.6328944916947017,0.007433977971266728,0.6328944916947017,0.007433977971266709,4.573769573406806e-18,1.7463877096723457e-16,3.095252222852068e-18,1.867794394644559e-16
saddle1,4R_orbiter_advanced,0.1,0.19553953853381148,0.02666976564488096,0.19553953853381148,0.02666976564488096,2.4132241172447874e-20,9.352921929420192e-18,4.80585320817694e-19,1.0938759853775892e-17
saddle1,4R_orbiter_advanced,0.2,0.2731927799308332,0.019074404164231933,0.2731927799308332,0.019074404164231933,-2.012298363888205e-18,1.9812650360517392e-17,2.1350144330542515e-18,2.460930614704061e-17
saddle1,4R_orbiter_advanced,0.3,0.3571373475296771,0.014411614128156256,0.3571373475296771,0.01441161412815625,1.4269568830772584e-18,4.2056385237302947e-17,-6.471956685014527e-19,4.8506855063113005e-17
saddle1,4R_orbiter_advanced,0.4,0.4460209711112259,0.011452841005992141,0.44602097111122596,0.011452841005992144,7.052202072668191e-18,8.064716569549182e-17,1.053933138079908e-18,8.154108324574002e-17
saddle1,4R_orbiter_advanced,0.5,0.5382270243696339,0.009493041781759444,0.5382270243696339,0.00949304178175944,-2.150462271742853e-19,1.3010250784520255e-16,-2.7158295036535242e-18,1.3625636597614847e-16
saddle1,4R_orbiter_advanced,0.6,0.6325900534968842,0.008050929589646792,0.6325900534968842,0.00805092958964679,2.0971590199640436e-17,1.7140790205713378e-16,-5.836302161919842e-20,1.7050817093185902e-16
