start_lat,start_lon,end_lat,end_lon,branch,dist_ridge_km
34.3500,-120.4400,33.9203,-120.5665,west/offshore,0.710
34.3500,-120.4289,33.9197,-120.5680,west/offshore,0.162
34.3500,-120.4178,34.0906,-120.2260,south/island,0.388
34.3500,-120.4067,34.0410,-120.2625,south/island,1.065
34.3500,-120.3956,34.0409,-120.2628,south/island,2.019
34.3500,-120.3844,34.0411,-120.2621,south/island,2.913
34.3500,-120.3733,34.0017,-120.2445,south/island,3.823
34.3500,-120.3622,33.9701,-120.4923,west/offshore,4.762
34.3500,-120.3511,34.0411,-120.2621,south/island,5.656
34.3500,-120.3400,34.0412,-120.2620,south/island,6.112
34.3611,-120.4400,33.9188,-120.5701,west/offshore,1.201
34.3611,-120.4289,34.1960,-120.6813,west/offshore,0.283
34.3611,-120.4178,34.0411,-120.2621,south/island,0.247
34.3611,-120.4067,34.0409,-120.2628,south/island,0.533
34.3611,-120.3956,34.0017,-120.2445,south/island,1.506
34.3611,-120.3844,34.0413,-120.2615,south/island,2.382
34.3611,-120.3733,34.0412,-120.2617,south/island,3.293
34.3611,-120.3622,34.0411,-120.2621,south/island,4.231
34.3611,-120.3511,34.0906,-120.2262,south/island,4.561
34.3611,-120.3400,34.0404,-120.2647,south/island,5.045
34.3722,-120.4400,34.1321,-120.7117,west/offshore,1.529
34.3722,-120.4289,34.1026,-120.6684,west/offshore,0.630
34.3722,-120.4178,34.0411,-120.2621,south/island,0.082
34.3722,-120.4067,34.0388,-120.2696,south/island,0.009
34.3722,-120.3956,34.0422,-120.2606,south/island,1.015
34.3722,-120.3844,34.0411,-120.2621,south/island,1.851
34.3722,-120.3733,34.0657,-120.1906,south/island,2.765
34.3722,-120.3622,34.0410,-120.2625,south/island,3.059
34.3722,-120.3511,34.0404,-120.2647,south/island,3.462
34.3722,-120.3400,34.0390,-120.2685,south/island,3.927
34.3833,-120.4400,34.1320,-120.7109,west/offshore,2.053
34.3833,-120.4289,34.0389,-120.2689,south/island,1.126
34.3833,-120.4178,34.0798,-120.2380,south/island,0.256
34.3833,-120.4067,34.0411,-120.2622,south/island,0.242
34.3833,-120.3956,34.0658,-120.1907,south/island,0.597
34.3833,-120.3844,34.0659,-120.1908,south/island,1.321
34.3833,-120.3733,34.0416,-120.2607,south/island,1.740
34.3833,-120.3622,34.0906,-120.2261,south/island,1.893
34.3833,-120.3511,34.0410,-120.2626,south/island,2.377
34.3833,-120.3400,34.0406,-120.2640,south/island,2.905
34.3944,-120.4400,34.0832,-120.6860,west/offshore,2.335
34.3944,-120.4289,34.0015,-120.2443,south/island,1.476
34.3944,-120.4178,34.0410,-120.2625,south/island,0.551
34.3944,-120.4067,34.0658,-120.1907,south/island,0.003
34.3944,-120.3956,34.0659,-120.1908,south/island,0.076
34.3944,-120.3844,34.0416,-120.2607,south/island,0.514
34.3944,-120.3733,34.0017,-120.2445,south/island,0.543
34.3944,-120.3622,34.0411,-120.2621,south/island,0.924
34.3944,-120.3511,34.0404,-120.2646,south/island,1.306
34.3944,-120.3400,34.0392,-120.2678,south/island,2.039
34.4056,-120.4400,34.0976,-120.5794,west/offshore,2.866
34.4056,-120.4289,34.0674,-120.1956,south/island,1.996
34.4056,-120.4178,34.0412,-120.2618,south/island,1.051
34.4056,-120.4067,34.0413,-120.2613,south/island,0.252
34.4056,-120.3956,34.0410,-120.2626,south/island,0.252
34.4056,-120.3844,33.9996,-120.2354,south/island,0.286
34.4056,-120.3733,34.0906,-120.2262,south/island,0.335
34.4056,-120.3622,34.0410,-120.2624,south/island,0.286
34.4056,-120.3511,34.0415,-120.2608,south/island,0.460
34.4056,-120.3400,34.0413,-120.2614,south/island,1.431
34.4167,-120.4400,34.0903,-120.2274,south/island,3.398
34.4167,-120.4289,34.0409,-120.2629,south/island,2.522
34.4167,-120.4178,34.0407,-120.2636,south/island,1.791
34.4167,-120.4067,34.0412,-120.2620,south/island,1.067
34.4167,-120.3956,34.0906,-120.2260,south/island,0.393
34.4167,-120.3844,34.0016,-120.2444,south/island,0.156
34.4167,-120.3733,34.0413,-120.2613,south/island,0.235
34.4167,-120.3622,34.0906,-120.2261,south/island,0.156
34.4167,-120.3511,34.0412,-120.2620,south/island,0.393
34.4167,-120.3400,34.0389,-120.2689,south/island,0.972
34.4278,-120.4400,34.0883,-120.2312,south/island,2.208
34.4278,-120.4289,34.0017,-120.2445,south/island,2.525
34.4278,-120.4178,34.0413,-120.2614,south/island,2.617
34.4278,-120.4067,34.0413,-120.2614,south/island,1.881
34.4278,-120.3956,34.0415,-120.2608,south/island,1.305
34.4278,-120.3844,34.0906,-120.2262,south/island,0.815
34.4278,-120.3733,34.0412,-120.2620,south/island,0.351
34.4278,-120.3622,34.0391,-120.2679,south/island,0.278
34.4278,-120.3511,34.0407,-120.2636,south/island,0.243
34.4278,-120.3400,34.0389,-120.2711,south/island,0.230
34.4389,-120.4400,34.0404,-120.2649,south/island,0.990
34.4389,-120.4289,34.0412,-120.2618,south/island,1.575
34.4389,-120.4178,34.0409,-120.2627,south/island,1.456
34.4389,-120.4067,34.0411,-120.2623,south/island,1.454
34.4389,-120.3956,34.0389,-120.2689,south/island,1.456
34.4389,-120.3844,34.0408,-120.2630,south/island,1.462
34.4389,-120.3733,34.0415,-120.2609,south/island,1.226
34.4389,-120.3622,34.0411,-120.2623,south/island,0.808
34.4389,-120.3511,34.0407,-120.2635,south/island,0.079
34.4389,-120.3400,34.0412,-120.2619,south/island,0.020
34.4500,-120.4400,34.1248,-120.4474,west/offshore,0.355
34.4500,-120.4289,34.0413,-120.2616,south/island,1.122
34.4500,-120.4178,34.0389,-120.2701,south/island,0.235
34.4500,-120.4067,34.0412,-120.2619,south/island,0.221
34.4500,-120.3956,34.0409,-120.2629,south/island,0.234
34.4500,-120.3844,34.1262,-120.4459,west/offshore,0.270
34.4500,-120.3733,34.1961,-120.6796,west/offshore,0.738
34.4500,-120.3622,34.1961,-120.6807,west/offshore,1.664
34.4500,-120.3511,34.1248,-120.4476,west/offshore,1.256
34.4500,-120.3400,34.1462,-120.3537,west/offshore,1.254
