<?xml version="1.0" encoding="UTF-8"?>
<sltp_editor version="1.1" packageUris="http://schema.mathworks.com/mf0/DiagramEditor/R2019a_20181107 http://schema.mathworks.com/mf0/SltpSyntax/R2019b_201903011129">
  <sltp.mm.syntax.Context type="sltp.mm.syntax.Context" uuid="0e90fa85-d0d7-4391-ab06-826c4d7f9459">
    <rootGraph type="sltp.mm.syntax.Graph" uuid="e0d9ea5e-8d03-4394-b925-4f20d2568226">
      <priorityDirection>HighNumberFirst</priorityDirection>
      <title>Default</title>
      <diagramElement type="diagram.editor.model.Diagram" uuid="2da94472-e621-4f4a-87e8-a8b66aeed9c6"/>
    </rootGraph>
  </sltp.mm.syntax.Context>
  <diagram.editor.model.Diagram type="diagram.editor.model.Diagram" uuid="2da94472-e621-4f4a-87e8-a8b66aeed9c6">
    <syntaxElement type="sltp.mm.syntax.Graph" uuid="e0d9ea5e-8d03-4394-b925-4f20d2568226"/>
    <title>Default</title>
    <type>graph.Graph</type>
  </diagram.editor.model.Diagram>
</sltp_editor>