<?xml version="1.0" encoding="UTF-8"?>
<sltp_graph version="1.1" packageUris="http://schema.mathworks.com/mf0/sltp_mm/R2019b_201903251320">
  <sltp.mm.core.Context type="sltp.mm.core.Context" uuid="6c2f2eca-8833-4b2c-a7e3-32024469fdf8">
    <editorState type="sltp.mm.core.EditorState" uuid="e841238c-8be9-4359-9d6f-2fce16ed7173"/>
    <rootTask type="sltp.mm.core.Task" uuid="dc4a3832-0288-4caa-9625-0e97d91ef323">
      <context type="sltp.mm.core.Context" uuid="6c2f2eca-8833-4b2c-a7e3-32024469fdf8"/>
      <explicit>false</explicit>
      <name>Default</name>
      <priority>-2147483648</priority>
      <subgraph type="sltp.mm.core.Graph" uuid="2b0ccbdb-eef8-4770-afcb-9df334f5d262"/>
    </rootTask>
  </sltp.mm.core.Context>
</sltp_graph>