<?xml version="1.0" encoding="UTF-8"?>
<sltp_graph version="1.1" packageUris="http://schema.mathworks.com/mf0/sltp_mm/R2018b_201805251631">
  <sltp.mm.core.Context type="sltp.mm.core.Context" uuid="6a51c821-84f8-40ed-b545-563215fe1256">
    <tasks type="sltp.mm.core.Task" uuid="fba5c0bd-eb9d-4d99-9efa-71c6e54786e1"/>
    <rootTask type="sltp.mm.core.Task" uuid="fba5c0bd-eb9d-4d99-9efa-71c6e54786e1">
      <context type="sltp.mm.core.Context" uuid="6a51c821-84f8-40ed-b545-563215fe1256"/>
      <explicit>false</explicit>
      <name>Default</name>
      <priority>-2147483648</priority>
      <subgraph type="sltp.mm.core.Graph" uuid="a0619d58-fe51-4e99-ba1a-6d7d7f9b9894"/>
    </rootTask>
  </sltp.mm.core.Context>
</sltp_graph>