<?xml version="1.0" encoding="UTF-8"?>
<sltp_editor version="1.1" packageUris="http://schema.mathworks.com/mf0/DiagramEditor/19700101 http://schema.mathworks.com/mf0/SltpSyntax/R2018b_201805311549">
  <sltp.mm.syntax.Graph type="sltp.mm.syntax.Graph" uuid="51384859-121d-4040-be0b-2aa110454a66">
    <priorityDirection>HighNumberFirst</priorityDirection>
    <title>Default</title>
    <diagramElement type="diagram.editor.model.Diagram" uuid="b3e3b8ad-534c-42f6-b572-b2e45d88d0bf"/>
  </sltp.mm.syntax.Graph>
  <diagram.editor.model.Diagram type="diagram.editor.model.Diagram" uuid="b3e3b8ad-534c-42f6-b572-b2e45d88d0bf">
    <position empty="true"/>
    <size empty="true"/>
    <syntaxElement type="sltp.mm.syntax.Graph" uuid="51384859-121d-4040-be0b-2aa110454a66"/>
    <title>Default</title>
    <type>graph.Graph</type>
  </diagram.editor.model.Diagram>
</sltp_editor>