<?xml version="1.0" encoding="utf-8"?>
<System>
  <P Name="Location">[223, 338, 826, 833]</P>
  <P Name="SystemRect">[0.000000, 0.000000, 0.000000, 0.000000]</P>
  <P Name="SetExecutionDomain">off</P>
  <P Name="ExecutionDomainType">Deduce</P>
  <P Name="SIDHighWatermark">74</P>
  <P Name="SimulinkSubDomain">Simulink</P>
  <Block BlockType="Inport" Name="Attract" SID="17653::1">
    <P Name="Position">[20, 101, 40, 119]</P>
    <P Name="ZOrder">-1</P>
  </Block>
  <Block BlockType="Inport" Name="Disperse" SID="17653::22">
    <P Name="Position">[20, 136, 40, 154]</P>
    <P Name="ZOrder">13</P>
    <P Name="Port">2</P>
  </Block>
  <Block BlockType="Inport" Name="Avoidance" SID="17653::23">
    <P Name="Position">[20, 171, 40, 189]</P>
    <P Name="ZOrder">14</P>
    <P Name="Port">3</P>
  </Block>
  <Block BlockType="Inport" Name="GoTo" SID="17653::45">
    <P Name="Position">[20, 206, 40, 224]</P>
    <P Name="ZOrder">35</P>
    <P Name="Port">4</P>
  </Block>
  <Block BlockType="Inport" Name="Orbit" SID="17653::49">
    <P Name="Position">[20, 246, 40, 264]</P>
    <P Name="ZOrder">39</P>
    <P Name="Port">5</P>
  </Block>
  <Block BlockType="Inport" Name="Formation" SID="17653::53">
    <P Name="Position">[20, 281, 40, 299]</P>
    <P Name="ZOrder">43</P>
    <P Name="Port">6</P>
  </Block>
  <Block BlockType="Inport" Name="FindMin" SID="17653::24">
    <P Name="Position">[20, 316, 40, 334]</P>
    <P Name="ZOrder">15</P>
    <P Name="Port">7</P>
  </Block>
  <Block BlockType="Inport" Name="FindMax" SID="17653::25">
    <P Name="Position">[20, 351, 40, 369]</P>
    <P Name="ZOrder">16</P>
    <P Name="Port">8</P>
  </Block>
  <Block BlockType="Inport" Name="FindContour" SID="17653::35">
    <P Name="Position">[20, 386, 40, 404]</P>
    <P Name="ZOrder">26</P>
    <P Name="Port">9</P>
  </Block>
  <Block BlockType="Inport" Name="FollowRidge" SID="17653::36">
    <P Name="Position">[20, 426, 40, 444]</P>
    <P Name="ZOrder">27</P>
    <P Name="Port">10</P>
  </Block>
  <Block BlockType="Inport" Name="FollowTrench" SID="17653::37">
    <P Name="Position">[20, 461, 40, 479]</P>
    <P Name="ZOrder">28</P>
    <P Name="Port">11</P>
  </Block>
  <Block BlockType="Inport" Name="FrontId" SID="17653::74">
    <P Name="Position">[20, 496, 40, 514]</P>
    <P Name="ZOrder">64</P>
    <P Name="Port">12</P>
  </Block>
  <Block BlockType="Inport" Name="TrajFollow" SID="17653::54">
    <P Name="Position">[20, 531, 40, 549]</P>
    <P Name="ZOrder">44</P>
    <P Name="Port">13</P>
  </Block>
  <Block BlockType="Inport" Name="Boundary" SID="17653::73">
    <P Name="Position">[20, 566, 40, 584]</P>
    <P Name="ZOrder">63</P>
    <P Name="Port">14</P>
  </Block>
  <Block BlockType="Demux" Name=" Demux " SID="17653::71">
    <P Name="Ports">[1, 1]</P>
    <P Name="Position">[270, 230, 320, 270]</P>
    <P Name="ZOrder">61</P>
    <P Name="Outputs">1</P>
  </Block>
  <Block BlockType="S-Function" Name=" SFunction " SID="17653::70">
    <P Name="Tag">Stateflow S-Function 141</P>
    <P Name="Ports">[14, 2]</P>
    <P Name="Position">[180, 95, 230, 395]</P>
    <P Name="ZOrder">60</P>
    <P Name="FunctionName">sf_sfun</P>
    <P Name="PortCounts">[14 2]</P>
    <P Name="SFunctionDeploymentMode">off</P>
    <P Name="EnableBusSupport">off</P>
    <P Name="SFcnIsStateOwnerBlock">off</P>
    <Port>
      <P Name="PortNumber">2</P>
      <P Name="Name">VCommand</P>
    </Port>
  </Block>
  <Block BlockType="Terminator" Name=" Terminator " SID="17653::72">
    <P Name="Position">[460, 241, 480, 259]</P>
    <P Name="ZOrder">62</P>
  </Block>
  <Block BlockType="Outport" Name="VCommand" SID="17653::5">
    <P Name="Position">[460, 101, 480, 119]</P>
    <P Name="ZOrder">-5</P>
    <P Name="VectorParamsAs1DForOutWhenUnconnected">off</P>
  </Block>
  <Line>
    <P Name="ZOrder">230</P>
    <P Name="Src">17653::1#out:1</P>
    <P Name="Dst">17653::70#in:1</P>
  </Line>
  <Line>
    <P Name="ZOrder">231</P>
    <P Name="Src">17653::22#out:1</P>
    <P Name="Dst">17653::70#in:2</P>
  </Line>
  <Line>
    <P Name="ZOrder">232</P>
    <P Name="Src">17653::23#out:1</P>
    <P Name="Dst">17653::70#in:3</P>
  </Line>
  <Line>
    <P Name="ZOrder">233</P>
    <P Name="Src">17653::45#out:1</P>
    <P Name="Dst">17653::70#in:4</P>
  </Line>
  <Line>
    <P Name="ZOrder">234</P>
    <P Name="Src">17653::49#out:1</P>
    <P Name="Dst">17653::70#in:5</P>
  </Line>
  <Line>
    <P Name="ZOrder">235</P>
    <P Name="Src">17653::53#out:1</P>
    <P Name="Dst">17653::70#in:6</P>
  </Line>
  <Line>
    <P Name="ZOrder">236</P>
    <P Name="Src">17653::24#out:1</P>
    <P Name="Dst">17653::70#in:7</P>
  </Line>
  <Line>
    <P Name="ZOrder">237</P>
    <P Name="Src">17653::25#out:1</P>
    <P Name="Dst">17653::70#in:8</P>
  </Line>
  <Line>
    <P Name="ZOrder">238</P>
    <P Name="Src">17653::35#out:1</P>
    <P Name="Dst">17653::70#in:9</P>
  </Line>
  <Line>
    <P Name="ZOrder">239</P>
    <P Name="Src">17653::36#out:1</P>
    <P Name="Dst">17653::70#in:10</P>
  </Line>
  <Line>
    <P Name="ZOrder">240</P>
    <P Name="Src">17653::37#out:1</P>
    <P Name="Dst">17653::70#in:11</P>
  </Line>
  <Line>
    <P Name="ZOrder">241</P>
    <P Name="Src">17653::74#out:1</P>
    <P Name="Dst">17653::70#in:12</P>
  </Line>
  <Line>
    <P Name="ZOrder">242</P>
    <P Name="Src">17653::54#out:1</P>
    <P Name="Dst">17653::70#in:13</P>
  </Line>
  <Line>
    <P Name="ZOrder">243</P>
    <P Name="Src">17653::73#out:1</P>
    <P Name="Dst">17653::70#in:14</P>
  </Line>
  <Line>
    <P Name="Name">VCommand</P>
    <P Name="ZOrder">244</P>
    <P Name="Labels">[0, 0]</P>
    <P Name="Src">17653::70#out:2</P>
    <P Name="Dst">17653::5#in:1</P>
  </Line>
  <Line>
    <P Name="ZOrder">245</P>
    <P Name="Src">17653::71#out:1</P>
    <P Name="Dst">17653::72#in:1</P>
  </Line>
  <Line>
    <P Name="ZOrder">246</P>
    <P Name="Src">17653::70#out:1</P>
    <P Name="Dst">17653::71#in:1</P>
  </Line>
</System>
