<?xml version="1.0" encoding="utf-8"?>
<System>
  <P Name="Location">[223, 338, 826, 833]</P>
  <P Name="SystemRect">[0.000000, 0.000000, 0.000000, 0.000000]</P>
  <P Name="SetExecutionDomain">off</P>
  <P Name="ExecutionDomainType">Deduce</P>
  <P Name="SIDHighWatermark">74</P>
  <P Name="SimulinkSubDomain">Simulink</P>
  <Block BlockType="Inport" Name="RobotParams" SID="17652::1">
    <P Name="Position">[20, 101, 40, 119]</P>
    <P Name="ZOrder">-1</P>
  </Block>
  <Block BlockType="Inport" Name="NRobot" SID="17652::22">
    <P Name="Position">[20, 136, 40, 154]</P>
    <P Name="ZOrder">13</P>
    <P Name="Port">2</P>
  </Block>
  <Block BlockType="Inport" Name="SensorRange" SID="17652::23">
    <P Name="Position">[20, 171, 40, 189]</P>
    <P Name="ZOrder">14</P>
    <P Name="Port">3</P>
  </Block>
  <Block BlockType="Demux" Name=" Demux " SID="17652::73">
    <P Name="Ports">[1, 1]</P>
    <P Name="Position">[270, 230, 320, 270]</P>
    <P Name="ZOrder">62</P>
    <P Name="Outputs">1</P>
  </Block>
  <Block BlockType="S-Function" Name=" SFunction " SID="17652::72">
    <P Name="Tag">Stateflow S-Function 10</P>
    <P Name="Ports">[3, 2]</P>
    <P Name="Position">[180, 100, 230, 180]</P>
    <P Name="ZOrder">61</P>
    <P Name="FunctionName">sf_sfun</P>
    <P Name="PortCounts">[3 2]</P>
    <P Name="SFunctionDeploymentMode">off</P>
    <P Name="EnableBusSupport">off</P>
    <P Name="SFcnIsStateOwnerBlock">off</P>
    <Port>
      <P Name="PortNumber">2</P>
      <P Name="Name">Vf</P>
    </Port>
  </Block>
  <Block BlockType="Terminator" Name=" Terminator " SID="17652::74">
    <P Name="Position">[460, 241, 480, 259]</P>
    <P Name="ZOrder">63</P>
  </Block>
  <Block BlockType="Outport" Name="Vf" SID="17652::39">
    <P Name="Position">[460, 101, 480, 119]</P>
    <P Name="ZOrder">30</P>
    <P Name="VectorParamsAs1DForOutWhenUnconnected">off</P>
  </Block>
  <Line>
    <P Name="ZOrder">91</P>
    <P Name="Src">17652::1#out:1</P>
    <P Name="Dst">17652::72#in:1</P>
  </Line>
  <Line>
    <P Name="ZOrder">92</P>
    <P Name="Src">17652::22#out:1</P>
    <P Name="Dst">17652::72#in:2</P>
  </Line>
  <Line>
    <P Name="ZOrder">93</P>
    <P Name="Src">17652::23#out:1</P>
    <P Name="Dst">17652::72#in:3</P>
  </Line>
  <Line>
    <P Name="Name">Vf</P>
    <P Name="ZOrder">94</P>
    <P Name="Labels">[0, 0]</P>
    <P Name="Src">17652::72#out:2</P>
    <P Name="Dst">17652::39#in:1</P>
  </Line>
  <Line>
    <P Name="ZOrder">95</P>
    <P Name="Src">17652::73#out:1</P>
    <P Name="Dst">17652::74#in:1</P>
  </Line>
  <Line>
    <P Name="ZOrder">96</P>
    <P Name="Src">17652::72#out:1</P>
    <P Name="Points">[20, 0]</P>
    <P Name="Dst">17652::73#in:1</P>
  </Line>
</System>
