<?xml version="1.0" encoding="utf-8"?>
<System>
  <P Name="Location">[223, 338, 826, 833]</P>
  <P Name="SystemRect">[0.000000, 0.000000, 0.000000, 0.000000]</P>
  <P Name="SetExecutionDomain">off</P>
  <P Name="ExecutionDomainType">Deduce</P>
  <P Name="SIDHighWatermark">69</P>
  <P Name="SimulinkSubDomain">Simulink</P>
  <Block BlockType="Inport" Name="x" SID="17657::1">
    <P Name="Position">[20, 101, 40, 119]</P>
    <P Name="ZOrder">-1</P>
  </Block>
  <Block BlockType="Inport" Name="y" SID="17657::22">
    <P Name="Position">[20, 136, 40, 154]</P>
    <P Name="ZOrder">13</P>
    <P Name="Port">2</P>
  </Block>
  <Block BlockType="Inport" Name="theta" SID="17657::23">
    <P Name="Position">[20, 171, 40, 189]</P>
    <P Name="ZOrder">14</P>
    <P Name="Port">3</P>
  </Block>
  <Block BlockType="Inport" Name="ScalarFieldSelection" SID="17657::42">
    <P Name="Position">[20, 206, 40, 224]</P>
    <P Name="ZOrder">33</P>
    <P Name="Port">4</P>
  </Block>
  <Block BlockType="Demux" Name=" Demux " SID="17657::68">
    <P Name="Ports">[1, 1]</P>
    <P Name="Position">[270, 230, 320, 270]</P>
    <P Name="ZOrder">56</P>
    <P Name="Outputs">1</P>
  </Block>
  <Block BlockType="S-Function" Name=" SFunction " SID="17657::67">
    <P Name="Tag">Stateflow S-Function 91</P>
    <P Name="Ports">[4, 2]</P>
    <P Name="Position">[180, 102, 230, 203]</P>
    <P Name="ZOrder">55</P>
    <P Name="FunctionName">sf_sfun</P>
    <P Name="PortCounts">[4 2]</P>
    <P Name="SFunctionDeploymentMode">off</P>
    <P Name="EnableBusSupport">off</P>
    <P Name="SFcnIsStateOwnerBlock">off</P>
    <Port>
      <P Name="PortNumber">2</P>
      <P Name="Name">SensorValue</P>
    </Port>
  </Block>
  <Block BlockType="Terminator" Name=" Terminator " SID="17657::69">
    <P Name="Position">[460, 241, 480, 259]</P>
    <P Name="ZOrder">57</P>
  </Block>
  <Block BlockType="Outport" Name="SensorValue" SID="17657::5">
    <P Name="Position">[460, 101, 480, 119]</P>
    <P Name="ZOrder">-5</P>
    <P Name="VectorParamsAs1DForOutWhenUnconnected">off</P>
  </Block>
  <Line>
    <P Name="ZOrder">57</P>
    <P Name="Src">17657::1#out:1</P>
    <P Name="Dst">17657::67#in:1</P>
  </Line>
  <Line>
    <P Name="ZOrder">58</P>
    <P Name="Src">17657::22#out:1</P>
    <P Name="Dst">17657::67#in:2</P>
  </Line>
  <Line>
    <P Name="ZOrder">59</P>
    <P Name="Src">17657::23#out:1</P>
    <P Name="Dst">17657::67#in:3</P>
  </Line>
  <Line>
    <P Name="ZOrder">60</P>
    <P Name="Src">17657::42#out:1</P>
    <P Name="Dst">17657::67#in:4</P>
  </Line>
  <Line>
    <P Name="Name">SensorValue</P>
    <P Name="ZOrder">61</P>
    <P Name="Labels">[0, 0]</P>
    <P Name="Src">17657::67#out:2</P>
    <P Name="Dst">17657::5#in:1</P>
  </Line>
  <Line>
    <P Name="ZOrder">62</P>
    <P Name="Src">17657::68#out:1</P>
    <P Name="Dst">17657::69#in:1</P>
  </Line>
  <Line>
    <P Name="ZOrder">63</P>
    <P Name="Src">17657::67#out:1</P>
    <P Name="Dst">17657::68#in:1</P>
  </Line>
</System>
