<?xml version="1.0" encoding="utf-8"?>
<System>
  <P Name="Location">[223, 338, 826, 833]</P>
  <P Name="SystemRect">[0.000000, 0.000000, 0.000000, 0.000000]</P>
  <P Name="SetExecutionDomain">off</P>
  <P Name="ExecutionDomainType">Deduce</P>
  <P Name="SIDHighWatermark">64</P>
  <P Name="SimulinkSubDomain">Simulink</P>
  <Block BlockType="Inport" Name="RobotParams" SID="17644::1">
    <P Name="Position">[20, 101, 40, 119]</P>
    <P Name="ZOrder">-1</P>
  </Block>
  <Block BlockType="Inport" Name="NRobot" SID="17644::22">
    <P Name="Position">[20, 136, 40, 154]</P>
    <P Name="ZOrder">13</P>
    <P Name="Port">2</P>
  </Block>
  <Block BlockType="Inport" Name="SensorRange" SID="17644::23">
    <P Name="Position">[20, 171, 40, 189]</P>
    <P Name="ZOrder">14</P>
    <P Name="Port">3</P>
  </Block>
  <Block BlockType="Inport" Name="t" SID="17644::46">
    <P Name="Position">[20, 206, 40, 224]</P>
    <P Name="ZOrder">36</P>
    <P Name="Port">4</P>
  </Block>
  <Block BlockType="Demux" Name=" Demux " SID="17644::63">
    <P Name="Ports">[1, 1]</P>
    <P Name="Position">[270, 230, 320, 270]</P>
    <P Name="ZOrder">53</P>
    <P Name="Outputs">1</P>
  </Block>
  <Block BlockType="S-Function" Name=" SFunction " SID="17644::62">
    <P Name="Tag">Stateflow S-Function 131</P>
    <P Name="Ports">[4, 2]</P>
    <P Name="Position">[180, 102, 230, 203]</P>
    <P Name="ZOrder">52</P>
    <P Name="FunctionName">sf_sfun</P>
    <P Name="PortCounts">[4 2]</P>
    <P Name="SFunctionDeploymentMode">off</P>
    <P Name="EnableBusSupport">off</P>
    <P Name="SFcnIsStateOwnerBlock">off</P>
    <Port>
      <P Name="PortNumber">2</P>
      <P Name="Name">Attract_Velocity</P>
    </Port>
  </Block>
  <Block BlockType="Terminator" Name=" Terminator " SID="17644::64">
    <P Name="Position">[460, 241, 480, 259]</P>
    <P Name="ZOrder">54</P>
  </Block>
  <Block BlockType="Outport" Name="Attract_Velocity" SID="17644::5">
    <P Name="Position">[460, 101, 480, 119]</P>
    <P Name="ZOrder">-5</P>
    <P Name="VectorParamsAs1DForOutWhenUnconnected">off</P>
  </Block>
  <Line>
    <P Name="ZOrder">61</P>
    <P Name="Src">17644::1#out:1</P>
    <P Name="Dst">17644::62#in:1</P>
  </Line>
  <Line>
    <P Name="ZOrder">62</P>
    <P Name="Src">17644::22#out:1</P>
    <P Name="Dst">17644::62#in:2</P>
  </Line>
  <Line>
    <P Name="ZOrder">63</P>
    <P Name="Src">17644::23#out:1</P>
    <P Name="Dst">17644::62#in:3</P>
  </Line>
  <Line>
    <P Name="ZOrder">64</P>
    <P Name="Src">17644::46#out:1</P>
    <P Name="Dst">17644::62#in:4</P>
  </Line>
  <Line>
    <P Name="Name">Attract_Velocity</P>
    <P Name="ZOrder">65</P>
    <P Name="Labels">[0, 0]</P>
    <P Name="Src">17644::62#out:2</P>
    <P Name="Dst">17644::5#in:1</P>
  </Line>
  <Line>
    <P Name="ZOrder">66</P>
    <P Name="Src">17644::63#out:1</P>
    <P Name="Dst">17644::64#in:1</P>
  </Line>
  <Line>
    <P Name="ZOrder">67</P>
    <P Name="Src">17644::62#out:1</P>
    <P Name="Dst">17644::63#in:1</P>
  </Line>
</System>
