<?xml version="1.0" encoding="utf-8"?>
<System>
  <P Name="Location">[223, 338, 826, 833]</P>
  <P Name="SystemRect">[0.000000, 0.000000, 0.000000, 0.000000]</P>
  <P Name="SetExecutionDomain">off</P>
  <P Name="ExecutionDomainType">Deduce</P>
  <P Name="SIDHighWatermark">45</P>
  <P Name="SimulinkSubDomain">Simulink</P>
  <Block BlockType="Inport" Name="u" SID="17660::1">
    <P Name="Position">[20, 101, 40, 119]</P>
    <P Name="ZOrder">-1</P>
  </Block>
  <Block BlockType="Demux" Name=" Demux " SID="17660::44">
    <P Name="Ports">[1, 1]</P>
    <P Name="Position">[270, 230, 320, 270]</P>
    <P Name="ZOrder">35</P>
    <P Name="Outputs">1</P>
  </Block>
  <Block BlockType="S-Function" Name=" SFunction " SID="17660::43">
    <P Name="Tag">Stateflow S-Function 5</P>
    <P Name="Ports">[1, 2]</P>
    <P Name="Position">[180, 100, 230, 160]</P>
    <P Name="ZOrder">34</P>
    <P Name="FunctionName">sf_sfun</P>
    <P Name="PortCounts">[1 2]</P>
    <P Name="SFunctionDeploymentMode">off</P>
    <P Name="EnableBusSupport">off</P>
    <P Name="SFcnIsStateOwnerBlock">off</P>
    <Port>
      <P Name="PortNumber">2</P>
      <P Name="Name">y</P>
    </Port>
  </Block>
  <Block BlockType="Terminator" Name=" Terminator " SID="17660::45">
    <P Name="Position">[460, 241, 480, 259]</P>
    <P Name="ZOrder">36</P>
  </Block>
  <Block BlockType="Outport" Name="y" SID="17660::5">
    <P Name="Position">[460, 101, 480, 119]</P>
    <P Name="ZOrder">-5</P>
    <P Name="VectorParamsAs1DForOutWhenUnconnected">off</P>
  </Block>
  <Line>
    <P Name="ZOrder">33</P>
    <P Name="Src">17660::1#out:1</P>
    <P Name="Dst">17660::43#in:1</P>
  </Line>
  <Line>
    <P Name="Name">y</P>
    <P Name="ZOrder">34</P>
    <P Name="Labels">[0, 0]</P>
    <P Name="Src">17660::43#out:2</P>
    <P Name="Dst">17660::5#in:1</P>
  </Line>
  <Line>
    <P Name="ZOrder">35</P>
    <P Name="Src">17660::44#out:1</P>
    <P Name="Dst">17660::45#in:1</P>
  </Line>
  <Line>
    <P Name="ZOrder">36</P>
    <P Name="Src">17660::43#out:1</P>
    <P Name="Dst">17660::44#in:1</P>
  </Line>
</System>
