<?xml version="1.0" encoding="utf-8"?>
<System>
  <P Name="Location">[223, 338, 826, 833]</P>
  <P Name="SystemRect">[0.000000, 0.000000, 0.000000, 0.000000]</P>
  <P Name="SetExecutionDomain">off</P>
  <P Name="ExecutionDomainType">Deduce</P>
  <P Name="SIDHighWatermark">94</P>
  <P Name="SimulinkSubDomain">Simulink</P>
  <Block BlockType="Inport" Name="RobotParams" SID="17647::29">
    <P Name="Position">[20, 101, 40, 119]</P>
    <P Name="ZOrder">20</P>
  </Block>
  <Block BlockType="Inport" Name="NRobot" SID="17647::30">
    <P Name="Position">[20, 136, 40, 154]</P>
    <P Name="ZOrder">21</P>
    <P Name="Port">2</P>
  </Block>
  <Block BlockType="Inport" Name="SensorRange" SID="17647::53">
    <P Name="Position">[20, 171, 40, 189]</P>
    <P Name="ZOrder">22</P>
    <P Name="Port">3</P>
  </Block>
  <Block BlockType="Inport" Name="GoTo_X" SID="17647::54">
    <P Name="Position">[20, 206, 40, 224]</P>
    <P Name="ZOrder">23</P>
    <P Name="Port">4</P>
  </Block>
  <Block BlockType="Inport" Name="GoTo_Y" SID="17647::70">
    <P Name="Position">[20, 246, 40, 264]</P>
    <P Name="ZOrder">39</P>
    <P Name="Port">5</P>
  </Block>
  <Block BlockType="Demux" Name=" Demux " SID="17647::93">
    <P Name="Ports">[1, 1]</P>
    <P Name="Position">[270, 230, 320, 270]</P>
    <P Name="ZOrder">62</P>
    <P Name="Outputs">1</P>
  </Block>
  <Block BlockType="S-Function" Name=" SFunction " SID="17647::92">
    <P Name="Tag">Stateflow S-Function 9</P>
    <P Name="Ports">[5, 2]</P>
    <P Name="Position">[180, 100, 230, 220]</P>
    <P Name="ZOrder">61</P>
    <P Name="FunctionName">sf_sfun</P>
    <P Name="PortCounts">[5 2]</P>
    <P Name="SFunctionDeploymentMode">off</P>
    <P Name="EnableBusSupport">off</P>
    <P Name="SFcnIsStateOwnerBlock">off</P>
    <Port>
      <P Name="PortNumber">2</P>
      <P Name="Name">Vf</P>
    </Port>
  </Block>
  <Block BlockType="Terminator" Name=" Terminator " SID="17647::94">
    <P Name="Position">[460, 241, 480, 259]</P>
    <P Name="ZOrder">63</P>
  </Block>
  <Block BlockType="Outport" Name="Vf" SID="17647::5">
    <P Name="Position">[460, 101, 480, 119]</P>
    <P Name="ZOrder">-5</P>
    <P Name="VectorParamsAs1DForOutWhenUnconnected">off</P>
  </Block>
  <Line>
    <P Name="ZOrder">65</P>
    <P Name="Src">17647::29#out:1</P>
    <P Name="Dst">17647::92#in:1</P>
  </Line>
  <Line>
    <P Name="ZOrder">66</P>
    <P Name="Src">17647::30#out:1</P>
    <P Name="Dst">17647::92#in:2</P>
  </Line>
  <Line>
    <P Name="ZOrder">67</P>
    <P Name="Src">17647::53#out:1</P>
    <P Name="Dst">17647::92#in:3</P>
  </Line>
  <Line>
    <P Name="ZOrder">68</P>
    <P Name="Src">17647::54#out:1</P>
    <P Name="Dst">17647::92#in:4</P>
  </Line>
  <Line>
    <P Name="ZOrder">69</P>
    <P Name="Src">17647::70#out:1</P>
    <P Name="Dst">17647::92#in:5</P>
  </Line>
  <Line>
    <P Name="Name">Vf</P>
    <P Name="ZOrder">70</P>
    <P Name="Labels">[0, 0]</P>
    <P Name="Src">17647::92#out:2</P>
    <P Name="Dst">17647::5#in:1</P>
  </Line>
  <Line>
    <P Name="ZOrder">71</P>
    <P Name="Src">17647::93#out:1</P>
    <P Name="Dst">17647::94#in:1</P>
  </Line>
  <Line>
    <P Name="ZOrder">72</P>
    <P Name="Src">17647::92#out:1</P>
    <P Name="Dst">17647::93#in:1</P>
  </Line>
</System>
