<?xml version="1.0" encoding="utf-8"?>
<System>
  <P Name="Location">[223, 338, 826, 833]</P>
  <P Name="SystemRect">[0.000000, 0.000000, 0.000000, 0.000000]</P>
  <P Name="SetExecutionDomain">off</P>
  <P Name="ExecutionDomainType">Deduce</P>
  <P Name="SIDHighWatermark">64</P>
  <P Name="SimulinkSubDomain">Simulink</P>
  <Block BlockType="Inport" Name="VCommand" SID="17654::1">
    <P Name="Position">[20, 101, 40, 119]</P>
    <P Name="ZOrder">-1</P>
  </Block>
  <Block BlockType="Inport" Name="Speed" SID="17654::22">
    <P Name="Position">[20, 136, 40, 154]</P>
    <P Name="ZOrder">13</P>
    <P Name="Port">2</P>
  </Block>
  <Block BlockType="Demux" Name=" Demux " SID="17654::63">
    <P Name="Ports">[1, 1]</P>
    <P Name="Position">[270, 230, 320, 270]</P>
    <P Name="ZOrder">54</P>
    <P Name="Outputs">1</P>
  </Block>
  <Block BlockType="S-Function" Name=" SFunction " SID="17654::62">
    <P Name="Tag">Stateflow S-Function 144</P>
    <P Name="Ports">[2, 2]</P>
    <P Name="Position">[180, 100, 230, 160]</P>
    <P Name="ZOrder">53</P>
    <P Name="FunctionName">sf_sfun</P>
    <P Name="PortCounts">[2 2]</P>
    <P Name="SFunctionDeploymentMode">off</P>
    <P Name="EnableBusSupport">off</P>
    <P Name="SFcnIsStateOwnerBlock">off</P>
    <Port>
      <P Name="PortNumber">2</P>
      <P Name="Name">Velocity</P>
    </Port>
  </Block>
  <Block BlockType="Terminator" Name=" Terminator " SID="17654::64">
    <P Name="Position">[460, 241, 480, 259]</P>
    <P Name="ZOrder">55</P>
  </Block>
  <Block BlockType="Outport" Name="Velocity" SID="17654::5">
    <P Name="Position">[460, 101, 480, 119]</P>
    <P Name="ZOrder">-5</P>
    <P Name="VectorParamsAs1DForOutWhenUnconnected">off</P>
  </Block>
  <Line>
    <P Name="ZOrder">41</P>
    <P Name="Src">17654::1#out:1</P>
    <P Name="Points">[120, 0]</P>
    <P Name="Dst">17654::62#in:1</P>
  </Line>
  <Line>
    <P Name="ZOrder">42</P>
    <P Name="Src">17654::22#out:1</P>
    <P Name="Dst">17654::62#in:2</P>
  </Line>
  <Line>
    <P Name="Name">Velocity</P>
    <P Name="ZOrder">43</P>
    <P Name="Labels">[0, 0]</P>
    <P Name="Src">17654::62#out:2</P>
    <P Name="Dst">17654::5#in:1</P>
  </Line>
  <Line>
    <P Name="ZOrder">44</P>
    <P Name="Src">17654::63#out:1</P>
    <P Name="Dst">17654::64#in:1</P>
  </Line>
  <Line>
    <P Name="ZOrder">45</P>
    <P Name="Src">17654::62#out:1</P>
    <P Name="Dst">17654::63#in:1</P>
  </Line>
</System>
