<?xml version="1.0" encoding="utf-8"?>
<System>
  <P Name="Location">[223, 338, 826, 833]</P>
  <P Name="SystemRect">[0.000000, 0.000000, 0.000000, 0.000000]</P>
  <P Name="SetExecutionDomain">off</P>
  <P Name="ExecutionDomainType">Deduce</P>
  <P Name="SIDHighWatermark">93</P>
  <P Name="SimulinkSubDomain">Simulink</P>
  <Block BlockType="Inport" Name="RobotParams" SID="17645::29">
    <P Name="Position">[20, 101, 40, 119]</P>
    <P Name="ZOrder">20</P>
  </Block>
  <Block BlockType="Inport" Name="NRobot" SID="17645::52">
    <P Name="Position">[20, 136, 40, 154]</P>
    <P Name="ZOrder">21</P>
    <P Name="Port">2</P>
  </Block>
  <Block BlockType="Inport" Name="SensorRange" SID="17645::53">
    <P Name="Position">[20, 171, 40, 189]</P>
    <P Name="ZOrder">22</P>
    <P Name="Port">3</P>
  </Block>
  <Block BlockType="Demux" Name=" Demux " SID="17645::92">
    <P Name="Ports">[1, 1]</P>
    <P Name="Position">[270, 230, 320, 270]</P>
    <P Name="ZOrder">60</P>
    <P Name="Outputs">1</P>
  </Block>
  <Block BlockType="S-Function" Name=" SFunction " SID="17645::91">
    <P Name="Tag">Stateflow S-Function 13</P>
    <P Name="Ports">[3, 2]</P>
    <P Name="Position">[180, 100, 230, 180]</P>
    <P Name="ZOrder">59</P>
    <P Name="FunctionName">sf_sfun</P>
    <P Name="PortCounts">[3 2]</P>
    <P Name="SFunctionDeploymentMode">off</P>
    <P Name="EnableBusSupport">off</P>
    <P Name="SFcnIsStateOwnerBlock">off</P>
    <Port>
      <P Name="PortNumber">2</P>
      <P Name="Name">Vf</P>
    </Port>
  </Block>
  <Block BlockType="Terminator" Name=" Terminator " SID="17645::93">
    <P Name="Position">[460, 241, 480, 259]</P>
    <P Name="ZOrder">61</P>
  </Block>
  <Block BlockType="Outport" Name="Vf" SID="17645::5">
    <P Name="Position">[460, 101, 480, 119]</P>
    <P Name="ZOrder">-5</P>
    <P Name="VectorParamsAs1DForOutWhenUnconnected">off</P>
  </Block>
  <Line>
    <P Name="ZOrder">49</P>
    <P Name="Src">17645::29#out:1</P>
    <P Name="Dst">17645::91#in:1</P>
  </Line>
  <Line>
    <P Name="ZOrder">50</P>
    <P Name="Src">17645::52#out:1</P>
    <P Name="Dst">17645::91#in:2</P>
  </Line>
  <Line>
    <P Name="ZOrder">51</P>
    <P Name="Src">17645::53#out:1</P>
    <P Name="Dst">17645::91#in:3</P>
  </Line>
  <Line>
    <P Name="Name">Vf</P>
    <P Name="ZOrder">52</P>
    <P Name="Labels">[0, 0]</P>
    <P Name="Src">17645::91#out:2</P>
    <P Name="Dst">17645::5#in:1</P>
  </Line>
  <Line>
    <P Name="ZOrder">53</P>
    <P Name="Src">17645::92#out:1</P>
    <P Name="Dst">17645::93#in:1</P>
  </Line>
  <Line>
    <P Name="ZOrder">54</P>
    <P Name="Src">17645::91#out:1</P>
    <P Name="Points">[20, 0]</P>
    <P Name="Dst">17645::92#in:1</P>
  </Line>
</System>
