configuration,commanded_radius,desired_radius,centroid_mean_radius,centroid_std_radius,centroid_radius_error,robot0_mean_radius,robot0_std_radius,robot0_mean_velocity,robot0_max_velocity,robot0_velocity_saturations,robot0_stiction_events,robot0_mean_theoretical_v,robot1_mean_radius,robot1_std_radius,robot1_mean_velocity,robot1_max_velocity,robot1_velocity_saturations,robot1_stiction_events,robot1_mean_theoretical_v,robot2_mean_radius,robot2_std_radius,robot2_mean_velocity,robot2_max_velocity,robot2_velocity_saturations,robot2_stiction_events,robot2_mean_theoretical_v,formation_area_mean,formation_area_std,formation_area_cv,total_velocity_saturations,saturation_rate,theoretical_min_radius,below_theoretical_min,robot3_mean_radius,robot3_std_radius,robot3_mean_velocity,robot3_max_velocity,robot3_velocity_saturations,robot3_stiction_events,robot3_mean_theoretical_v
3-robot,0.010000,0.010000,0.155948,0.000003,0.145948,0.221185,0.102908,0.200415,0.200622,0,0,0.221185,0.224630,0.101162,0.200415,0.200622,0,0,0.224630,0.226426,0.102018,0.200411,0.200557,0,0,0.226426,0.047165,0.000030,0.000641,0,0.000000,0.201000,True,,,,,,,
3-robot,0.100000,0.100000,0.208803,0.000007,0.108803,0.255892,0.122322,0.200243,0.200949,0,0,0.255892,0.260260,0.120125,0.200243,0.200950,0,0,0.260260,0.249595,0.121261,0.200203,0.200566,0,0,0.249595,0.047118,0.000119,0.002521,0,0.000000,0.201000,True,,,,,,,
3-robot,0.200000,0.200000,0.280816,0.000012,0.080816,0.309675,0.129496,0.200072,0.200333,0,0,0.309675,0.309391,0.129221,0.200072,0.200333,0,0,0.309391,0.323281,0.125075,0.200235,0.203047,0,0,0.323281,0.047054,0.000321,0.006830,0,0.000000,0.201000,True,,,,,,,
3-robot,0.300000,0.300000,0.362561,0.000014,0.062561,0.398377,0.130328,0.200175,0.202982,0,0,0.398377,0.388965,0.129164,0.200175,0.202981,0,0,0.388965,0.376484,0.132225,0.199879,0.200541,0,0,0.376484,0.046994,0.000511,0.010874,0,0.000000,0.201000,False,,,,,,,
3-robot,0.400000,0.400000,0.450352,0.000015,0.050352,0.475957,0.132032,0.200191,0.204368,0,0,0.475957,0.481527,0.130735,0.200191,0.204367,0,0,0.481527,0.454614,0.131433,0.199766,0.200472,0,0,0.454614,0.046943,0.000674,0.014366,0,0.000000,0.201000,False,,,,,,,
3-robot,0.500000,0.500000,0.541843,0.000015,0.041843,0.562050,0.132966,0.200051,0.200795,0,0,0.562050,0.559639,0.133966,0.200051,0.200796,0,0,0.559639,0.554238,0.131205,0.200008,0.206507,0,0,0.554238,0.046901,0.000808,0.017223,0,0.000000,0.201000,False,,,,,,,
3-robot,0.600000,0.600000,0.635663,0.000014,0.035663,0.628342,0.132799,0.199995,0.202942,0,0,0.628342,0.669729,0.130290,0.199995,0.202948,0,0,0.669729,0.651928,0.132282,0.200096,0.201622,0,0,0.651928,0.046868,0.000913,0.019475,0,0.000000,0.201000,False,,,,,,,
3-robot,0.700000,0.700000,0.731010,0.000013,0.031010,0.735902,0.131744,0.199865,0.200247,0,0,0.735902,0.738404,0.130394,0.199865,0.200247,0,0,0.738404,0.756226,0.135317,0.200332,0.212651,0,0,0.756226,0.046842,0.000994,0.021217,0,0.000000,0.201000,False,,,,,,,
4-robot-square,0.010000,0.010000,0.155948,0.000003,0.145948,0.196506,0.093479,0.200414,0.200414,0,0,0.196506,0.197045,0.093864,0.200414,0.200414,0,0,0.197045,0.193755,0.093520,0.200414,0.200414,0,0,0.193755,0.045000,0.000000,0.000000,0,0.000000,0.201000,True,0.192515,0.094554,0.200414,0.200414,0.000000,0.000000,0.192515
4-robot-square,0.100000,0.100000,0.208803,0.000007,0.108803,0.238260,0.100630,0.200230,0.200230,0,0,0.238260,0.232034,0.100055,0.200230,0.200230,0,0,0.232034,0.234675,0.101146,0.200230,0.200230,0,0,0.234675,0.045000,0.000000,0.000000,0,0.000000,0.201000,True,0.242015,0.098871,0.200230,0.200230,0.000000,0.000000,0.242015
4-robot-square,0.200000,0.200000,0.280816,0.000012,0.080816,0.300624,0.104432,0.200127,0.200127,0,0,0.300624,0.308619,0.100812,0.200127,0.200127,0,0,0.308619,0.300887,0.104409,0.200127,0.200127,0,0,0.300887,0.045000,0.000000,0.000000,0,0.000000,0.201000,True,0.294729,0.102185,0.200127,0.200127,0.000000,0.000000,0.294729
4-robot-square,0.300000,0.300000,0.362561,0.000014,0.062561,0.373745,0.103998,0.200076,0.200076,0,0,0.373745,0.369175,0.105243,0.200076,0.200076,0,0,0.369175,0.383127,0.103023,0.200076,0.200076,0,0,0.383127,0.045000,0.000000,0.000000,0,0.000000,0.201000,False,0.386931,0.104016,0.200076,0.200076,0.000000,0.000000,0.386931
4-robot-square,0.400000,0.400000,0.450352,0.000015,0.050352,0.465416,0.105109,0.200049,0.200049,0,0,0.465416,0.450101,0.104229,0.200049,0.200049,0,0,0.450101,0.460218,0.105699,0.200049,0.200049,0,0,0.460218,0.045000,0.000000,0.000000,0,0.000000,0.201000,False,0.475977,0.103075,0.200049,0.200049,0.000000,0.000000,0.475977
4-robot-square,0.500000,0.500000,0.541843,0.000015,0.041843,0.551195,0.106108,0.200034,0.200034,0,0,0.551195,0.549455,0.104572,0.200034,0.200034,0,0,0.549455,0.553013,0.106249,0.200034,0.200034,0,0,0.553013,0.045000,0.000000,0.000000,0,0.000000,0.201000,False,0.555442,0.104091,0.200034,0.200034,0.000000,0.000000,0.555442
4-robot-square,0.600000,0.600000,0.635663,0.000014,0.035663,0.663433,0.103173,0.200025,0.200025,0,0,0.663433,0.645262,0.105528,0.200025,0.200025,0,0,0.645262,0.625682,0.104254,0.200025,0.200025,0,0,0.625682,0.045000,0.000000,0.000000,0,0.000000,0.201000,False,0.643796,0.105659,0.200025,0.200025,0.000000,0.000000,0.643796
4-robot-square,0.700000,0.700000,0.731010,0.000013,0.031010,0.740308,0.102199,0.200019,0.200019,0,0,0.740308,0.749755,0.107820,0.200019,0.200019,0,0,0.749755,0.738118,0.102137,0.200019,0.200019,0,0,0.738118,0.045000,0.000000,0.000000,0,0.000000,0.201000,False,0.726709,0.109029,0.200019,0.200019,0.000000,0.000000,0.726709
4-robot-dual,0.010000,0.010000,0.060392,0.000854,0.050392,8.385596,4.324651,0.300000,0.300000,500,0,8.385596,8.520439,4.327538,0.300000,0.300000,500,0,8.520439,8.434594,4.323289,0.300000,0.300000,500,0,8.434594,0.003172,0.000020,0.006399,2000,1.000000,0.201000,True,8.497484,4.325113,0.300000,0.300000,500.000000,0.000000,8.497484
4-robot-dual,0.100000,0.100000,0.111168,0.002629,0.011168,8.383954,4.320504,0.300000,0.300000,500,0,8.383954,8.270054,4.329992,0.300000,0.300000,500,0,8.270054,8.096845,4.322802,0.300000,0.300000,500,0,8.096845,0.030814,0.000753,0.024453,2000,1.000000,0.201000,True,8.222924,4.319440,0.300000,0.300000,500.000000,0.000000,8.222924
4-robot-dual,0.200000,0.200000,0.202693,0.002256,0.002693,0.436774,0.003877,0.300000,0.300000,500,0,0.436774,0.263680,0.000369,0.181570,0.183461,0,0,0.263680,0.065602,0.003214,0.045335,0.048194,0,0,0.065602,0.062402,0.000345,0.005523,500,0.250000,0.201000,True,0.320368,0.001949,0.220555,0.224080,0.000000,0.000000,0.320368
4-robot-dual,0.300000,0.300000,0.347326,0.000373,0.047326,0.583547,0.000353,0.300000,0.300000,500,0,0.583547,0.360855,0.000238,0.185458,0.185519,0,0,0.360855,0.116352,0.000437,0.059805,0.059881,0,0,0.116352,0.063771,0.000024,0.000372,500,0.250000,0.201000,False,0.389534,0.000373,0.200170,0.200283,0.000000,0.000000,0.389534
4-robot-dual,0.400000,0.400000,0.449845,0.000216,0.049845,0.677627,0.000146,0.300000,0.300000,500,0,0.677627,0.450312,0.000145,0.199322,0.199369,0,0,0.450312,0.225430,0.000240,0.099798,0.099829,0,0,0.225430,0.060733,0.000002,0.000038,500,0.250000,0.201000,False,0.486831,0.000318,0.215472,0.215560,0.000000,0.000000,0.486831
4-robot-dual,0.500000,0.500000,0.541836,0.000042,0.041836,0.765829,0.000039,0.282727,0.282755,0,0,0.765829,0.541479,0.000041,0.199904,0.199953,0,0,0.541479,0.319539,0.000044,0.117965,0.117969,0,0,0.319539,0.058561,0.000002,0.000030,0,0.000000,0.201000,False,0.572524,0.000039,0.211361,0.211363,0.000000,0.000000,0.572524
4-robot-dual,0.600000,0.600000,0.635658,0.000035,0.035658,0.857500,0.000034,0.269832,0.269847,0,0,0.857500,0.635204,0.000034,0.199883,0.199911,0,0,0.635204,0.414788,0.000036,0.130522,0.130524,0,0,0.414788,0.057295,0.000001,0.000014,0,0.000000,0.201000,False,0.661602,0.000033,0.208187,0.208188,0.000000,0.000000,0.661602
4-robot-dual,0.700000,0.700000,0.731004,0.000033,0.031004,0.951491,0.000032,0.260348,0.260357,0,0,0.951491,0.730529,0.000032,0.199889,0.199909,0,0,0.730529,0.511129,0.000033,0.139855,0.139857,0,0,0.511129,0.056497,0.000000,0.000009,0,0.000000,0.201000,False,0.753446,0.000032,0.206158,0.206159,0.000000,0.000000,0.753446
