Frame,Time,Quat_X,Quat_Y,Quat_Z,Quat_W,Marker1_X,Marker1_Y,Marker1_Z,Marker2_X,Marker2_Y,Marker2_Z,Marker3_X,Marker3_Y,Marker3_Z,Roll_deg,Pitch_deg,Yaw_deg
0,0.0,-0.015257,0.823681,-0.012852,-0.566703,-0.124994,0.147689,-0.434487,0.91719,-0.084476,0.148177,-0.566258,-0.114433,0.149077,-179.37802911581974,-69.06031371716543,-178.305625376353
1,0.01,-0.012827,0.823533,-0.011323,-0.567011,-0.125057,0.147625,-0.43437,0.910073,-0.084765,0.147885,-0.566021,-0.114415,0.148873,-179.34095221209216,-69.09848158667833,-178.66910599739248
2,0.02,-0.015896,0.82356,-0.013345,-0.566849,-0.124978,0.147549,-0.434528,0.916701,-0.084519,0.148087,-0.566314,-0.114463,0.14895,-179.36456134522714,-69.08203746304348,-178.22587330752123
3,0.03,-0.017317,0.823572,-0.014661,-0.566758,-0.124959,0.147491,-0.434472,0.906214,-0.084495,0.148151,-0.566251,-0.114398,0.148821,-179.27495151088448,-69.0735689013074,-178.08987561731976
4,0.04,-0.016873,0.823502,-0.014287,-0.566882,-0.124944,0.147554,-0.434455,0.906887,-0.084517,0.148201,-0.566216,-0.114385,0.148848,-179.29351305335953,-69.08949480653891,-178.13879360575473
5,0.05,-0.016804,0.823688,-0.014206,-0.566616,-0.125017,0.147602,-0.434475,0.911326,-0.084454,0.148198,-0.566243,-0.114485,0.148988,-179.30127741984944,-69.0522802086789,-178.14324035608058
6,0.06,-0.015388,0.823728,-0.012674,-0.566635,-0.125032,0.147589,-0.434456,0.901566,-0.08448,0.148155,-0.566252,-0.114476,0.148981,-179.44856440046084,-69.0505575884627,-178.23892610780953
7,0.07,-0.014842,0.823505,-0.012652,-0.566973,-0.124966,0.147665,-0.434451,0.909719,-0.084558,0.148088,-0.566207,-0.114442,0.149041,-179.35635266333327,-69.09699492790392,-178.3781122783134
8,0.08,-0.010228,0.823182,-0.011526,-0.567569,-0.124721,0.148331,-0.434525,0.904847,-0.084508,0.148153,-0.566308,-0.114369,0.149008,-178.81291502116545,-69.17343713136952,-179.3948036548691
9,0.09,-0.010099,0.823248,-0.011615,-0.567473,-0.124752,0.148359,-0.434564,0.90024,-0.084512,0.148149,-0.566316,-0.114388,0.148993,-178.76589222242094,-69.15985299236317,-179.4450785382876
10,0.1,-0.016053,0.823681,-0.013364,-0.566668,-0.125001,0.147582,-0.434507,0.908088,-0.08449,0.148173,-0.566281,-0.114424,0.148965,-179.38735127945017,-69.05698589523061,-178.18847785022396
11,0.11,-0.016042,0.823659,-0.013093,-0.566707,-0.12499,0.147577,-0.434492,0.899163,-0.08446,0.148212,-0.566247,-0.114477,0.148987,-179.45709346267338,-69.06184710227906,-178.14199993139383
12,0.12,-0.017318,0.823667,-0.014305,-0.56663,-0.125032,0.147557,-0.43447,0.907262,-0.0845,0.148229,-0.566229,-0.114454,0.149015,-179.36859917070092,-69.05505250027153,-178.02541832838358
13,0.13,-0.016825,0.823631,-0.014017,-0.566704,-0.124999,0.147587,-0.434459,0.908412,-0.084499,0.148216,-0.566214,-0.114443,0.149001,-179.3553804068196,-69.06423918406753,-178.1030426508996
14,0.14,-0.013346,0.823945,-0.010513,-0.566416,-0.125122,0.147598,-0.43447,0.941086,-0.084543,0.148113,-0.566279,-0.114438,0.149002,-179.64715370922877,-69.01462566496106,-178.386620692862
15,0.15,-0.009142,0.823223,-0.010321,-0.567551,-0.124819,0.148181,-0.434486,0.904696,-0.08464,0.148006,-0.56629,-0.114456,0.148841,-178.93402470522895,-69.16857701816747,-179.4624453362611
16,0.16,-0.010719,0.823048,-0.012565,-0.567732,-0.124728,0.148303,-0.434499,0.889568,-0.084545,0.148087,-0.566278,-0.114476,0.148843,-178.6266073992863,-69.1975906189373,-179.45511829400547
17,0.17,-0.01656,0.823664,-0.013774,-0.566669,-0.125,0.147686,-0.434509,0.908513,-0.084482,0.148328,-0.566272,-0.114457,0.149052,-179.3712316658086,-69.05851050136891,-178.12903048915953
18,0.18,-0.01727,0.823611,-0.014362,-0.56671,-0.125003,0.147593,-0.434477,0.913173,-0.084499,0.148265,-0.566223,-0.114482,0.149003,-179.34518891117793,-69.06610036079032,-178.04812044172257
19,0.19,-0.017216,0.823682,-0.014018,-0.566618,-0.125041,0.14753,-0.434469,0.91167,-0.084495,0.148268,-0.566259,-0.114481,0.14895,-179.42578103572743,-69.05255711923728,-178.00028392144165
20,0.2,-0.016322,0.823732,-0.013392,-0.566586,-0.125021,0.147595,-0.434468,0.910357,-0.084463,0.148276,-0.566252,-0.114443,0.148945,-179.42847300992764,-69.04589818925045,-178.1228377933681
21,0.21,-0.010192,0.823025,-0.011672,-0.567794,-0.124725,0.148319,-0.434482,0.892559,-0.084581,0.148065,-0.566232,-0.114427,0.149041,-178.76713661704864,-69.20476986345038,-179.4316071095124
22,0.22,-0.008571,0.823241,-0.00991,-0.567541,-0.124842,0.148237,-0.434476,0.902579,-0.084682,0.147933,-0.56621,-0.114428,0.149009,-178.9386545465052,-69.16618218149203,-179.53871949905238
23,0.23,-0.015812,0.823657,-0.013157,-0.566716,-0.125035,0.14758,-0.434506,0.910542,-0.084518,0.14815,-0.5663,-0.114499,0.148969,-179.3984155919649,-69.06321960073475,-178.21437370361957
24,0.24,-0.016636,0.823707,-0.01416,-0.566595,-0.125023,0.147605,-0.434484,0.914444,-0.084467,0.14825,-0.566233,-0.114484,0.148845,-179.2828171879496,-69.04917649548568,-178.17933065282537
25,0.25,-0.017204,0.823547,-0.014565,-0.5668,-0.124928,0.147607,-0.434495,0.908024,-0.08446,0.14827,-0.566253,-0.114418,0.148915,-179.27993665124527,-69.07905960164878,-178.10213726146145
26,0.26,-0.016985,0.823616,-0.014584,-0.566706,-0.12499,0.147537,-0.434456,0.903312,-0.084502,0.148169,-0.566223,-0.114425,0.148791,-179.23470431332944,-69.06584910285115,-178.1637994136848
27,0.27,-0.015975,0.823693,-0.01345,-0.566651,-0.125028,0.147578,-0.434476,0.90104,-0.084486,0.148128,-0.566258,-0.114485,0.148956,-179.3503977062524,-69.05478313138968,-178.22476574762368
28,0.28,-0.015859,0.823695,-0.012939,-0.566664,-0.125036,0.147617,-0.434473,0.911404,-0.084502,0.148244,-0.566297,-0.114461,0.149023,-179.46430428895303,-69.05548105777538,-178.16254488616832
29,0.29,-0.010461,0.82324,-0.011968,-0.56747,-0.124752,0.148374,-0.434537,0.911944,-0.084515,0.148165,-0.566324,-0.114365,0.149036,-178.73844184409901,-69.16013897524262,-179.4136108785467
30,0.3,-0.015203,0.823628,-0.012754,-0.566783,-0.124991,0.147618,-0.434501,0.907632,-0.084515,0.148103,-0.566303,-0.114439,0.149024,-179.39440336427322,-69.07111263699097,-178.30181310982357
31,0.31,-0.016538,0.823591,-0.013624,-0.566779,-0.125033,0.147561,-0.434489,0.915934,-0.084569,0.148219,-0.566265,-0.114468,0.148952,-179.40734517073435,-69.07340623575405,-178.10714983692694
32,0.32,-0.016643,0.823645,-0.014199,-0.566684,-0.124982,0.147641,-0.434498,0.905527,-0.084437,0.148231,-0.566275,-0.11448,0.148963,-179.27413689598237,-69.06165416693425,-178.18427120164296
33,0.33,-0.016262,0.823766,-0.013455,-0.566537,-0.125032,0.147619,-0.434495,0.914893,-0.084454,0.148248,-0.566232,-0.114464,0.148998,-179.40073207708585,-69.03920878648981,-178.1503067245877
34,0.34,-0.015499,0.823696,-0.012731,-0.566677,-0.125013,0.147597,-0.434458,0.91423,-0.084495,0.14816,-0.566267,-0.114432,0.149022,-179.45386274189718,-69.05656873457744,-178.2198023109451
35,0.35,-0.016041,0.823917,-0.01174,-0.566362,-0.125231,0.147197,-0.434335,0.828056,-0.084682,0.147955,-0.566198,-0.114414,0.148954,-179.81196299527664,-69.01067873745909,-177.89853827115454
36,0.36,-0.01534,0.823558,-0.013155,-0.566872,-0.124979,0.147621,-0.434479,0.923918,-0.08457,0.148069,-0.566258,-0.114369,0.148989,-179.3136738400807,-69.08443633600666,-178.33825445693543
37,0.37,-0.014702,0.823499,-0.01321,-0.566973,-0.125,0.147744,-0.434454,0.901248,-0.084637,0.148046,-0.566107,-0.114435,0.149031,-179.18325044265998,-69.09796830607404,-178.51677277028577
38,0.38,-0.016651,0.823676,-0.013913,-0.566646,-0.125009,0.14761,-0.434522,0.90483,-0.084474,0.148249,-0.566328,-0.11446,0.14897,-179.3509657263228,-69.05576090864862,-178.13033298233006
39,0.39,-0.017315,0.823716,-0.014363,-0.566557,-0.125031,0.147475,-0.434471,0.9139,-0.084501,0.148198,-0.56623,-0.114383,0.148825,-179.35240273298697,-69.04498754482412,-178.03703562257724
40,0.4,-0.017481,0.823582,-0.014499,-0.566742,-0.124998,0.147564,-0.434448,0.902196,-0.084473,0.148273,-0.566208,-0.114513,0.148955,-179.34751736580813,-69.07102251792377,-178.01712861260066
41,0.41,-0.016601,0.823559,-0.014037,-0.566813,-0.124933,0.147676,-0.434456,0.910272,-0.084466,0.148248,-0.566209,-0.114407,0.149069,-179.30980905231942,-69.07904671505496,-178.16547268426442
42,0.42,-0.009062,0.823135,-0.010404,-0.567678,-0.124803,0.148167,-0.434435,0.896755,-0.084666,0.147953,-0.566221,-0.114459,0.148815,-178.8971419728156,-69.18615216118043,-179.49912390934975
43,0.43,-0.010391,0.823472,-0.010039,-0.567174,-0.124998,0.147816,-0.434433,0.929518,-0.084747,0.147786,-0.566157,-0.114379,0.148931,-179.23702013467715,-69.1173483577086,-179.07964058575723
44,0.44,-0.009853,0.82319,-0.012049,-0.567552,-0.124804,0.148416,-0.434511,0.89742,-0.084589,0.148057,-0.566227,-0.114456,0.149008,-178.60557919150727,-69.17065815501701,-179.58992957427438
45,0.45,-0.01693,0.823666,-0.014649,-0.566633,-0.124985,0.147662,-0.434487,0.907323,-0.084452,0.148276,-0.566217,-0.114449,0.148892,-179.20726671657766,-69.05575067886494,-178.19036775312503
46,0.46,-0.016604,0.823373,-0.014437,-0.567074,-0.124971,0.147562,-0.434411,0.891258,-0.084612,0.148118,-0.566023,-0.114466,0.148814,-179.20553698589322,-69.11635475538291,-178.23669241328616
47,0.47,-0.017083,0.823664,-0.014553,-0.566634,-0.124974,0.147557,-0.434504,0.900716,-0.084429,0.148148,-0.566246,-0.114439,0.148939,-179.26042531816418,-69.05584419864732,-178.13251337866933
48,0.48,-0.015992,0.823612,-0.013593,-0.566766,-0.12496,0.147525,-0.434466,0.898495,-0.084474,0.148122,-0.56628,-0.114395,0.148777,-179.31616406311755,-69.07124424820049,-178.24588680033855
49,0.49,-0.011397,0.823318,-0.011379,-0.567352,-0.124935,0.147921,-0.434407,0.908098,-0.08472,0.147863,-0.566121,-0.114444,0.149009,-179.0657394663243,-69.1445547231179,-179.05768118149885
50,0.5,-0.007565,0.82335,-0.009132,-0.56741,-0.124858,0.148264,-0.434483,0.908639,-0.08469,0.147869,-0.5662,-0.11436,0.14904,-178.96136824740108,-69.14626288356891,-179.66294968421707
51,0.51,-0.015705,0.823636,-0.01346,-0.566742,-0.124987,0.147609,-0.434482,0.912771,-0.0845,0.148135,-0.566278,-0.114407,0.148898,-179.29901913309655,-69.06734533686317,-178.29762911086965
52,0.52,-0.017593,0.823589,-0.014763,-0.566723,-0.124958,0.147579,-0.434483,0.895551,-0.084423,0.148265,-0.566251,-0.114473,0.148955,-179.2980545742131,-69.06928626186415,-178.0356070383114
53,0.53,-0.016125,0.822945,-0.01624,-0.56766,-0.124894,0.147702,-0.434513,0.87335,-0.084681,0.147683,-0.566518,-0.114487,0.148955,-178.64092625237404,-69.20064233630052,-178.69254708641392
54,0.54,-0.016618,0.823669,-0.014059,-0.566653,-0.12501,0.147596,-0.434459,0.907449,-0.084476,0.148185,-0.566208,-0.114468,0.148964,-179.3064436660627,-69.05696830092056,-178.16554168677013
55,0.55,-0.007929,0.823319,-0.009718,-0.567441,-0.124877,0.148262,-0.434448,0.900852,-0.084693,0.147841,-0.566164,-0.114418,0.149009,-178.87244648389174,-69.15138287971864,-179.67361154580323
56,0.56,-0.009787,0.823417,-0.010056,-0.567264,-0.125012,0.147904,-0.434375,0.914221,-0.084804,0.147708,-0.565989,-0.114416,0.149004,-179.12236072975048,-69.12925126288813,-179.24269911856769
57,0.57,-0.00995,0.823021,-0.011814,-0.5678,-0.124745,0.148387,-0.434495,0.899418,-0.084604,0.148078,-0.566224,-0.11445,0.149032,-178.68503638667838,-69.2051750122913,-179.5219404117569
58,0.58,-0.016911,0.823667,-0.014439,-0.566638,-0.124964,0.147685,-0.434504,0.914471,-0.084468,0.148274,-0.566235,-0.114342,0.149037,-179.25928714561115,-69.05602487468649,-178.15722757104754
59,0.59,-0.016632,0.823609,-0.013885,-0.566744,-0.124971,0.147605,-0.4345,0.899921,-0.084457,0.148253,-0.566266,-0.11446,0.148947,-179.3553277343166,-69.06923497396843,-178.12989396344722
60,0.6,-0.017264,0.823632,-0.01412,-0.566686,-0.124961,0.147473,-0.434494,0.902692,-0.084465,0.148188,-0.566264,-0.114388,0.148907,-179.40790579302754,-69.06221022642688,-178.00582999518878
61,0.61,-0.015489,0.823702,-0.012971,-0.566663,-0.125009,0.147626,-0.434474,0.906797,-0.08449,0.148145,-0.566261,-0.114424,0.149024,-179.38861286066717,-69.05511278044546,-178.26608966984642
62,0.62,-0.013198,0.823663,-0.011356,-0.566812,-0.12503,0.147685,-0.43439,0.92493,-0.084661,0.14798,-0.566155,-0.114327,0.149036,-179.39922300760315,-69.07101673750739,-178.57744620067302
63,0.63,-0.010871,0.823404,-0.010711,-0.567251,-0.12496,0.147935,-0.434437,0.91699,-0.084683,0.147898,-0.566197,-0.114447,0.149012,-179.14667092256917,-69.12923277602924,-179.0750941362342
64,0.64,-0.01523,0.823663,-0.012763,-0.566731,-0.124993,0.147621,-0.434518,0.91029,-0.084504,0.148149,-0.56632,-0.114423,0.148967,-179.39673464629632,-69.06389215932144,-178.29648634469513
65,0.65,-0.01624,0.823722,-0.013547,-0.566599,-0.125001,0.147678,-0.434508,0.917217,-0.084462,0.148285,-0.566249,-0.114414,0.149046,-179.37272124360774,-69.04796876070208,-178.17257923329637
66,0.66,-0.017505,0.823636,-0.014557,-0.566662,-0.124957,0.147594,-0.434475,0.909878,-0.084466,0.14829,-0.566249,-0.114396,0.148998,-179.33619010760376,-69.06014269220944,-178.02165748404985
67,0.67,-0.015556,0.823782,-0.012557,-0.566554,-0.125087,0.147566,-0.434501,0.913713,-0.084506,0.148216,-0.566332,-0.11449,0.148949,-179.50959679632916,-69.03908077248781,-178.1736433808202
68,0.68,-0.013816,0.823899,-0.010848,-0.566465,-0.125104,0.147533,-0.434426,0.928941,-0.08458,0.148085,-0.566236,-0.114387,0.148958,-179.64426718976503,-69.0222696558311,-178.3231829666624
69,0.69,-0.007856,0.823339,-0.009599,-0.567415,-0.124807,0.148344,-0.434436,0.901581,-0.084621,0.147978,-0.566185,-0.114333,0.149017,-178.89072182076313,-69.14761534500272,-179.6711471784867
70,0.7,-0.015406,0.823646,-0.013171,-0.566742,-0.124975,0.147682,-0.434492,0.906017,-0.084486,0.148158,-0.566287,-0.114422,0.149032,-179.32099732321757,-69.06644424592642,-178.32410494702245
71,0.71,-0.016311,0.823676,-0.013787,-0.566658,-0.124962,0.147664,-0.434502,0.915603,-0.084477,0.148231,-0.566249,-0.114323,0.149037,-179.3224968381751,-69.05675422667194,-178.19720544189653
72,0.72,-0.016451,0.823666,-0.013728,-0.566671,-0.124974,0.147604,-0.434497,0.906442,-0.084475,0.148198,-0.566254,-0.114385,0.14902,-179.3635771022674,-69.05867804069138,-178.14946614613328
73,0.73,-0.016055,0.823427,-0.014149,-0.567018,-0.124998,0.147617,-0.434421,0.9036,-0.084628,0.148041,-0.566061,-0.114472,0.148956,-179.18148102714977,-69.10734295821771,-178.32968619968824
74,0.74,-0.01626,0.823621,-0.01337,-0.56675,-0.124996,0.147575,-0.434473,0.911078,-0.084486,0.148196,-0.566279,-0.114465,0.149,-179.42375815796112,-69.06865873003999,-178.13456866676444
75,0.75,-0.015394,0.823627,-0.012989,-0.566774,-0.124995,0.147645,-0.434442,0.907002,-0.08449,0.148137,-0.566238,-0.114459,0.149034,-179.36701655653832,-69.07049484780114,-178.29408873556838
76,0.76,-0.014276,0.823944,-0.011588,-0.566373,-0.125111,0.147421,-0.434461,0.913966,-0.084531,0.148117,-0.566246,-0.114461,0.14852,-179.53216715322483,-69.01114713169,-178.33633851657913
77,0.77,-0.015835,0.823589,-0.0144,-0.566783,-0.125008,0.147505,-0.434497,0.889742,-0.084575,0.148009,-0.566123,-0.114439,0.148487,-179.07440168348396,-69.07496908479801,-178.43408481459176
78,0.78,-0.017409,0.823637,-0.01534,-0.566643,-0.124983,0.147509,-0.434557,0.894761,-0.084479,0.148189,-0.566262,-0.114438,0.148561,-179.11187484134396,-69.05922932501196,-178.1893458141095
79,0.79,-0.01729,0.823673,-0.015087,-0.566601,-0.125002,0.147554,-0.434567,0.900269,-0.084469,0.148284,-0.566299,-0.114461,0.148576,-179.1569147535521,-69.05269120799828,-178.17493812315917
80,0.8,-0.017023,0.82371,-0.014829,-0.566562,-0.125015,0.147474,-0.434574,0.889468,-0.084459,0.14818,-0.566293,-0.11446,0.148509,-179.1763869822828,-69.0464159789789,-178.19871055796574
81,0.81,-0.017686,0.823665,-0.015144,-0.566598,-0.125028,0.147408,-0.434509,0.894714,-0.084482,0.1482,-0.566213,-0.114516,0.14848,-179.21380338813685,-69.05268439710963,-178.08070311410984
82,0.82,-0.016964,0.823643,-0.014565,-0.566668,-0.124989,0.147468,-0.434497,0.889324,-0.084449,0.148196,-0.566264,-0.114467,0.148554,-179.23576059145145,-69.06051747680642,-178.1660187472902
83,0.83,-0.01435,0.823781,-0.012505,-0.566588,-0.125111,0.147469,-0.434433,0.921703,-0.084603,0.14797,-0.566167,-0.114489,0.148544,-179.30447751489032,-69.04278154105873,-178.48245608622074
84,0.84,-0.014451,0.823727,-0.012926,-0.566655,-0.125105,0.147431,-0.434475,0.917181,-0.084637,0.147879,-0.566198,-0.114511,0.148469,-179.21186168720334,-69.05301722154707,-178.53209068476963
85,0.85,-0.015935,0.82379,-0.014625,-0.566482,-0.125014,0.147567,-0.434628,0.913194,-0.084439,0.148088,-0.566325,-0.114464,0.148494,-179.03246580759452,-69.03361415699676,-178.44906459845186
86,0.86,-0.017693,0.823631,-0.015495,-0.566639,-0.124935,0.147527,-0.43455,0.888181,-0.084409,0.148251,-0.566249,-0.114426,0.148574,-179.12254590713272,-69.05935904726465,-178.142494158679
87,0.87,-0.016087,0.82346,-0.014089,-0.566972,-0.124969,0.147708,-0.434394,0.899041,-0.084594,0.148128,-0.566013,-0.114421,0.149093,-179.20304521143473,-69.1010201245267,-178.31041585293826
88,0.88,-0.016643,0.823673,-0.014358,-0.566639,-0.125028,0.14764,-0.434447,0.90175,-0.084504,0.148177,-0.566185,-0.114479,0.148984,-179.23197677837473,-69.05570614917954,-178.213299345778
89,0.89,-0.012944,0.823944,-0.010903,-0.566418,-0.125134,0.147646,-0.4344,0.929094,-0.084549,0.147978,-0.566186,-0.114473,0.149006,-179.4714617640338,-69.01523471058914,-178.56329400875336
90,0.9,-0.012443,0.823859,-0.010751,-0.566556,-0.125085,0.147639,-0.434445,0.929074,-0.084588,0.147882,-0.566213,-0.114366,0.148971,-179.42108343020038,-69.03386335761955,-178.6675506289108
91,0.91,-0.015422,0.823704,-0.013147,-0.566658,-0.124976,0.147642,-0.434484,0.899688,-0.084436,0.148121,-0.566278,-0.114429,0.149004,-179.32994522983725,-69.0547473484782,-178.31577341754007
92,0.92,-0.015321,0.823727,-0.013067,-0.566628,-0.124982,0.1477,-0.434509,0.898931,-0.084435,0.148177,-0.566288,-0.114435,0.14905,-179.33260852347604,-69.05018558219312,-178.3280012628325
93,0.93,-0.015994,0.82375,-0.013882,-0.566558,-0.124981,0.147768,-0.434511,0.89813,-0.084421,0.148272,-0.566258,-0.114434,0.149061,-179.2394640030689,-69.04287933171685,-178.29848775844872
94,0.94,-0.017299,0.823622,-0.014528,-0.566689,-0.124964,0.147612,-0.434489,0.899422,-0.084424,0.148322,-0.566291,-0.114455,0.148909,-179.30651994620362,-69.063607158631,-178.07070767924986
95,0.95,-0.015486,0.823508,-0.013551,-0.566932,-0.125017,0.147642,-0.434374,0.899372,-0.084617,0.148029,-0.566007,-0.114489,0.149018,-179.23574467299977,-69.09378561322436,-178.3715563306035
96,0.96,-0.011297,0.823389,-0.011147,-0.567255,-0.124981,0.147881,-0.434377,0.92141,-0.084657,0.147858,-0.566134,-0.114519,0.148952,-179.1089204283732,-69.13060728536713,-179.0418119882401
97,0.97,-0.01018,0.823245,-0.010973,-0.56749,-0.124977,0.147945,-0.434315,0.898213,-0.084807,0.147687,-0.565937,-0.114483,0.14896,-178.95095331913276,-69.16201053742597,-179.30625621022705
98,0.98,-0.0162,0.823524,-0.015047,-0.56685,-0.125032,0.147525,-0.434445,0.900729,-0.084582,0.148005,-0.566092,-0.114583,0.148466,-178.96993647680756,-69.08590412963129,-178.45518490802124
99,0.99,-0.016992,0.823593,-0.015763,-0.566708,-0.124985,0.147592,-0.43444,0.885472,-0.084525,0.148136,-0.566003,-0.114499,0.148511,-178.92449790999734,-69.06865513430871,-178.37626924675664
100,1.0,-0.015889,0.823493,-0.014613,-0.566915,-0.124951,0.147776,-0.434414,0.883781,-0.084578,0.148095,-0.566008,-0.114387,0.149023,-179.02821468039775,-69.09373160255534,-178.4583377036366
101,1.01,-0.016177,0.823541,-0.014521,-0.56684,-0.125012,0.147646,-0.434418,0.901067,-0.084617,0.148028,-0.566019,-0.114417,0.148963,-179.104795752505,-69.08351137838821,-178.36556593884293
102,1.02,-0.014675,0.823466,-0.013529,-0.567014,-0.125038,0.147663,-0.434379,0.901518,-0.084684,0.147879,-0.565985,-0.114472,0.148955,-179.09402535009608,-69.10419279135984,-178.58195591932852
103,1.03,-0.007914,0.823135,-0.01024,-0.567699,-0.124863,0.148318,-0.434338,0.869193,-0.084786,0.147814,-0.565915,-0.114484,0.14898,-178.73046578443723,-69.18745640010066,-179.773905024209
104,1.04,-0.008373,0.823225,-0.010174,-0.567562,-0.124865,0.148259,-0.434354,0.877264,-0.08474,0.147853,-0.565935,-0.114462,0.149001,-178.83236024783878,-69.16890662949426,-179.6395798765392
105,1.05,-0.015933,0.823668,-0.01337,-0.56669,-0.125031,0.147591,-0.434454,0.921092,-0.084527,0.148132,-0.566166,-0.114452,0.148997,-179.36404619561728,-69.05995025121045,-178.22118910968442
106,1.06,-0.016669,0.823602,-0.014402,-0.56674,-0.124936,0.147648,-0.434465,0.899431,-0.084442,0.148236,-0.566215,-0.114455,0.148897,-179.22544658513738,-69.06983482178883,-178.21411560759836
107,1.07,-0.015823,0.823387,-0.014276,-0.567079,-0.124958,0.14766,-0.434404,0.88577,-0.08461,0.148065,-0.56604,-0.114467,0.148866,-179.10574275103505,-69.11578679648302,-178.41410796648583
108,1.08,-0.015355,0.823537,-0.013731,-0.566889,-0.125042,0.147664,-0.434443,0.908861,-0.084655,0.147976,-0.566072,-0.114446,0.149032,-179.16416668018195,-69.08801171743158,-178.43907288677553
109,1.09,-0.015351,0.82343,-0.013949,-0.567038,-0.125042,0.147588,-0.434347,0.895306,-0.084675,0.147928,-0.565996,-0.114506,0.148814,-179.10613884114346,-69.10899418489734,-178.47953549139066
110,1.1,-0.015366,0.823645,-0.013055,-0.566747,-0.124998,0.147641,-0.434423,0.900755,-0.084522,0.148099,-0.566162,-0.1144,0.149045,-179.34438658772567,-69.06684265451806,-178.31357240591677
111,1.11,-0.015065,0.82349,-0.01312,-0.566978,-0.125011,0.147652,-0.434385,0.894719,-0.084618,0.148033,-0.566016,-0.114482,0.149012,-179.27319899539538,-69.09875654563716,-178.40432352438293
112,1.12,-0.01555,0.823445,-0.013838,-0.567015,-0.125007,0.147653,-0.434381,0.908894,-0.084633,0.148004,-0.566042,-0.11447,0.149004,-179.17172767304902,-69.10597886359962,-178.40669510911917
113,1.13,-0.014505,0.823596,-0.013213,-0.566838,-0.125044,0.147684,-0.434418,0.894681,-0.084634,0.14799,-0.566054,-0.11446,0.148873,-179.14628246394676,-69.0791071459801,-178.56966647599242
114,1.14,-0.015338,0.823591,-0.01369,-0.566811,-0.125021,0.147713,-0.434497,0.915902,-0.084561,0.148067,-0.566225,-0.114476,0.14902,-179.17170097032238,-69.07694156696817,-178.43626770954626
115,1.15,-0.016526,0.823379,-0.014928,-0.567055,-0.124991,0.147646,-0.434402,0.889855,-0.084637,0.148063,-0.566018,-0.114493,0.148899,-179.06128739380102,-69.11466600150476,-178.34689942143993
116,1.16,-0.016081,0.823528,-0.014513,-0.566861,-0.125049,0.147682,-0.434383,0.896987,-0.084626,0.148044,-0.565969,-0.114502,0.148991,-179.0894897357075,-69.08620856861619,-178.3894471135758
117,1.17,-0.018291,0.823817,-0.013929,-0.56639,-0.125159,0.147209,-0.434394,0.799555,-0.084517,0.148072,-0.566215,-0.114488,0.148962,-179.64308988043703,-69.02120155184059,-177.70157003278638
118,1.18,-0.017456,0.823628,-0.013713,-0.566697,-0.125144,0.147252,-0.434284,0.813707,-0.084653,0.147938,-0.566024,-0.114469,0.148997,-179.55036379187024,-69.0629797156257,-177.88110523628538
119,1.19,-0.015175,0.823524,-0.013782,-0.566911,-0.125048,0.14772,-0.434399,0.906268,-0.084646,0.148017,-0.566048,-0.114482,0.14901,-179.11796078047297,-69.09091746532657,-178.4959173299569
120,1.2,-0.013765,0.823597,-0.012018,-0.566881,-0.125004,0.147712,-0.434402,0.905483,-0.084633,0.148003,-0.566054,-0.114353,0.149065,-179.32761458071357,-69.08223779473686,-178.54780978990937
121,1.21,-0.015288,0.823492,-0.013898,-0.566951,-0.125009,0.147626,-0.43442,0.901845,-0.084648,0.147973,-0.566096,-0.114399,0.148835,-179.10795094664536,-69.09673932662776,-178.48707170468714
122,1.22,-0.016263,0.823536,-0.014927,-0.566835,-0.125013,0.147679,-0.434442,0.890305,-0.084631,0.148015,-0.566031,-0.11441,0.148951,-179.0131024716784,-69.08380016603878,-178.41671751664623
123,1.23,-0.016373,0.823487,-0.014597,-0.566912,-0.125008,0.147661,-0.434387,0.895048,-0.084626,0.148074,-0.565988,-0.114418,0.148987,-179.1205896943206,-69.09403307139661,-178.32740768920743
124,1.24,-0.017926,0.823751,-0.013966,-0.566496,-0.125162,0.147265,-0.434268,0.816306,-0.08464,0.148018,-0.565979,-0.114398,0.14902,-179.56777676449423,-69.03577429706989,-177.80397443993562
125,1.25,-0.015155,0.824036,-0.011105,-0.566225,-0.12529,0.147235,-0.434312,0.827863,-0.08464,0.147916,-0.566137,-0.114508,0.148965,-179.81789042328498,-68.98972760701577,-178.01789414515886
126,1.26,-0.014834,0.823581,-0.012694,-0.566863,-0.12504,0.147586,-0.434408,0.905678,-0.08458,0.148,-0.566162,-0.114513,0.148958,-179.34341396687623,-69.08191056952475,-178.38820277591947
127,1.27,-0.015232,0.823468,-0.013938,-0.566987,-0.12499,0.14767,-0.434409,0.896648,-0.084617,0.147995,-0.566072,-0.114457,0.148873,-179.08724967356915,-69.10183661402179,-178.50911646613912
128,1.28,-0.015435,0.823563,-0.014098,-0.566839,-0.124996,0.147657,-0.434454,0.901213,-0.084606,0.147998,-0.566098,-0.114361,0.148867,-179.08157329679918,-69.0816957835367,-178.48479324861052
129,1.29,-0.016033,0.823452,-0.014443,-0.566976,-0.124979,0.147626,-0.434417,0.894318,-0.084648,0.148016,-0.566027,-0.114363,0.148892,-179.09956458388731,-69.10220002470497,-178.38917484432977
130,1.3,-0.016308,0.823482,-0.014843,-0.566915,-0.12499,0.147643,-0.434379,0.887534,-0.084624,0.148028,-0.565974,-0.114399,0.148885,-179.0436974642591,-69.09489977782611,-178.38938841406312
131,1.31,-0.016034,0.823506,-0.013906,-0.566911,-0.125057,0.147607,-0.434319,0.896627,-0.08466,0.148056,-0.565924,-0.114499,0.148994,-179.24159172980674,-69.09208065264818,-178.29128177497668
132,1.32,-0.017431,0.82369,-0.013881,-0.566602,-0.125162,0.147305,-0.434329,0.800829,-0.084621,0.147968,-0.566119,-0.114507,0.14901,-179.50092697660983,-69.04998656720294,-177.91868790903877
133,1.33,-0.012341,0.823967,-0.010478,-0.566406,-0.12517,0.147666,-0.434365,0.929772,-0.084632,0.147945,-0.56603,-0.114458,0.149004,-179.47416390088011,-69.01245763385835,-178.64530909889842
134,1.34,-0.013984,0.82358,-0.013102,-0.566877,-0.125032,0.147729,-0.434428,0.895077,-0.084647,0.147885,-0.56606,-0.114442,0.148974,-179.08088603617,-69.08379749128883,-178.68716589638652
135,1.35,-0.0164,0.823447,-0.01498,-0.566958,-0.124987,0.147693,-0.434414,0.894426,-0.084638,0.148036,-0.566032,-0.114404,0.148992,-179.0243156557151,-69.101059753135,-178.3899083711738
136,1.36,-0.016209,0.823491,-0.015023,-0.566899,-0.125022,0.147716,-0.434399,0.884412,-0.084608,0.148089,-0.565992,-0.114501,0.148854,-178.9780221626738,-69.09277214429389,-178.44837004078684
137,1.37,-0.015651,0.823489,-0.013869,-0.566946,-0.125007,0.147678,-0.434384,0.887248,-0.084625,0.148061,-0.565986,-0.114468,0.149008,-179.18172937673359,-69.09634518615334,-178.38576406068688
138,1.38,-0.013441,0.823348,-0.012101,-0.567248,-0.124974,0.147564,-0.43431,0.882448,-0.084738,0.1478,-0.565957,-0.114398,0.148817,-179.24751501379293,-69.13308460778192,-178.64793835589052
139,1.39,-0.017874,0.823785,-0.013768,-0.566453,-0.125181,0.147194,-0.434353,0.795799,-0.084578,0.147984,-0.566201,-0.114496,0.148938,-179.61030161036467,-69.02923284529868,-177.78202791725647
140,1.4,-0.017695,0.823717,-0.014218,-0.566547,-0.125166,0.147303,-0.434305,0.811303,-0.084637,0.147969,-0.56605,-0.114479,0.14899,-179.4596334993562,-69.04345651180302,-177.91042457411066
141,1.41,-0.015763,0.823737,-0.013799,-0.566585,-0.125041,0.147642,-0.434473,0.904588,-0.084482,0.148134,-0.566248,-0.114474,0.148879,-179.21950912042362,-69.04619894723912,-178.3443326169051
142,1.42,-0.015054,0.823514,-0.013274,-0.56694,-0.125018,0.147675,-0.434424,0.902481,-0.084635,0.148012,-0.566076,-0.114439,0.149044,-179.23034811193773,-69.09377460298819,-178.43537192320446
143,1.43,-0.016409,0.8235,-0.015171,-0.566876,-0.124996,0.147696,-0.434395,0.892076,-0.084616,0.148078,-0.56601,-0.114413,0.148859,-178.97525172363711,-69.09007325501929,-178.42244596822974
144,1.44,-0.015876,0.823545,-0.014247,-0.566849,-0.125023,0.147693,-0.434363,0.891776,-0.08461,0.148055,-0.566002,-0.114496,0.149012,-179.12247012407428,-69.08381901287595,-178.39527697574542
145,1.45,-0.017912,0.823666,-0.014263,-0.566613,-0.125138,0.147231,-0.434314,0.805788,-0.084644,0.14795,-0.566051,-0.114426,0.148911,-179.4875386625705,-69.05286506635125,-177.86096270516953
146,1.46,-0.018472,0.823839,-0.014311,-0.566343,-0.125191,0.147122,-0.434371,0.79958,-0.08453,0.148007,-0.56626,-0.114506,0.148766,-179.57490292677616,-69.01586269699533,-177.72333046945838
147,1.47,-0.017425,0.823742,-0.013615,-0.566533,-0.125158,0.147277,-0.434314,0.813354,-0.084607,0.147989,-0.566039,-0.11448,0.149005,-179.5696487433773,-69.03970348155886,-177.8723422910052
148,1.48,-0.015041,0.823553,-0.013359,-0.566883,-0.125009,0.147716,-0.434384,0.899202,-0.084599,0.148054,-0.566032,-0.114456,0.149044,-179.20534661023794,-69.08615683884827,-178.4544215569996
149,1.49,-0.014963,0.823577,-0.01366,-0.566842,-0.125071,0.147716,-0.434431,0.901405,-0.084635,0.147998,-0.566071,-0.11453,0.148982,-179.1114701974577,-69.08079663151669,-178.52989088784514
150,1.5,-0.01513,0.823568,-0.013701,-0.56685,-0.125054,0.147641,-0.434424,0.903712,-0.084631,0.147995,-0.566073,-0.114469,0.148845,-179.13104266857405,-69.08220512200108,-178.4931842601073
151,1.51,-0.016655,0.82345,-0.014961,-0.566947,-0.125,0.147581,-0.434364,0.895915,-0.084597,0.14803,-0.565995,-0.114499,0.148828,-179.0757735210148,-69.09982186612461,-178.31899770983756
152,1.52,-0.016191,0.823469,-0.014175,-0.566953,-0.125006,0.147621,-0.434376,0.892775,-0.084604,0.148059,-0.565986,-0.114479,0.148988,-179.19918001736278,-69.09855141463831,-178.29860523243264
153,1.53,-0.017369,0.823789,-0.013515,-0.566469,-0.125181,0.147309,-0.434292,0.818658,-0.084649,0.148023,-0.56597,-0.114435,0.149051,-179.58548836312292,-69.03054539985628,-177.8693251468771
154,1.54,-0.009789,0.822984,-0.012292,-0.567847,-0.124775,0.148365,-0.43435,0.868474,-0.084683,0.147889,-0.565964,-0.114479,0.149019,-178.528363520255,-69.21177630623052,-179.65251891424896
155,1.55,-0.014766,0.823889,-0.01147,-0.566443,-0.125255,0.147297,-0.434285,0.838331,-0.084742,0.147787,-0.565976,-0.114466,0.149022,-179.65243908875183,-69.02089328940527,-178.18544106457023
156,1.56,-0.016076,0.823737,-0.014196,-0.566567,-0.125074,0.147609,-0.434506,0.905709,-0.084506,0.148108,-0.5663,-0.114498,0.148825,-179.17150447443498,-69.04487687952827,-178.33381801479158
157,1.57,-0.016255,0.82355,-0.014972,-0.566813,-0.125026,0.147669,-0.434393,0.893993,-0.084646,0.148031,-0.566013,-0.11439,0.148875,-178.999699435742,-69.08072846293142,-178.42705209361824
158,1.58,-0.016013,0.823508,-0.014495,-0.566894,-0.125014,0.147648,-0.434389,0.884945,-0.084633,0.147997,-0.566002,-0.11443,0.148952,-179.08195711609656,-69.09088419204704,-178.40410014034273
159,1.59,-0.015948,0.823547,-0.014324,-0.566843,-0.125036,0.147635,-0.434387,0.893923,-0.084598,0.147991,-0.56601,-0.114496,0.148968,-179.1152045394663,-69.08332027368871,-178.39026794325446
160,1.6,-0.015361,0.823504,-0.013354,-0.566945,-0.124991,0.147634,-0.434375,0.906229,-0.08454,0.148061,-0.566042,-0.114501,0.148963,-179.26512012181166,-69.09497955054869,-178.36871531047723
161,1.61,-0.009562,0.822958,-0.012365,-0.567887,-0.124754,0.148401,-0.43436,0.876817,-0.084708,0.147923,-0.565987,-0.114381,0.148925,-178.4671890863775,-69.21696288508741,-179.72639674484358
162,1.62,-0.007808,0.823244,-0.010757,-0.567533,-0.124931,0.14838,-0.43441,0.884934,-0.084831,0.147751,-0.565986,-0.114481,0.149003,-178.57449102897732,-69.164303450314,-179.89596141210765
163,1.63,-0.013873,0.823536,-0.012336,-0.566961,-0.124998,0.147694,-0.434421,0.89285,-0.084663,0.147959,-0.56609,-0.114375,0.149011,-179.26340484554626,-69.09412061208542,-178.57695976019815
164,1.64,-0.016363,0.823439,-0.014891,-0.566973,-0.124999,0.147701,-0.434401,0.892803,-0.084635,0.148045,-0.566011,-0.114468,0.149018,-179.04115675972787,-69.1029247216767,-178.38345911613914
165,1.65,-0.016151,0.823569,-0.014269,-0.566806,-0.125006,0.147646,-0.434396,0.892717,-0.084607,0.148056,-0.565998,-0.114369,0.149008,-179.16657910655985,-69.07819102605589,-178.32666909136148
166,1.66,-0.018583,0.823702,-0.014799,-0.566525,-0.125186,0.147211,-0.434305,0.814793,-0.084631,0.147971,-0.566028,-0.11452,0.148925,-179.4674497631868,-69.04243213084114,-177.7815163590421
167,1.67,-0.017899,0.823851,-0.013721,-0.566358,-0.125158,0.147257,-0.43437,0.794612,-0.084497,0.148086,-0.56622,-0.114508,0.148966,-179.62662680973514,-69.01598853930409,-177.7674661165083
168,1.68,-0.014833,0.823728,-0.012748,-0.566648,-0.125014,0.147688,-0.434476,0.89542,-0.084484,0.148099,-0.566259,-0.114438,0.149048,-179.32824533642548,-69.05208706197047,-178.39889276300957
169,1.69,-0.013114,0.823825,-0.011489,-0.566576,-0.125114,0.147699,-0.434475,0.923965,-0.084624,0.147961,-0.566203,-0.11446,0.149015,-179.34818620847508,-69.03838119392223,-178.62433957311404
170,1.7,-0.01465,0.823653,-0.013373,-0.566748,-0.125032,0.147704,-0.434465,0.90691,-0.084629,0.147953,-0.566199,-0.114354,0.148997,-179.130182599018,-69.06705721058395,-178.56058761953835
171,1.71,-0.015396,0.823651,-0.013786,-0.56672,-0.12505,0.147708,-0.434407,0.894172,-0.084622,0.14805,-0.566001,-0.114406,0.149026,-179.15664134452,-69.06453606338945,-178.43858789013342
172,1.72,-0.016768,0.823762,-0.014444,-0.566504,-0.125052,0.147675,-0.434466,0.907052,-0.084441,0.148232,-0.566193,-0.114514,0.149013,-179.2314855770323,-69.03726814524035,-178.19632540974624
173,1.73,-0.016591,0.823562,-0.014492,-0.566799,-0.125017,0.147625,-0.434357,0.898967,-0.084592,0.14807,-0.565962,-0.11439,0.149043,-179.18768110303367,-69.07826983201731,-178.2509346981886
174,1.74,-0.018213,0.823705,-0.014517,-0.56654,-0.125169,0.14724,-0.434291,0.823505,-0.084624,0.147995,-0.566034,-0.114462,0.148898,-179.47476043650207,-69.04353536442021,-177.82795275415302
175,1.75,-0.015108,0.823973,-0.011921,-0.566302,-0.125297,0.147245,-0.434271,0.848124,-0.084797,0.147734,-0.565982,-0.114373,0.14895,-179.5948513848611,-69.00238139888864,-178.17759892341502
176,1.76,-0.007853,0.823463,-0.009939,-0.567228,-0.124884,0.148311,-0.434509,0.900953,-0.084666,0.14786,-0.566209,-0.114345,0.148991,-178.80058369724088,-69.12155949790238,-179.73345053546285
177,1.77,-0.01532,0.823602,-0.013791,-0.566794,-0.125021,0.14766,-0.434426,0.911223,-0.08463,0.148011,-0.566098,-0.114347,0.148927,-179.14169069293112,-69.07486702828854,-178.45943727553248
178,1.78,-0.016089,0.823462,-0.014445,-0.566959,-0.124988,0.147753,-0.434407,0.886712,-0.084596,0.148118,-0.565981,-0.114454,0.149086,-179.10919124802726,-69.09979458125194,-178.37475107105217
179,1.79,-0.019243,0.823689,-0.015135,-0.566513,-0.125185,0.147235,-0.434311,0.811766,-0.084625,0.1481,-0.565991,-0.114532,0.148944,-179.4985699442082,-69.04210659588007,-177.66829723960453
180,1.8,-0.018735,0.823646,-0.015253,-0.56659,-0.125163,0.147256,-0.4343,0.807498,-0.084639,0.147964,-0.565971,-0.114515,0.148947,-179.37559621684034,-69.0528682655622,-177.8234724760822
181,1.81,-0.012605,0.82378,-0.011163,-0.566659,-0.125141,0.147647,-0.434366,0.919127,-0.084693,0.147843,-0.566018,-0.114468,0.148967,-179.3420129480038,-69.04892883609143,-178.69935999986976
182,1.82,-0.01006,0.823348,-0.011002,-0.567341,-0.125,0.14792,-0.434339,0.897296,-0.084859,0.147669,-0.565936,-0.114366,0.14886,-178.9214972466617,-69.14100066024346,-179.34314495700033
183,1.83,-0.007686,0.823174,-0.010294,-0.567643,-0.124876,0.14834,-0.434418,0.873197,-0.084787,0.14779,-0.566012,-0.114498,0.148955,-178.67458597437195,-69.17911235513287,-179.84409263976048
184,1.84,-0.016072,0.823484,-0.014676,-0.566922,-0.125029,0.147745,-0.434421,0.888407,-0.084625,0.148088,-0.566013,-0.114506,0.149013,-179.04489843490535,-69.09512819257056,-178.42139155526596
185,1.85,-0.016221,0.822983,-0.016684,-0.567589,-0.12492,0.1478,-0.43449,0.867281,-0.084683,0.14772,-0.566461,-0.114496,0.149024,-178.54059576094178,-69.19157634780056,-178.74833700920556
186,1.86,-0.016792,0.823462,-0.015276,-0.566917,-0.125,0.147686,-0.434368,0.887559,-0.084611,0.148082,-0.565958,-0.11444,0.14896,-179.01732544671205,-69.09642963168034,-178.3401778081925
187,1.87,-0.017192,0.823732,-0.013725,-0.566553,-0.125166,0.147261,-0.434314,0.80757,-0.084632,0.147895,-0.566052,-0.114471,0.148968,-179.49842475199029,-69.04275591621708,-177.95372573345816
188,1.88,-0.01,0.823251,-0.010755,-0.567488,-0.125011,0.147866,-0.434293,0.891919,-0.084858,0.147651,-0.565895,-0.114476,0.148811,-178.97586486512077,-69.16123849262881,-179.31413213578637
189,1.89,-0.010699,0.823204,-0.011289,-0.567533,-0.12496,0.147922,-0.434296,0.886288,-0.084832,0.14775,-0.565903,-0.114451,0.148906,-178.96199347074966,-69.1688429529345,-179.22643025014793
190,1.9,-0.009288,0.82312,-0.01183,-0.567669,-0.124759,0.148446,-0.434472,0.881203,-0.08464,0.147984,-0.5661,-0.11435,0.149035,-178.55994737558703,-69.18604662376863,-179.7002108200668
191,1.91,-0.016336,0.823538,-0.014561,-0.566838,-0.125036,0.147674,-0.434453,0.899163,-0.084613,0.148084,-0.56604,-0.114491,0.149003,-179.12315373218703,-69.08338770021936,-178.33079954219934
192,1.92,-0.014928,0.823022,-0.015439,-0.567603,-0.124894,0.147789,-0.434521,0.861993,-0.084699,0.147628,-0.566475,-0.114415,0.149045,-178.63440476105123,-69.18947990042693,-178.86366052024238
193,1.93,-0.01658,0.823482,-0.014414,-0.566916,-0.125059,0.147591,-0.434355,0.899762,-0.084641,0.148083,-0.565989,-0.114536,0.148954,-179.2066978533947,-69.09417655630493,-178.23930503733658
194,1.94,-0.015622,0.823816,-0.012137,-0.566512,-0.125254,0.147252,-0.434243,0.839154,-0.084754,0.147811,-0.565929,-0.114478,0.148995,-179.63217954751812,-69.03233251013243,-178.08021314204413
195,1.95,-0.009471,0.823361,-0.00966,-0.567357,-0.125061,0.147832,-0.434277,0.909525,-0.084865,0.147691,-0.565878,-0.114501,0.148853,-179.1695783090269,-69.14143800657733,-179.25417769586616
196,1.96,-0.010447,0.823394,-0.011413,-0.567259,-0.125014,0.147968,-0.434362,0.907604,-0.084836,0.147691,-0.565974,-0.114396,0.148967,-178.88334086178335,-69.1304251572313,-179.31551517687234
197,1.97,-0.016334,0.823377,-0.014685,-0.56707,-0.124991,0.147631,-0.434386,0.897271,-0.084645,0.14806,-0.566044,-0.114461,0.148871,-179.09063986720224,-69.11607432441653,-178.3534044452113
198,1.98,-0.014261,0.8228,-0.015429,-0.567942,-0.124902,0.147781,-0.434442,0.890949,-0.084857,0.147529,-0.566264,-0.114476,0.148882,-178.5144332516833,-69.23548429153243,-179.0395972089782
199,1.99,-0.017516,0.823211,-0.015935,-0.567241,-0.124921,0.147611,-0.434419,0.874666,-0.084597,0.148085,-0.566024,-0.114479,0.148817,-178.97574588762478,-69.14370109615169,-178.26797842497558
200,2.0,-0.019186,0.823777,-0.0148,-0.566396,-0.125141,0.147206,-0.434364,0.802697,-0.084536,0.148114,-0.566152,-0.114424,0.148951,-179.5758273044241,-69.02487128606553,-177.62327536079601
201,2.01,-0.00863,0.823235,-0.010943,-0.56753,-0.124941,0.148264,-0.434316,0.885104,-0.084782,0.147775,-0.565924,-0.114537,0.148952,-178.67544029016105,-69.16522806892067,-179.71195797684362
202,2.02,-0.009261,0.823322,-0.009782,-0.567415,-0.125024,0.147996,-0.434296,0.910175,-0.084869,0.147713,-0.565864,-0.114451,0.149104,-179.09886563114193,-69.1493973491751,-179.33216155819719
203,2.03,-0.010885,0.8233,-0.011651,-0.567382,-0.124951,0.147935,-0.434348,0.89049,-0.08475,0.147765,-0.565985,-0.114467,0.148857,-178.90010740284498,-69.148295673624,-179.2430961999226
204,2.04,-0.015115,0.823561,-0.014,-0.566854,-0.124976,0.147762,-0.434468,0.884318,-0.084617,0.148015,-0.566053,-0.114332,0.14901,-179.04927647139175,-69.08337349828426,-178.55155511830594
205,2.05,-0.016159,0.822671,-0.018186,-0.567997,-0.124902,0.147828,-0.434441,0.880082,-0.084871,0.147476,-0.566259,-0.114497,0.148868,-178.12924862007878,-69.25029844508897,-179.04128588682585
206,2.06,-0.017124,0.823368,-0.015365,-0.567042,-0.124967,0.147679,-0.434373,0.885182,-0.084605,0.148157,-0.566,-0.114453,0.148931,-179.0546223234018,-69.11449523705903,-178.26826849359537
207,2.07,-0.017372,0.823487,-0.014438,-0.566885,-0.125138,0.147287,-0.434256,0.813987,-0.08477,0.147818,-0.565939,-0.114419,0.148964,-179.34446539286859,-69.09068908264058,-178.0342757586527
208,2.08,-0.011211,0.823323,-0.011037,-0.567354,-0.124992,0.147773,-0.434362,0.921008,-0.084713,0.147793,-0.566083,-0.114506,0.148776,-179.12240743242995,-69.14408245556605,-179.0445113045084
209,2.09,-0.010706,0.823499,-0.010737,-0.567115,-0.125003,0.147933,-0.434382,0.921346,-0.0847,0.147849,-0.566092,-0.114399,0.149002,-179.10965218034468,-69.11007211423532,-179.12350772137452
210,2.1,-0.017531,0.823745,-0.014007,-0.566516,-0.125155,0.147326,-0.434337,0.813009,-0.084636,0.148,-0.566084,-0.114416,0.149008,-179.48536543201013,-69.03842577942886,-177.91557473297453
211,2.11,-0.016129,0.823528,-0.014434,-0.566862,-0.125017,0.147674,-0.434428,0.893062,-0.084618,0.148071,-0.56605,-0.114471,0.148978,-179.11911908010606,-69.08628752670575,-178.36237604857493
212,2.12,-0.015192,0.822943,-0.016466,-0.567681,-0.124943,0.147788,-0.434453,0.902885,-0.084859,0.147473,-0.566276,-0.114392,0.149014,-178.409905236655,-69.20207130828545,-178.9818231758903
213,2.13,-0.015888,0.823576,-0.013847,-0.566814,-0.125034,0.147632,-0.434397,0.896509,-0.084608,0.148076,-0.566011,-0.114492,0.148982,-179.2302879653887,-69.07822272047362,-178.31941860619992
214,2.14,-0.015654,0.824002,-0.011707,-0.56625,-0.125252,0.147275,-0.434306,0.833746,-0.084649,0.147963,-0.566049,-0.114416,0.148983,-179.74984168522565,-68.99494218740341,-177.9952211394192
215,2.15,-0.010747,0.823434,-0.010997,-0.567204,-0.125024,0.147972,-0.434379,0.92363,-0.084726,0.147833,-0.566111,-0.11446,0.149043,-179.04829513945913,-69.12282052794374,-179.16010035965058
216,2.16,-0.00793,0.823298,-0.009595,-0.567473,-0.124879,0.148262,-0.434429,0.898409,-0.084682,0.147875,-0.566139,-0.114463,0.149,-178.90516287206356,-69.15571827808486,-179.65095460743973
217,2.17,-0.01973,0.823888,-0.015265,-0.566203,-0.125153,0.147178,-0.434423,0.785543,-0.084478,0.148173,-0.566346,-0.114459,0.148848,-179.55059018902952,-68.999623475339,-177.56521761105915
218,2.18,-0.017443,0.823619,-0.01511,-0.566674,-0.124973,0.147647,-0.434527,0.894057,-0.084467,0.148223,-0.566274,-0.11439,0.149,-179.1789121330776,-69.0630265641617,-178.13847712167305
219,2.19,-0.017231,0.82374,-0.014947,-0.566508,-0.125038,0.147655,-0.434514,0.90645,-0.084443,0.148225,-0.566252,-0.114502,0.148985,-179.18281899264707,-69.03924982889176,-178.1653685502968
220,2.2,-0.01614,0.823758,-0.013834,-0.566542,-0.125013,0.147658,-0.434478,0.891042,-0.084457,0.148186,-0.566263,-0.114393,0.148999,-179.27858394533757,-69.04051002222623,-178.25126906509593
221,2.21,-0.018397,0.823831,-0.013984,-0.566364,-0.125139,0.147243,-0.434378,0.789386,-0.08449,0.148125,-0.566254,-0.114467,0.14899,-179.64764083728872,-69.01768049728295,-177.68372521836673
222,2.22,-0.009077,0.823364,-0.010601,-0.567342,-0.124917,0.148269,-0.43443,0.911026,-0.084648,0.147959,-0.566141,-0.114505,0.149007,-178.84828338505787,-69.13953511704143,-179.53039459414677
223,2.23,-0.01113,0.823349,-0.011526,-0.56731,-0.124954,0.148051,-0.434408,0.914985,-0.084643,0.14796,-0.566151,-0.114505,0.149005,-178.97803197888518,-69.13863467067299,-179.15526318876894
224,2.24,-0.018368,0.82383,-0.014209,-0.566362,-0.125213,0.147228,-0.434416,0.814583,-0.084584,0.148072,-0.566236,-0.114518,0.148936,-179.583053722884,-69.0181647648109,-177.73216959908424
225,2.25,-0.016597,0.823774,-0.014263,-0.566495,-0.125031,0.147654,-0.434514,0.896923,-0.08444,0.148219,-0.566257,-0.114475,0.148974,-179.24816950659874,-69.0353176231053,-178.2086363605293
226,2.26,-0.017795,0.823581,-0.014957,-0.566722,-0.124969,0.147616,-0.434518,0.896221,-0.084436,0.148361,-0.566311,-0.114429,0.148913,-179.28353407207837,-69.06963173126277,-178.01747862224383
227,2.27,-0.019684,0.823871,-0.015077,-0.566235,-0.125139,0.147233,-0.43439,0.795398,-0.084473,0.148208,-0.566228,-0.114424,0.148991,-179.59200368916456,-69.00356819941528,-177.5431182546685
228,2.28,-0.017907,0.823813,-0.013812,-0.566411,-0.125212,0.14723,-0.434378,0.802133,-0.084593,0.148031,-0.566194,-0.114519,0.148956,-179.6044212940237,-69.02363121343551,-177.7815453298961
229,2.29,-0.00828,0.823332,-0.01012,-0.56741,-0.12488,0.148309,-0.434429,0.895094,-0.084665,0.147908,-0.566138,-0.114453,0.149023,-178.83007149871472,-69.14771040564474,-179.65393362443933
230,2.3,-0.009996,0.823142,-0.012213,-0.567617,-0.124816,0.148402,-0.434466,0.888526,-0.084629,0.148084,-0.566209,-0.114453,0.14892,-178.58802593524507,-69.18020694805077,-179.5822240651687
231,2.31,-0.015638,0.823639,-0.01379,-0.566731,-0.125042,0.147654,-0.434491,0.896211,-0.084538,0.148141,-0.566311,-0.114497,0.148846,-179.19961696784424,-69.06635071234794,-178.37534686173916
232,2.32,-0.016355,0.823717,-0.014248,-0.566587,-0.125079,0.147663,-0.434509,0.904802,-0.084517,0.14818,-0.566269,-0.114536,0.148955,-179.2085147127435,-69.04806655236985,-178.2695409442523
233,2.33,-0.016629,0.823657,-0.0143,-0.566664,-0.125012,0.147646,-0.434507,0.896817,-0.084461,0.148219,-0.566259,-0.114504,0.148948,-179.24484052579606,-69.05902742860259,-178.20638240536587
234,2.34,-0.017385,0.823712,-0.014532,-0.566555,-0.125016,0.14762,-0.434472,0.892938,-0.084438,0.14831,-0.566269,-0.114483,0.148992,-179.3204999847748,-69.04499710056287,-178.0492267417336
235,2.35,-0.017963,0.823933,-0.013427,-0.566243,-0.125185,0.147292,-0.434393,0.7946,-0.084502,0.148193,-0.566248,-0.114477,0.149031,-179.71493544918624,-68.9991269687987,-177.69803877349383
236,2.36,-0.015781,0.824025,-0.01164,-0.566215,-0.125266,0.147292,-0.434324,0.826129,-0.084653,0.148013,-0.56611,-0.114428,0.149033,-179.79026717534185,-68.99002351694605,-177.9498369592555
237,2.37,-0.01529,0.823803,-0.012129,-0.56654,-0.125266,0.147296,-0.434277,0.843309,-0.084824,0.147795,-0.565977,-0.114421,0.14898,-179.5741742601767,-69.03603148960433,-178.16625379776474
238,2.38,-0.016086,0.82372,-0.01379,-0.566601,-0.125042,0.147607,-0.434548,0.907552,-0.084517,0.148191,-0.566384,-0.11442,0.148851,-179.28060753453576,-69.04871765369697,-178.25736522663135
239,2.39,-0.016601,0.823726,-0.013601,-0.566581,-0.124993,0.147616,-0.434546,0.89369,-0.084468,0.148301,-0.566328,-0.114369,0.149003,-179.42395810064295,-69.04579816169567,-178.08712512868257
240,2.4,-0.017588,0.823656,-0.014614,-0.566628,-0.124989,0.147555,-0.434454,0.892152,-0.084454,0.148328,-0.566258,-0.114433,0.148849,-179.33606537740545,-69.05550667728964,-178.01021505153795
241,2.41,-0.019823,0.824018,-0.014511,-0.566031,-0.125219,0.147207,-0.434411,0.804778,-0.084455,0.148347,-0.566224,-0.114517,0.148984,-179.76465479847084,-68.97353052279688,-177.4055286006157
242,2.42,-0.015557,0.82372,-0.012964,-0.566635,-0.125032,0.147637,-0.434447,0.901327,-0.084477,0.148224,-0.566233,-0.114458,0.148958,-179.4027044125272,-69.05123716537757,-178.2469548311559
243,2.43,-0.011575,0.82339,-0.011723,-0.567237,-0.124991,0.147998,-0.434421,0.920161,-0.0847,0.147927,-0.566172,-0.114486,0.149051,-179.00707611964722,-69.12916377249907,-179.0732847286656
244,2.44,-0.010797,0.823308,-0.011605,-0.567373,-0.125017,0.147904,-0.434369,0.902934,-0.084867,0.147723,-0.566028,-0.114408,0.148827,-178.8962350109004,-69.14688158301608,-179.2580058470954
245,2.45,-0.015746,0.823613,-0.01342,-0.566775,-0.125044,0.147602,-0.434534,0.906787,-0.08454,0.148114,-0.566356,-0.114525,0.14895,-179.31716337130948,-69.07185741482478,-178.27941798116456
246,2.46,-0.01729,0.823557,-0.014726,-0.566778,-0.124947,0.147643,-0.434508,0.884428,-0.084444,0.148306,-0.566275,-0.11444,0.148927,-179.2529435707795,-69.07635961123893,-178.10875489440627
247,2.47,-0.01768,0.823659,-0.014759,-0.566618,-0.124934,0.14771,-0.434503,0.880014,-0.084384,0.148407,-0.566193,-0.114372,0.149106,-179.3144529357283,-69.0546640408473,-178.01229859918698
248,2.48,-0.016202,0.82382,-0.013431,-0.566461,-0.125071,0.147636,-0.434418,0.909956,-0.084486,0.148316,-0.566175,-0.114424,0.148914,-179.39584384325485,-69.02857207159704,-178.1620784536965
249,2.49,-0.011321,0.823362,-0.011131,-0.567295,-0.124963,0.147941,-0.434388,0.912394,-0.084673,0.147931,-0.566153,-0.114486,0.14901,-179.11756120179697,-69.13630320073106,-179.03253520619492
250,2.5,-0.011272,0.82339,-0.01129,-0.567251,-0.125007,0.147859,-0.434387,0.923093,-0.084754,0.147819,-0.566149,-0.114402,0.148894,-179.06647668895175,-69.13015917587995,-179.07452955105703
251,2.51,-0.013498,0.823659,-0.011376,-0.56681,-0.12509,0.14761,-0.434448,0.932336,-0.084665,0.147947,-0.56624,-0.114476,0.149023,-179.44849588183476,-69.07094045052533,-178.50179875805946
252,2.52,-0.017016,0.823648,-0.014665,-0.566656,-0.125029,0.147623,-0.434494,0.89686,-0.084496,0.148177,-0.566279,-0.114485,0.148992,-179.21875580790973,-69.05904531280275,-178.17048388130252
253,2.53,-0.021254,0.823874,-0.015794,-0.566154,-0.125096,0.147233,-0.434458,0.773109,-0.084341,0.148465,-0.566273,-0.114491,0.149005,-179.68694849919075,-68.99521468751249,-177.2595990522092
254,2.54,-0.018614,0.82348,-0.015354,-0.566832,-0.124942,0.14767,-0.43449,0.879425,-0.084426,0.148472,-0.566225,-0.114471,0.149086,-179.32817688392663,-69.0866340999759,-177.87268789638526
255,2.55,-0.014747,0.823801,-0.012202,-0.566555,-0.125071,0.147646,-0.434462,0.902383,-0.084478,0.148159,-0.566269,-0.114487,0.149019,-179.45640780284532,-69.0378618044755,-178.32275828640041
256,2.56,-0.010874,0.82342,-0.010861,-0.567225,-0.125002,0.147843,-0.434395,0.923624,-0.084742,0.14782,-0.566139,-0.1144,0.148838,-179.1074816618166,-69.12580114266537,-179.10166700308187
257,2.57,-0.00965,0.823413,-0.009766,-0.567277,-0.125033,0.147875,-0.434401,0.909519,-0.08477,0.147789,-0.566161,-0.1145,0.148844,-179.1741749901122,-69.13062126099157,-179.2260716203908
258,2.58,-0.015731,0.823674,-0.013652,-0.566681,-0.125048,0.147629,-0.434485,0.895369,-0.084546,0.148136,-0.566319,-0.114457,0.148889,-179.25281914201756,-69.0592200125155,-178.32582651016287
259,2.59,-0.016072,0.822977,-0.016692,-0.567602,-0.124906,0.147779,-0.434534,0.868781,-0.084716,0.147731,-0.566521,-0.114405,0.14888,-178.51117834310716,-69.19316856092485,-178.78938335932648
260,2.6,-0.016634,0.82292,-0.017002,-0.567659,-0.124887,0.14782,-0.434533,0.859133,-0.084662,0.147746,-0.566505,-0.11448,0.149096,-178.53177026358935,-69.20255504631629,-178.69697248926144
261,2.61,-0.01916,0.823917,-0.014549,-0.566199,-0.125134,0.147216,-0.434412,0.786395,-0.084445,0.148194,-0.566239,-0.114426,0.148937,-179.6359096048651,-68.99665143737654,-177.58589242834026
262,2.62,-0.010855,0.823377,-0.010527,-0.567294,-0.124993,0.147831,-0.434404,0.925486,-0.084731,0.147792,-0.566159,-0.114463,0.148976,-179.19251717570808,-69.13499774749152,-179.0457447434189
263,2.63,-0.00932,0.823425,-0.008994,-0.567278,-0.125048,0.147821,-0.434357,0.916674,-0.08479,0.147786,-0.566108,-0.114523,0.148865,-179.3184446450599,-69.12972476017926,-179.17260361358865
264,2.64,-0.008012,0.823284,-0.00988,-0.567488,-0.124861,0.148322,-0.434424,0.886015,-0.084684,0.147969,-0.566168,-0.114464,0.14893,-178.8445391250485,-69.15812561675928,-179.681349070729
265,2.65,-0.01705,0.823624,-0.014406,-0.566697,-0.125004,0.147647,-0.434493,0.898761,-0.08447,0.148284,-0.566242,-0.114503,0.148995,-179.29350714379885,-69.06425649494508,-178.11430370417102
266,2.66,-0.016313,0.822949,-0.016865,-0.567631,-0.124877,0.147821,-0.434582,0.862076,-0.084678,0.147758,-0.566581,-0.114415,0.148987,-178.5093615232733,-69.19794915961928,-178.75710881850245
267,2.67,-0.015813,0.822988,-0.016321,-0.567604,-0.124943,0.147723,-0.434507,0.866754,-0.084707,0.147671,-0.566515,-0.11451,0.148859,-178.5622659691196,-69.19242652427704,-178.79020679277494
268,2.68,-0.010619,0.8234,-0.011128,-0.567253,-0.124941,0.148075,-0.434434,0.921023,-0.084657,0.147967,-0.566193,-0.114421,0.148984,-178.9902286766024,-69.12958876443575,-179.2179377923573
269,2.69,-0.008003,0.823474,-0.008066,-0.567241,-0.124979,0.148048,-0.434386,0.923619,-0.084887,0.147591,-0.566139,-0.114122,0.149537,-179.32392042854062,-69.1226675119154,-179.35209498085362
270,2.7,-0.01046,0.82352,-0.010293,-0.567097,-0.125086,0.14786,-0.434384,0.931155,-0.084762,0.1478,-0.566111,-0.114516,0.148954,-179.18231852450538,-69.10679456653558,-179.10768866870353
271,2.71,-0.019528,0.823804,-0.014726,-0.566347,-0.125158,0.147248,-0.434386,0.796654,-0.084499,0.148251,-0.566225,-0.114512,0.149022,-179.65702716641593,-69.01800345547008,-177.5199532656087
272,2.72,-0.016755,0.822903,-0.017408,-0.567668,-0.124874,0.147849,-0.434567,0.860605,-0.084677,0.147734,-0.566528,-0.114447,0.149086,-178.44607657781415,-69.2046902596614,-178.7392499637648
273,2.73,-0.016043,0.823007,-0.016729,-0.567558,-0.124933,0.147764,-0.434549,0.864498,-0.084688,0.147706,-0.566566,-0.114507,0.148855,-178.4960711732328,-69.18701602613649,-178.80380248285604
274,2.74,-0.018274,0.823891,-0.013724,-0.566287,-0.125165,0.147237,-0.434442,0.787004,-0.084498,0.148153,-0.566312,-0.114487,0.148977,-179.69334120966508,-69.00618560848076,-177.6695453184595
275,2.75,-0.01036,0.823528,-0.01015,-0.56709,-0.125104,0.14788,-0.434401,0.932712,-0.084771,0.147826,-0.566119,-0.114522,0.148975,-179.2019347588008,-69.10559327935863,-179.10809439041694
276,2.76,-0.01003,0.823326,-0.010657,-0.567381,-0.125053,0.147922,-0.434351,0.917656,-0.084854,0.147713,-0.566104,-0.114467,0.148914,-179.00742174062148,-69.14636326420062,-179.28814043816757
277,2.77,-0.008292,0.823295,-0.00964,-0.567472,-0.124869,0.148254,-0.434386,0.891099,-0.084674,0.147983,-0.566106,-0.114458,0.148949,-178.959390145951,-69.15614363884087,-179.56319683393036
278,2.78,-0.019768,0.823858,-0.014952,-0.566255,-0.125122,0.147236,-0.434402,0.780722,-0.084461,0.148249,-0.56623,-0.114448,0.149021,-179.6403016952068,-69.00609855618377,-177.49821862621528
279,2.79,-0.016665,0.822826,-0.017345,-0.567784,-0.124872,0.147771,-0.434591,0.867052,-0.084727,0.147641,-0.566585,-0.114444,0.149011,-178.44623873664744,-69.22055052602049,-178.7517652947777
280,2.8,-0.017162,0.823723,-0.014833,-0.566538,-0.125001,0.147699,-0.434543,0.893375,-0.08444,0.148289,-0.56627,-0.114414,0.149009,-179.20048700995244,-69.04312401435566,-178.16280260012707
281,2.81,-0.009926,0.823207,-0.011865,-0.567531,-0.124799,0.1484,-0.43449,0.899353,-0.084601,0.148063,-0.56622,-0.114368,0.149067,-178.66781491626682,-69.16789146762625,-179.5368384389261
282,2.82,-0.009494,0.823378,-0.010048,-0.567324,-0.125031,0.147893,-0.434381,0.906028,-0.08483,0.147721,-0.566165,-0.11443,0.14882,-179.07097060103345,-69.13705494240564,-179.3189019427016
283,2.83,-0.011343,0.823379,-0.011201,-0.567268,-0.125008,0.147904,-0.434397,0.924261,-0.084729,0.147862,-0.566147,-0.114496,0.14901,-179.1030180419554,-69.13258779162167,-179.0394831070364
284,2.84,-0.018993,0.823864,-0.014611,-0.566281,-0.125167,0.147307,-0.434374,0.802688,-0.0845,0.148245,-0.566256,-0.114482,0.148987,-179.58987943085165,-69.00825878302275,-177.64063824999062
285,2.85,-0.017216,0.8236,-0.01471,-0.56672,-0.125003,0.147607,-0.434469,0.896496,-0.084475,0.14827,-0.566262,-0.114496,0.148868,-179.2434804054521,-69.06841540525238,-178.1256187641916
286,2.86,-0.017968,0.823588,-0.015406,-0.566695,-0.125006,0.147572,-0.434558,0.88844,-0.084457,0.148227,-0.566305,-0.114515,0.148915,-179.19626293966917,-69.06718928239827,-178.0534784347912
287,2.87,-0.016981,0.823769,-0.014315,-0.566491,-0.125012,0.147578,-0.434524,0.897923,-0.084444,0.1482,-0.566288,-0.114408,0.148963,-179.30413636428457,-69.03539207185204,-178.11674540325058
288,2.88,-0.009554,0.823029,-0.011693,-0.567799,-0.124777,0.14839,-0.434437,0.894107,-0.084642,0.147997,-0.566188,-0.114473,0.149039,-178.64462400079856,-69.20449235660193,-179.60495507358777
289,2.89,-0.011275,0.823375,-0.01081,-0.567282,-0.125011,0.147849,-0.43435,0.915879,-0.084737,0.147893,-0.56611,-0.114471,0.148934,-179.1941959745813,-69.1339029347961,-178.98612652290205
290,2.9,-0.008341,0.823355,-0.010055,-0.567377,-0.124934,0.148279,-0.434418,0.907116,-0.084707,0.147962,-0.566182,-0.114475,0.148912,-178.85852261655347,-69.14318942901345,-179.62580168093763
291,2.91,-0.015948,0.823667,-0.013483,-0.56669,-0.125044,0.14764,-0.43445,0.898052,-0.084504,0.148199,-0.566217,-0.114548,0.148976,-179.3369304355221,-69.0604106808505,-178.23777086264923
292,2.92,-0.017244,0.823638,-0.01478,-0.566661,-0.12495,0.147711,-0.434561,0.88115,-0.084426,0.148316,-0.566274,-0.114375,0.14905,-179.22984691350985,-69.06025674963334,-178.13113025357643
293,2.93,-0.017741,0.823625,-0.01517,-0.566654,-0.124992,0.147618,-0.434503,0.897983,-0.084441,0.148294,-0.566277,-0.114454,0.148919,-179.2171603556459,-69.06061993369367,-178.07070702272293
294,2.94,-0.015889,0.823747,-0.01332,-0.566579,-0.125035,0.147599,-0.434509,0.899028,-0.084494,0.148161,-0.566293,-0.114415,0.148972,-179.36880782432402,-69.04454916892958,-178.22412694259995
