<?xml version="1.0" encoding="utf-8"?>
<chart id="130">
  <P Name="name">Robot 1 Behavior/External Boundary</P>
  <P Name="windowPosition">[422 539.941 189 413]</P>
  <P Name="viewLimits">[0 156.75 0 153.75]</P>
  <P Name="screen">[1 1 3600 1200 1.180555555555556]</P>
  <P Name="viewObj">130</P>
  <P Name="ssIdHighWaterMark">7</P>
  <P Name="decomposition">CLUSTER_CHART</P>
  <P Name="type">EML_CHART</P>
  <P Name="chartFileNumber">11</P>
  <P Name="disableImplicitCasting">1</P>
  <eml>
    <P Name="name">ContrilInputU</P>
  </eml>
  <Children>
    <state SSID="1">
      <P Name="labelString">eML_blk_kernel()</P>
      <P Name="position">[18 64.5 118 66]</P>
      <P Name="fontSize">12</P>
      <P Name="superState">SUBCHART</P>
      <P Name="subviewer">130</P>
      <P Name="type">FUNC_STATE</P>
      <P Name="decomposition">CLUSTER_STATE</P>
      <eml>
        <P Name="isEML">1</P>
        <P Name="script">function u = ContrilInputU(RobotParams,NRobot)

% % % For coverage problem
% % % specify coverage area as circle centered at origin with radius
% r = 5; %meters
% xi = RobotParams(NRobot*4-3); 
% yi = RobotParams(NRobot*4-2);
% ri = sqrt(xi^2 + yi^2); 
% u = [0 0 0];
% if ri&gt;=r
%     u(1) = -xi/ri; 
%     u(2) = -yi/ri; 
% end

% For Shark Coverage Problem 
u = [0 0 0];
dxdy = shark(RobotParams(NRobot*4-3),RobotParams(NRobot*4-2)); 
if norm(dxdy)~=0
    u(1) = dxdy(1)/norm(dxdy); 
    u(2) = dxdy(2)/norm(dxdy);
end


end

function [dxdy] = shark(x,y)

dx =0;
dy =0;
if (x&lt;=0)
    dx = 1;
elseif x&gt;=4
    dx = -1;
end
if (y&lt;=0)
    dy = 1;
elseif (y&gt;=5)
    dy=-1;
end
dxdy = [dx;dy];

if norm(dxdy)==0
    
    if (0&lt;=x &amp;&amp; x&lt;1) &amp;&amp; (y &gt; (x+4))%case 1
        dxdy = [1;-1];
    elseif (1&lt;x &amp;&amp; x &lt;= 2 &amp;&amp; y&gt;(-x+6)) % case 2
        dxdy = [-1;-1];
        
    elseif (x&gt;2 &amp;&amp; y&gt;x&amp;&amp; y&gt;2) %case 3a
        dxdy = [-1;0];
    elseif (x&gt;2 &amp;&amp; y&lt;x &amp;&amp; y&gt;2) %case 3b
        dxdy = [0;-1];
    elseif (x&gt;2 &amp;&amp; x==y&amp;&amp; y&gt;2)%case 3c
        dxdy = [ -1;-1];
        %disp(&apos;3c&apos;)
    elseif (3&lt;x &amp;&amp; x&lt;=4 &amp;&amp; y&gt;=1 &amp;&amp; y&lt; x-2)%case 4
        dxdy = [-1; 1];
        %4
    elseif (3&lt;x &amp;&amp; x&lt;=4 &amp;&amp; y&lt;1 &amp;&amp; y&gt;-x+4)%case 5
        dxdy = [-1;-1]  ;
        %5
    else
        dxdy=[0;0];
    end
    
end
end</P>
        <P Name="editorLayout" Class="double">Matrix(4,1)
[10.0, 5.0, 700.0, 500.0]</P>
      </eml>
    </state>
    <data SSID="4" name="RobotParams">
      <P Name="scope">INPUT_DATA</P>
      <props>
        <array>
          <P Name="size">-1</P>
        </array>
        <type>
          <P Name="method">SF_INHERITED_TYPE</P>
          <P Name="primitive">SF_DOUBLE_TYPE</P>
        </type>
        <P Name="complexity">SF_COMPLEX_INHERITED</P>
        <unit>
          <P Name="name">inherit</P>
        </unit>
      </props>
      <P Name="dataType">Inherit: Same as Simulink</P>
    </data>
    <data SSID="7" name="NRobot">
      <P Name="scope">INPUT_DATA</P>
      <props>
        <array>
          <P Name="size">-1</P>
        </array>
        <type>
          <P Name="method">SF_INHERITED_TYPE</P>
          <P Name="primitive">SF_DOUBLE_TYPE</P>
          <P Name="isSigned">1</P>
          <P Name="wordLength">16</P>
        </type>
        <P Name="complexity">SF_COMPLEX_INHERITED</P>
        <P Name="frame">SF_FRAME_INHERITED</P>
        <unit>
          <P Name="name">inherit</P>
        </unit>
      </props>
      <P Name="dataType">Inherit: Same as Simulink</P>
    </data>
    <data SSID="5" name="u">
      <P Name="scope">OUTPUT_DATA</P>
      <props>
        <array>
          <P Name="size">-1</P>
        </array>
        <type>
          <P Name="method">SF_INHERITED_TYPE</P>
          <P Name="primitive">SF_DOUBLE_TYPE</P>
        </type>
        <P Name="complexity">SF_COMPLEX_INHERITED</P>
        <P Name="frame">SF_FRAME_NO</P>
        <unit>
          <P Name="name">inherit</P>
        </unit>
      </props>
      <P Name="dataType">Inherit: Same as Simulink</P>
    </data>
    <transition SSID="2">
      <P Name="labelString">{eML_blk_kernel();}</P>
      <P Name="labelPosition">[28.125 13.875 102.544 14.964]</P>
      <P Name="fontSize">12</P>
      <src>
        <P Name="intersection">[0 0 1 0 23.5747 14.625 0 0]</P>
      </src>
      <dst>
        <P Name="SSID">3</P>
        <P Name="intersection">[1 0 -1 0 23.5747 42.5747 0 0]</P>
      </dst>
      <P Name="midPoint">[23.5747 24.9468]</P>
      <P Name="dataLimits">[21.175 25.975 14.625 42.575]</P>
      <P Name="subviewer">130</P>
      <P Name="drawStyle">SMART</P>
      <slide>
        <P Name="sticky">BOTH_STICK</P>
      </slide>
      <P Name="executionOrder">1</P>
    </transition>
    <junction SSID="3">
      <P Name="position">[23.5747 49.5747 7]</P>
      <P Name="subviewer">130</P>
      <P Name="type">CONNECTIVE_JUNCTION</P>
    </junction>
  </Children>
</chart>
