<?xml version="1.0" encoding="utf-8"?>
<Stateflow>
  <machine id="39">
    <P Name="sfVersion">80000041</P>
    <Children>
      <target id="230" name="sfun">
        <P Name="description">Default Simulink S-Function Target.</P>
      </target>
      <chart Ref="chart_40"/>
      <chart Ref="chart_49"/>
      <chart Ref="chart_58"/>
      <chart Ref="chart_67"/>
      <chart Ref="chart_74"/>
      <chart Ref="chart_81"/>
      <chart Ref="chart_91"/>
      <chart Ref="chart_101"/>
      <chart Ref="chart_110"/>
      <chart Ref="chart_121"/>
      <chart Ref="chart_130"/>
      <chart Ref="chart_138"/>
      <chart Ref="chart_147"/>
      <chart Ref="chart_156"/>
      <chart Ref="chart_166"/>
      <chart Ref="chart_176"/>
      <chart Ref="chart_185"/>
      <chart Ref="chart_195"/>
      <chart Ref="chart_215"/>
      <chart Ref="chart_222"/>
    </Children>
  </machine>
  <instance id="48">
    <P Name="machine">39</P>
    <P Name="name">Robot 1 Behavior/Follow Trench</P>
    <P Name="chart">40</P>
  </instance>
  <instance id="57">
    <P Name="machine">39</P>
    <P Name="name">Robot 1 Behavior/Find Max</P>
    <P Name="chart">49</P>
  </instance>
  <instance id="66">
    <P Name="machine">39</P>
    <P Name="name">Robot 1 Behavior/Orbit</P>
    <P Name="chart">58</P>
  </instance>
  <instance id="73">
    <P Name="machine">39</P>
    <P Name="name">Robot 1 SimResponse/Constant Speed Robot/Global to Body Rotation Matrix</P>
    <P Name="chart">67</P>
  </instance>
  <instance id="80">
    <P Name="machine">39</P>
    <P Name="name">Robot 1 ExpResponse/Global to Body Rotation Matrix</P>
    <P Name="chart">74</P>
  </instance>
  <instance id="90">
    <P Name="machine">39</P>
    <P Name="name">Robot 1 Behavior/Follow Contour</P>
    <P Name="chart">81</P>
  </instance>
  <instance id="100">
    <P Name="machine">39</P>
    <P Name="name">Robot 1 Behavior/Formation</P>
    <P Name="chart">91</P>
  </instance>
  <instance id="109">
    <P Name="machine">39</P>
    <P Name="name">Robot 1 Behavior/Trajectory Following</P>
    <P Name="chart">101</P>
  </instance>
  <instance id="120">
    <P Name="machine">39</P>
    <P Name="name">Robot 1 Behavior/Go To</P>
    <P Name="chart">110</P>
  </instance>
  <instance id="129">
    <P Name="machine">39</P>
    <P Name="name">Robot 1 Behavior/Follow Ridge</P>
    <P Name="chart">121</P>
  </instance>
  <instance id="137">
    <P Name="machine">39</P>
    <P Name="name">Robot 1 Behavior/External Boundary</P>
    <P Name="chart">130</P>
  </instance>
  <instance id="146">
    <P Name="machine">39</P>
    <P Name="name">Robot 1 Behavior/Front Identification</P>
    <P Name="chart">138</P>
  </instance>
  <instance id="155">
    <P Name="machine">39</P>
    <P Name="name">Robot 1 Behavior/Disperse</P>
    <P Name="chart">147</P>
  </instance>
  <instance id="165">
    <P Name="machine">39</P>
    <P Name="name">Robot 1 Behavior/Obstacle Avoidance Behavior</P>
    <P Name="chart">156</P>
  </instance>
  <instance id="175">
    <P Name="machine">39</P>
    <P Name="name">Robot 1 SimResponse/Sensor Value</P>
    <P Name="chart">166</P>
  </instance>
  <instance id="184">
    <P Name="machine">39</P>
    <P Name="name">Robot 1 Behavior/Find Min</P>
    <P Name="chart">176</P>
  </instance>
  <instance id="194">
    <P Name="machine">39</P>
    <P Name="name">Robot 1 Behavior/Attract</P>
    <P Name="chart">185</P>
  </instance>
  <instance id="214">
    <P Name="machine">39</P>
    <P Name="name">Robot 1 Behavior/Sum</P>
    <P Name="chart">195</P>
  </instance>
  <instance id="221">
    <P Name="machine">39</P>
    <P Name="name">Robot 1 SimResponse/Constant Speed Robot/Body to Global 
Rotation Matrix</P>
    <P Name="chart">215</P>
  </instance>
  <instance id="229">
    <P Name="machine">39</P>
    <P Name="name">Robot 1 Behavior/velocity from bearing</P>
    <P Name="chart">222</P>
  </instance>
</Stateflow>
