<?xml version="1.0" encoding="utf-8"?>
<chart id="141">
  <P Name="name">Robot 1 SimResponse/Sensor Value</P>
  <P Name="windowPosition">[422 539.941 189 413]</P>
  <P Name="viewLimits">[0 156.75 0 153.75]</P>
  <P Name="screen">[1 1 3600 1200 1.180555555555556]</P>
  <P Name="viewObj">141</P>
  <P Name="ssIdHighWaterMark">11</P>
  <P Name="decomposition">CLUSTER_CHART</P>
  <P Name="type">EML_CHART</P>
  <P Name="chartFileNumber">91</P>
  <P Name="disableImplicitCasting">1</P>
  <eml>
    <P Name="name">SensorValue_from_position</P>
  </eml>
  <Children>
    <state SSID="1">
      <P Name="labelString">eML_blk_kernel()</P>
      <P Name="position">[18 64.5 118 66]</P>
      <P Name="fontSize">12</P>
      <P Name="superState">SUBCHART</P>
      <P Name="subviewer">141</P>
      <P Name="type">FUNC_STATE</P>
      <P Name="decomposition">CLUSTER_STATE</P>
      <eml>
        <P Name="isEML">1</P>
        <P Name="script">function SensorValue = SensorValue_from_position(x, y, theta,ScalarFieldSelection)
% this function determines the Sensor Value for the given robot for the
% desired concentration profile
 %%%%%%%%%%%%%%%%%%%%%%%%%%%%%%%%
 
 %NEED TO UPDATE TO CALL A FUNCTION 
 
 % from the 1x3 vector CurrentPosition, extract current global (x,y) and
 
 %note that in most applications theta will be unused

% given the current x,y position, determine the Sensor Value based off
% current (x,y) position

%To change the concentration profile, change here:

%concentration= sqrt(x^2 + y^2); %simple source function centered at origin
SensorValue=0;
SensorValue= readScalarField(x,y,ScalarFieldSelection);

end 

</P>
        <P Name="editorLayout" Class="double">Matrix(4,1)
[10.0, 5.0, 700.0, 500.0]</P>
      </eml>
    </state>
    <data SSID="4" name="x">
      <P Name="scope">INPUT_DATA</P>
      <props>
        <array>
          <P Name="size">-1</P>
        </array>
        <type>
          <P Name="method">SF_INHERITED_TYPE</P>
          <P Name="primitive">SF_DOUBLE_TYPE</P>
        </type>
        <P Name="complexity">SF_COMPLEX_INHERITED</P>
        <unit>
          <P Name="name">inherit</P>
        </unit>
      </props>
      <P Name="dataType">Inherit: Same as Simulink</P>
    </data>
    <data SSID="5" name="SensorValue">
      <P Name="scope">OUTPUT_DATA</P>
      <props>
        <array>
          <P Name="size">-1</P>
        </array>
        <type>
          <P Name="method">SF_INHERITED_TYPE</P>
          <P Name="primitive">SF_DOUBLE_TYPE</P>
        </type>
        <P Name="complexity">SF_COMPLEX_INHERITED</P>
        <P Name="frame">SF_FRAME_NO</P>
        <unit>
          <P Name="name">inherit</P>
        </unit>
      </props>
      <P Name="dataType">Inherit: Same as Simulink</P>
    </data>
    <data SSID="6" name="y">
      <P Name="scope">INPUT_DATA</P>
      <props>
        <array>
          <P Name="size">-1</P>
        </array>
        <type>
          <P Name="method">SF_INHERITED_TYPE</P>
          <P Name="primitive">SF_DOUBLE_TYPE</P>
          <P Name="isSigned">1</P>
          <P Name="wordLength">16</P>
        </type>
        <P Name="complexity">SF_COMPLEX_INHERITED</P>
        <P Name="frame">SF_FRAME_INHERITED</P>
        <unit>
          <P Name="name">inherit</P>
        </unit>
      </props>
      <P Name="dataType">Inherit: Same as Simulink</P>
    </data>
    <data SSID="7" name="theta">
      <P Name="scope">INPUT_DATA</P>
      <props>
        <array>
          <P Name="size">-1</P>
        </array>
        <type>
          <P Name="method">SF_INHERITED_TYPE</P>
          <P Name="primitive">SF_DOUBLE_TYPE</P>
          <P Name="isSigned">1</P>
          <P Name="wordLength">16</P>
        </type>
        <P Name="complexity">SF_COMPLEX_INHERITED</P>
        <P Name="frame">SF_FRAME_INHERITED</P>
        <unit>
          <P Name="name">inherit</P>
        </unit>
      </props>
      <P Name="dataType">Inherit: Same as Simulink</P>
    </data>
    <data SSID="8" name="ScalarFieldSelection">
      <P Name="scope">INPUT_DATA</P>
      <props>
        <array>
          <P Name="size">-1</P>
        </array>
        <type>
          <P Name="method">SF_INHERITED_TYPE</P>
          <P Name="primitive">SF_DOUBLE_TYPE</P>
          <P Name="isSigned">1</P>
          <P Name="wordLength">16</P>
        </type>
        <P Name="complexity">SF_COMPLEX_INHERITED</P>
        <P Name="frame">SF_FRAME_INHERITED</P>
        <unit>
          <P Name="name">inherit</P>
        </unit>
      </props>
      <P Name="dataType">Inherit: Same as Simulink</P>
    </data>
    <transition SSID="2">
      <P Name="labelString">{eML_blk_kernel();}</P>
      <P Name="labelPosition">[28.125 13.875 102.544 14.964]</P>
      <P Name="fontSize">12</P>
      <src>
        <P Name="intersection">[0 0 1 0 23.5747 14.625 0 0]</P>
      </src>
      <dst>
        <P Name="SSID">3</P>
        <P Name="intersection">[1 0 -1 0 23.5747 42.5747 0 0]</P>
      </dst>
      <P Name="midPoint">[23.5747 24.9468]</P>
      <P Name="dataLimits">[21.175 25.975 14.625 42.575]</P>
      <P Name="subviewer">141</P>
      <P Name="drawStyle">SMART</P>
      <slide>
        <P Name="sticky">BOTH_STICK</P>
      </slide>
      <P Name="executionOrder">1</P>
    </transition>
    <junction SSID="3">
      <P Name="position">[23.5747 49.5747 7]</P>
      <P Name="subviewer">141</P>
      <P Name="type">CONNECTIVE_JUNCTION</P>
    </junction>
  </Children>
</chart>
