<?xml version="1.0" encoding="utf-8"?>
<chart id="72">
  <P Name="name">Robot 1 Behavior/Follow Contour</P>
  <P Name="windowPosition">[422 539.941 189 413]</P>
  <P Name="viewLimits">[0 156.75 0 153.75]</P>
  <P Name="screen">[1 1 3600 1200 1.180555555555556]</P>
  <P Name="viewObj">72</P>
  <P Name="ssIdHighWaterMark">12</P>
  <P Name="decomposition">CLUSTER_CHART</P>
  <P Name="type">EML_CHART</P>
  <P Name="chartFileNumber">6</P>
  <P Name="disableImplicitCasting">1</P>
  <eml>
    <P Name="name">FollowContour</P>
  </eml>
  <Children>
    <state SSID="1">
      <P Name="labelString">eML_blk_kernel()</P>
      <P Name="position">[18 64.5 118 66]</P>
      <P Name="fontSize">12</P>
      <P Name="superState">SUBCHART</P>
      <P Name="subviewer">72</P>
      <P Name="type">FUNC_STATE</P>
      <P Name="decomposition">CLUSTER_STATE</P>
      <eml>
        <P Name="isEML">1</P>
        <P Name="script">function Vf  = FollowContour(RobotParams, NRobot, SensorRange,DesiredValue)
% calls the correct behavior to follow contour
Vf = [0 0 0];
VfV = SwarmSimWeightedAttractNew(RobotParams, NRobot, SensorRange,@MoveToRefSV,DesiredValue);

% V_disperse = SwarmSimWeightedDisperseNew(RobotParams, NRobot, SensorRange,@LowerSVThanRefWeights,DesiredValue);
% VfV = 0.3*VCW+ 0.3*V_attract + 0.3*V_disperse ;
 
n = norm(VfV);

if n ~=0 
    Vf = VfV/n;
else
end
end

% function Vf  = FollowContour(RobotParams, NRobot, SensorRange, contourState,DesiredValue)
% % calls the correct behavior to follow contour
% Vf = [ 0.0 0.0 0.0]; 
% VCW = [ 0 0 0]; 
% VCCW = [0 0 0]; 
% V_attract = [0 0 0]; 
% VCW = SwarmSimWeightedCWOrbitNew(RobotParams, NRobot, SensorRange,@GradientAscent,DesiredValue);
% switch contourState
%     case 1
%         %Below the contour
%         V_attract = SwarmSimWeightedAttractNew(RobotParams, NRobot, SensorRange,@HigherSVThanRefWeights,DesiredValue);
%         V_disperse = SwarmSimWeightedDisperseNew(RobotParams, NRobot, SensorRange,@LowerSVThanRefWeights,DesiredValue);
%         VfV = 0.3*VCW+ 0.3*V_attract + 0.3*V_disperse ;
%     case 2
%         %Above the contour
%         V_attract = SwarmSimWeightedAttractNew(RobotParams, NRobot, SensorRange,@LowerSVThanRefWeights,DesiredValue);
%         V_disperse = SwarmSimWeightedDisperseNew(RobotParams, NRobot, SensorRange,@HigherSVThanRefWeights,DesiredValue);
%         VfV = 0.3*VCW+ 0.3*V_attract + 0.2*V_disperse; 
%   
%     otherwise
%         VCW = SwarmSimWeightedCWOrbitNew(RobotParams, NRobot, SensorRange,@GradientAscent,DesiredValue);
%         VfV =VCW;
% end
% n = norm(VfV);
% if n ~=0 
%     Vf = VfV/n; 
% end
% end
</P>
        <P Name="editorLayout" Class="double">Matrix(4,1)
[10.0, 5.0, 700.0, 500.0]</P>
      </eml>
    </state>
    <data SSID="4" name="RobotParams">
      <P Name="scope">INPUT_DATA</P>
      <props>
        <array>
          <P Name="size">-1</P>
        </array>
        <type>
          <P Name="method">SF_INHERITED_TYPE</P>
          <P Name="primitive">SF_DOUBLE_TYPE</P>
        </type>
        <P Name="complexity">SF_COMPLEX_INHERITED</P>
        <unit>
          <P Name="name">inherit</P>
        </unit>
      </props>
      <P Name="dataType">Inherit: Same as Simulink</P>
    </data>
    <data SSID="5" name="Vf">
      <P Name="scope">OUTPUT_DATA</P>
      <props>
        <array>
          <P Name="size">-1</P>
        </array>
        <type>
          <P Name="method">SF_INHERITED_TYPE</P>
          <P Name="primitive">SF_DOUBLE_TYPE</P>
        </type>
        <P Name="complexity">SF_COMPLEX_INHERITED</P>
        <P Name="frame">SF_FRAME_NO</P>
        <unit>
          <P Name="name">inherit</P>
        </unit>
      </props>
      <P Name="dataType">Inherit: Same as Simulink</P>
    </data>
    <data SSID="6" name="NRobot">
      <P Name="scope">INPUT_DATA</P>
      <props>
        <array>
          <P Name="size">-1</P>
        </array>
        <type>
          <P Name="method">SF_INHERITED_TYPE</P>
          <P Name="primitive">SF_DOUBLE_TYPE</P>
          <P Name="isSigned">1</P>
          <P Name="wordLength">16</P>
        </type>
        <P Name="complexity">SF_COMPLEX_INHERITED</P>
        <P Name="frame">SF_FRAME_INHERITED</P>
        <unit>
          <P Name="name">inherit</P>
        </unit>
      </props>
      <P Name="dataType">Inherit: Same as Simulink</P>
    </data>
    <data SSID="7" name="SensorRange">
      <P Name="scope">INPUT_DATA</P>
      <props>
        <array>
          <P Name="size">-1</P>
        </array>
        <type>
          <P Name="method">SF_INHERITED_TYPE</P>
          <P Name="primitive">SF_DOUBLE_TYPE</P>
          <P Name="isSigned">1</P>
          <P Name="wordLength">16</P>
        </type>
        <P Name="complexity">SF_COMPLEX_INHERITED</P>
        <P Name="frame">SF_FRAME_INHERITED</P>
        <unit>
          <P Name="name">inherit</P>
        </unit>
      </props>
      <P Name="dataType">Inherit: Same as Simulink</P>
    </data>
    <data SSID="12" name="DesiredValue">
      <P Name="scope">INPUT_DATA</P>
      <props>
        <array>
          <P Name="size">-1</P>
        </array>
        <type>
          <P Name="method">SF_INHERITED_TYPE</P>
          <P Name="primitive">SF_DOUBLE_TYPE</P>
          <P Name="isSigned">1</P>
          <P Name="wordLength">16</P>
        </type>
        <P Name="complexity">SF_COMPLEX_INHERITED</P>
        <P Name="frame">SF_FRAME_INHERITED</P>
        <unit>
          <P Name="name">inherit</P>
        </unit>
      </props>
      <P Name="dataType">Inherit: Same as Simulink</P>
    </data>
    <transition SSID="2">
      <P Name="labelString">{eML_blk_kernel();}</P>
      <P Name="labelPosition">[28.125 13.875 102.544 14.964]</P>
      <P Name="fontSize">12</P>
      <src>
        <P Name="intersection">[0 0 1 0 23.5747 14.625 0 0]</P>
      </src>
      <dst>
        <P Name="SSID">3</P>
        <P Name="intersection">[1 0 -1 0 23.5747 42.5747 0 0]</P>
      </dst>
      <P Name="midPoint">[23.5747 24.9468]</P>
      <P Name="dataLimits">[21.175 25.975 14.625 42.575]</P>
      <P Name="subviewer">72</P>
      <P Name="drawStyle">SMART</P>
      <slide>
        <P Name="sticky">BOTH_STICK</P>
      </slide>
      <P Name="executionOrder">1</P>
    </transition>
    <junction SSID="3">
      <P Name="position">[23.5747 49.5747 7]</P>
      <P Name="subviewer">72</P>
      <P Name="type">CONNECTIVE_JUNCTION</P>
    </junction>
  </Children>
</chart>
