<?xml version="1.0" encoding="utf-8"?>
<Stateflow>
  <machine id="39">
    <P Name="sfVersion">80000032</P>
    <Children>
      <target id="203" name="sfun">
        <P Name="description">Default Simulink S-Function Target.</P>
      </target>
      <chart Ref="chart_40"/>
      <chart Ref="chart_49"/>
      <chart Ref="chart_58"/>
      <chart Ref="chart_65"/>
      <chart Ref="chart_72"/>
      <chart Ref="chart_82"/>
      <chart Ref="chart_92"/>
      <chart Ref="chart_101"/>
      <chart Ref="chart_112"/>
      <chart Ref="chart_122"/>
      <chart Ref="chart_131"/>
      <chart Ref="chart_141"/>
      <chart Ref="chart_151"/>
      <chart Ref="chart_160"/>
      <chart Ref="chart_170"/>
      <chart Ref="chart_188"/>
      <chart Ref="chart_195"/>
    </Children>
  </machine>
  <instance id="48">
    <P Name="machine">39</P>
    <P Name="name">Robot 1 Behavior/Find Max</P>
    <P Name="chart">40</P>
  </instance>
  <instance id="57">
    <P Name="machine">39</P>
    <P Name="name">Robot 1 Behavior/Orbit</P>
    <P Name="chart">49</P>
  </instance>
  <instance id="64">
    <P Name="machine">39</P>
    <P Name="name">Robot 1 SimResponse/Constant Speed Robot/Global to Body Rotation Matrix</P>
    <P Name="chart">58</P>
  </instance>
  <instance id="71">
    <P Name="machine">39</P>
    <P Name="name">Robot 1 ExpResponse/Global to Body Rotation Matrix</P>
    <P Name="chart">65</P>
  </instance>
  <instance id="81">
    <P Name="machine">39</P>
    <P Name="name">Robot 1 Behavior/Follow Contour</P>
    <P Name="chart">72</P>
  </instance>
  <instance id="91">
    <P Name="machine">39</P>
    <P Name="name">Robot 1 Behavior/Formation</P>
    <P Name="chart">82</P>
  </instance>
  <instance id="100">
    <P Name="machine">39</P>
    <P Name="name">Robot 1 Behavior/Trajectory Following</P>
    <P Name="chart">92</P>
  </instance>
  <instance id="111">
    <P Name="machine">39</P>
    <P Name="name">Robot 1 Behavior/Go To</P>
    <P Name="chart">101</P>
  </instance>
  <instance id="121">
    <P Name="machine">39</P>
    <P Name="name">Robot 1 Behavior/Follow Ridge</P>
    <P Name="chart">112</P>
  </instance>
  <instance id="130">
    <P Name="machine">39</P>
    <P Name="name">Robot 1 Behavior/Disperse</P>
    <P Name="chart">122</P>
  </instance>
  <instance id="140">
    <P Name="machine">39</P>
    <P Name="name">Robot 1 Behavior/Obstacle Avoidance Behavior</P>
    <P Name="chart">131</P>
  </instance>
  <instance id="150">
    <P Name="machine">39</P>
    <P Name="name">Robot 1 SimResponse/Sensor Value</P>
    <P Name="chart">141</P>
  </instance>
  <instance id="159">
    <P Name="machine">39</P>
    <P Name="name">Robot 1 Behavior/Find Min</P>
    <P Name="chart">151</P>
  </instance>
  <instance id="169">
    <P Name="machine">39</P>
    <P Name="name">Robot 1 Behavior/Attract</P>
    <P Name="chart">160</P>
  </instance>
  <instance id="187">
    <P Name="machine">39</P>
    <P Name="name">Robot 1 Behavior/Sum</P>
    <P Name="chart">170</P>
  </instance>
  <instance id="194">
    <P Name="machine">39</P>
    <P Name="name">Robot 1 SimResponse/Constant Speed Robot/Body to Global 
Rotation Matrix</P>
    <P Name="chart">188</P>
  </instance>
  <instance id="202">
    <P Name="machine">39</P>
    <P Name="name">Robot 1 Behavior/velocity from bearing</P>
    <P Name="chart">195</P>
  </instance>
</Stateflow>
