<?xml version="1.0" encoding="UTF-8"?>
<sltp_graph version="1.1" packageUris="http://schema.mathworks.com/mf0/sltp_mm/R2020a_201913111440">
  <sltp.mm.core.Context type="sltp.mm.core.Context" uuid="9255e8dc-364b-42c7-941e-72bd122aa8af">
    <editorState type="sltp.mm.core.EditorState" uuid="b717fb6c-d9e6-4f85-954e-341f58fb7055"/>
    <rootTask type="sltp.mm.core.Task" uuid="da50c75b-45a7-4446-bed5-198e7d9ef3fc">
      <context type="sltp.mm.core.Context" uuid="9255e8dc-364b-42c7-941e-72bd122aa8af"/>
      <explicit>false</explicit>
      <name>Default</name>
      <priority>-2147483648</priority>
      <subgraph type="sltp.mm.core.Graph" uuid="721a2d7d-4e38-4d44-acbe-a19b9e15f582"/>
    </rootTask>
  </sltp.mm.core.Context>
</sltp_graph>