<?xml version="1.0" encoding="UTF-8"?>
<sltp_editor version="1.1" packageUris="http://schema.mathworks.com/mf0/DiagramEditor/R2019a_20181107 http://schema.mathworks.com/mf0/SltpSyntax/R2020a_201913111440">
  <diagram.editor.model.Diagram type="diagram.editor.model.Diagram" uuid="cf14c209-1166-41b5-b0b1-ca7c807ec105">
    <syntaxElement type="sltp.mm.syntax.Graph" uuid="fedc36d1-ce0b-4e05-8665-1850d1939287"/>
    <title>Default</title>
    <type>graph.Graph</type>
  </diagram.editor.model.Diagram>
  <sltp.mm.syntax.Context type="sltp.mm.syntax.Context" uuid="24c6136f-3728-45c2-af3c-2cb83ca0b6b4">
    <rootGraph type="sltp.mm.syntax.Graph" uuid="fedc36d1-ce0b-4e05-8665-1850d1939287">
      <priorityDirection>HighNumberFirst</priorityDirection>
      <title>Default</title>
      <diagramElement type="diagram.editor.model.Diagram" uuid="cf14c209-1166-41b5-b0b1-ca7c807ec105"/>
    </rootGraph>
  </sltp.mm.syntax.Context>
</sltp_editor>