<?xml version="1.0" encoding="utf-8"?>
<System>
  <P Name="Location">[223, 338, 826, 833]</P>
  <P Name="SetExecutionDomain">off</P>
  <P Name="ExecutionDomainType">Deduce</P>
  <P Name="SIDHighWatermark">87</P>
  <P Name="SimulinkSubDomain">Simulink</P>
  <Block BlockType="Inport" Name="RobotParams" SID="17646::29">
    <P Name="Position">[20, 101, 40, 119]</P>
    <P Name="ZOrder">20</P>
  </Block>
  <Block BlockType="Inport" Name="NRobot" SID="17646::30">
    <P Name="Position">[20, 136, 40, 154]</P>
    <P Name="ZOrder">21</P>
    <P Name="Port">2</P>
  </Block>
  <Block BlockType="Inport" Name="SensorRange" SID="17646::53">
    <P Name="Position">[20, 171, 40, 189]</P>
    <P Name="ZOrder">22</P>
    <P Name="Port">3</P>
  </Block>
  <Block BlockType="Inport" Name="AvoidRange" SID="17646::54">
    <P Name="Position">[20, 206, 40, 224]</P>
    <P Name="ZOrder">23</P>
    <P Name="Port">4</P>
  </Block>
  <Block BlockType="Demux" Name=" Demux " SID="17646::86">
    <P Name="Ports">[1, 1]</P>
    <P Name="Position">[270, 230, 320, 270]</P>
    <P Name="ZOrder">55</P>
    <P Name="Outputs">1</P>
  </Block>
  <Block BlockType="S-Function" Name=" SFunction " SID="17646::85">
    <P Name="Tag">Stateflow S-Function 18</P>
    <P Name="Ports">[4, 2]</P>
    <P Name="Position">[180, 102, 230, 203]</P>
    <P Name="ZOrder">54</P>
    <P Name="FunctionName">sf_sfun</P>
    <P Name="PortCounts">[4 2]</P>
    <P Name="SFunctionDeploymentMode">off</P>
    <P Name="EnableBusSupport">off</P>
    <P Name="SFcnIsStateOwnerBlock">off</P>
    <Port>
      <P Name="PortNumber">2</P>
      <P Name="Name">Vf</P>
    </Port>
  </Block>
  <Block BlockType="Terminator" Name=" Terminator " SID="17646::87">
    <P Name="Position">[460, 241, 480, 259]</P>
    <P Name="ZOrder">56</P>
  </Block>
  <Block BlockType="Outport" Name="Vf" SID="17646::5">
    <P Name="Position">[460, 101, 480, 119]</P>
    <P Name="ZOrder">-5</P>
    <P Name="VectorParamsAs1DForOutWhenUnconnected">off</P>
  </Block>
  <Line>
    <P Name="ZOrder">43</P>
    <P Name="Src">17646::29#out:1</P>
    <P Name="Dst">17646::85#in:1</P>
  </Line>
  <Line>
    <P Name="ZOrder">44</P>
    <P Name="Src">17646::30#out:1</P>
    <P Name="Dst">17646::85#in:2</P>
  </Line>
  <Line>
    <P Name="ZOrder">45</P>
    <P Name="Src">17646::53#out:1</P>
    <P Name="Dst">17646::85#in:3</P>
  </Line>
  <Line>
    <P Name="ZOrder">46</P>
    <P Name="Src">17646::54#out:1</P>
    <P Name="Dst">17646::85#in:4</P>
  </Line>
  <Line>
    <P Name="Name">Vf</P>
    <P Name="ZOrder">47</P>
    <P Name="Labels">[0, 0]</P>
    <P Name="Src">17646::85#out:2</P>
    <P Name="Dst">17646::5#in:1</P>
  </Line>
  <Line>
    <P Name="ZOrder">48</P>
    <P Name="Src">17646::86#out:1</P>
    <P Name="Dst">17646::87#in:1</P>
  </Line>
  <Line>
    <P Name="ZOrder">49</P>
    <P Name="Src">17646::85#out:1</P>
    <P Name="Dst">17646::86#in:1</P>
  </Line>
</System>
