<?xml version="1.0" encoding="utf-8"?>
<System>
  <P Name="Location">[0, 27, 1400, 865]</P>
  <P Name="Open">on</P>
  <P Name="SetExecutionDomain">off</P>
  <P Name="ExecutionDomainType">Deduce</P>
  <P Name="ZoomFactor">98</P>
  <P Name="ReportName">simulink-default.rpt</P>
  <P Name="SIDHighWatermark">17705</P>
  <P Name="SimulinkSubDomain">Simulink</P>
  <Block BlockType="MATLABSystem" Name="Loop_Pacer" SID="17498">
    <P Name="Ports">[]</P>
    <P Name="Position">[-2165, -1139, -2095, -1081]</P>
    <P Name="ZOrder">747</P>
    <P Name="System">LoopPacer</P>
    <P Name="MaskType">LoopPacer</P>
    <P Name="MaskDisplay">disp(&apos;LoopPacer&apos;);
</P>
    <P Name="loopRate">0.1</P>
    <P Name="debug">on</P>
  </Block>
  <Block BlockType="MATLABSystem" Name="Optitrack" SID="17495">
    <P Name="Ports">[0, 2]</P>
    <P Name="Position">[-2250, -987, -2015, -598]</P>
    <P Name="ZOrder">744</P>
    <P Name="System">OptiTrackRigidBody</P>
    <P Name="MaskType">OptiTrackRigidBody</P>
    <P Name="MaskDisplay">disp(&apos;OptiTrackRigidBody&apos;);
port_label(&apos;output&apos;,1,&apos;Nobody&apos;);
port_label(&apos;output&apos;,2,&apos;Nobody2&apos;);
</P>
    <P Name="coordinateTransformationMatrix">[ 1, 0, 0; 0, 0, 1; 0, -1, 0 ]</P>
    <P Name="rigidBodyNames">{ &apos;Nobody&apos;, &apos;Nobody2&apos; }</P>
    <P Name="orientationFormat">Euler angles</P>
    <P Name="debug">on</P>
    <P Name="natNetHostAddress">127.0.0.1</P>
    <P Name="natNetClientAddress">127.0.0.1</P>
    <P Name="dllPath">C:\DecaMATLAB\NatNetSDK\lib\x64\NatNetML.dll</P>
    <P Name="unicast">off</P>
  </Block>
  <Block BlockType="Constant" Name="Robot 1" SID="159">
    <P Name="Position">[-1700, -955, -1670, -925]</P>
    <P Name="ZOrder">386</P>
  </Block>
  <Block BlockType="SubSystem" Name="Robot 1 Behavior" SID="3">
    <P Name="Ports">[2, 1]</P>
    <P Name="Position">[-1605, -992, -1410, -923]</P>
    <P Name="ZOrder">377</P>
    <P Name="RequestExecContextInheritance">off</P>
    <System Ref="system_3"/>
  </Block>
  <Block BlockType="SubSystem" Name="Robot 1 ExpResponse" SID="17487">
    <P Name="Ports">[2, 1]</P>
    <P Name="Position">[-1360, -1071, -1165, -1009]</P>
    <P Name="ZOrder">743</P>
    <P Name="RequestExecContextInheritance">off</P>
    <P Name="ContentPreviewEnabled">on</P>
    <System Ref="system_17487"/>
  </Block>
  <Block BlockType="SubSystem" Name="Robot 1 SimResponse" SID="17484">
    <P Name="Ports">[1, 1]</P>
    <P Name="Position">[-1360, -986, -1165, -924]</P>
    <P Name="ZOrder">719</P>
    <P Name="RequestExecContextInheritance">off</P>
    <P Name="ContentPreviewEnabled">on</P>
    <System Ref="system_17484"/>
  </Block>
  <Block BlockType="ToWorkspace" Name="Robot1_Data" SID="93">
    <P Name="Ports">[1]</P>
    <P Name="Position">[-1070, -970, -1010, -940]</P>
    <P Name="ZOrder">374</P>
    <P Name="VariableName">Robot1</P>
    <P Name="MaxDataPoints">inf</P>
    <P Name="SaveFormat">Timeseries</P>
    <P Name="FixptAsFi">on</P>
    <P Name="SampleTime">-1</P>
  </Block>
  <Block BlockType="Reshape" Name="Signal_Reshape" SID="17496">
    <P Name="Ports">[1, 1]</P>
    <P Name="Position">[-1970, -987, -1940, -963]</P>
    <P Name="ZOrder">746</P>
    <P Name="OutputDimensions">6</P>
  </Block>
  <Block BlockType="Selector" Name="Signal_Select" SID="17497">
    <P Name="Ports">[1, 1]</P>
    <P Name="Position">[-1885, -1004, -1845, -946]</P>
    <P Name="ZOrder">745</P>
    <P Name="InputPortWidth">6</P>
    <P Name="IndexOptions">Index vector (dialog)</P>
    <P Name="Indices">[1 2 6]</P>
    <P Name="OutputSizes">1</P>
  </Block>
  <Line>
    <P Name="ZOrder">94</P>
    <P Name="Src">17484#out:1</P>
    <P Name="Dst">93#in:1</P>
  </Line>
  <Line>
    <P Name="ZOrder">95</P>
    <P Name="Src">3#out:1</P>
    <P Name="Dst">17484#in:1</P>
  </Line>
  <Line>
    <P Name="ZOrder">101</P>
    <P Name="Src">159#out:1</P>
    <P Name="Dst">3#in:2</P>
  </Line>
  <Annotation SID="14066">
    <P Name="Name">-- keep same initial conditions, but put robot initial condition inside the block -- </P>
    <P Name="Position">[-1698, -1106, -1352, -1092]</P>
    <P Name="InternalMargins">[0, 0, 0, 0]</P>
    <P Name="ZOrder">-1</P>
  </Annotation>
</System>
