<?xml version="1.0" encoding="utf-8"?>
<System>
  <P Name="Location">[0, 27, 1400, 865]</P>
  <P Name="SetExecutionDomain">off</P>
  <P Name="ExecutionDomainType">Deduce</P>
  <P Name="ZoomFactor">90</P>
  <P Name="SimulinkSubDomain">Simulink</P>
  <Block BlockType="Inport" Name="Velocity" SID="15206">
    <P Name="Position">[925, 233, 955, 247]</P>
    <P Name="ZOrder">-1</P>
  </Block>
  <Block BlockType="Inport" Name="Initial Conditions" SID="15208">
    <P Name="Position">[1995, 158, 2025, 172]</P>
    <P Name="ZOrder">213</P>
    <P Name="Port">2</P>
  </Block>
  <Block BlockType="Product" Name="Body to Global&#xA;Velocities" SID="15209">
    <P Name="Ports">[2, 1]</P>
    <P Name="Position">[1975, 262, 2005, 293]</P>
    <P Name="ZOrder">185</P>
    <P Name="Multiplication">Matrix(*)</P>
  </Block>
  <Block BlockType="SubSystem" Name="Body to Global &#xA;Rotation Matrix" SID="17656">
    <P Name="Ports">[1, 1]</P>
    <P Name="Position">[1870, 377, 1940, 423]</P>
    <P Name="ZOrder">833</P>
    <P Name="ErrorFcn">Stateflow.Translate.translate</P>
    <P Name="PermitHierarchicalResolution">ExplicitOnly</P>
    <P Name="TreatAsAtomicUnit">on</P>
    <P Name="RequestExecContextInheritance">off</P>
    <P Name="SFBlockType">MATLAB Function</P>
    <System Ref="system_17656"/>
  </Block>
  <Block BlockType="Product" Name="Body to Wheel &#xA;Velocity" SID="15211">
    <P Name="Ports">[2, 1]</P>
    <P Name="Position">[1180, 207, 1210, 238]</P>
    <P Name="ZOrder">187</P>
    <P Name="Multiplication">Matrix(*)</P>
  </Block>
  <Block BlockType="BusCreator" Name="Bus&#xA;Creator" SID="15212">
    <P Name="Ports">[3, 1]</P>
    <P Name="Position">[1430, 206, 1435, 244]</P>
    <P Name="ZOrder">178</P>
    <P Name="ShowName">off</P>
    <P Name="Inputs">3</P>
    <P Name="DisplayOption">bar</P>
    <P Name="InheritFromInputs">on</P>
  </Block>
  <Block BlockType="BusCreator" Name="Bus&#xA;Creator2" SID="15213">
    <P Name="Ports">[3, 1]</P>
    <P Name="Position">[1820, 266, 1825, 304]</P>
    <P Name="ZOrder">182</P>
    <P Name="ShowName">off</P>
    <P Name="Inputs">3</P>
    <P Name="DisplayOption">bar</P>
    <P Name="InheritFromInputs">on</P>
  </Block>
  <Block BlockType="Demux" Name="Demux" SID="15214">
    <P Name="Ports">[1, 3]</P>
    <P Name="Position">[1725, 266, 1730, 304]</P>
    <P Name="ZOrder">181</P>
    <P Name="ShowName">off</P>
    <P Name="Outputs">3</P>
    <Port>
      <P Name="PortNumber">3</P>
      <P Name="Name">O_dot</P>
    </Port>
  </Block>
  <Block BlockType="Demux" Name="Demux1" SID="15215">
    <P Name="Ports">[1, 3]</P>
    <P Name="Position">[2055, 261, 2060, 299]</P>
    <P Name="ZOrder">200</P>
    <P Name="ShowName">off</P>
    <P Name="Outputs">3</P>
  </Block>
  <Block BlockType="Demux" Name="Demux2" SID="15216">
    <P Name="Ports">[1, 3]</P>
    <P Name="Position">[1250, 206, 1255, 244]</P>
    <P Name="ZOrder">189</P>
    <P Name="ShowName">off</P>
    <P Name="Outputs">3</P>
  </Block>
  <Block BlockType="Demux" Name="Demux3" SID="15217">
    <P Name="Ports">[1, 3]</P>
    <P Name="Position">[2080, 146, 2085, 184]</P>
    <P Name="ZOrder">210</P>
    <P Name="ShowName">off</P>
    <P Name="Outputs">3</P>
  </Block>
  <Block BlockType="Product" Name="Global to Body&#xA;Velocities" SID="15218">
    <P Name="Ports">[2, 1]</P>
    <P Name="Position">[1040, 209, 1070, 251]</P>
    <P Name="ZOrder">190</P>
    <P Name="Multiplication">Matrix(*)</P>
  </Block>
  <Block BlockType="SubSystem" Name="Global to Body Rotation Matrix" SID="17659">
    <P Name="Ports">[1, 1]</P>
    <P Name="Position">[1185, 377, 1255, 423]</P>
    <P Name="ZOrder">834</P>
    <P Name="BlockMirror">on</P>
    <P Name="ErrorFcn">Stateflow.Translate.translate</P>
    <P Name="PermitHierarchicalResolution">ExplicitOnly</P>
    <P Name="TreatAsAtomicUnit">on</P>
    <P Name="RequestExecContextInheritance">off</P>
    <P Name="SFBlockType">MATLAB Function</P>
    <P Name="ContentPreviewEnabled">on</P>
    <System Ref="system_17659"/>
  </Block>
  <Block BlockType="Constant" Name="J" SID="15220">
    <P Name="Position">[1430, 120, 1460, 150]</P>
    <P Name="ZOrder">179</P>
    <P Name="Value">[0    0.0110   -0.0110
;    0.0127   -0.0063   -0.0063;
    0.0618    0.0618    0.0618]</P>
  </Block>
  <Block BlockType="Constant" Name="J_inverse" SID="15221">
    <P Name="Position">[1110, 137, 1145, 163]</P>
    <P Name="ZOrder">188</P>
    <P Name="Value">[0   52.6316    5.3947;
   45.5803  -26.3158    5.3947
;  -45.5803  -26.3158    5.3947]</P>
  </Block>
  <Block BlockType="Math" Name="Math&#xA;Function" SID="17461">
    <P Name="Ports">[1, 1]</P>
    <P Name="Position">[1065, 385, 1095, 415]</P>
    <P Name="ZOrder">222</P>
    <P Name="BlockMirror">on</P>
    <P Name="NameLocation">top</P>
    <P Name="Operator">transpose</P>
    <P Name="SignedPower">on</P>
  </Block>
  <Block BlockType="Saturate" Name="Saturation" SID="15225">
    <P Name="Position">[1505, 210, 1535, 240]</P>
    <P Name="ZOrder">194</P>
    <P Name="UpperLimit">12.5664</P>
    <P Name="LowerLimit">-12.5664</P>
  </Block>
  <Block BlockType="Saturate" Name="Saturation1" SID="15226">
    <P Name="Position">[1115, 215, 1145, 245]</P>
    <P Name="ZOrder">197</P>
    <P Name="UpperLimit">2</P>
    <P Name="LowerLimit">-2</P>
  </Block>
  <Block BlockType="Sum" Name="Sum" SID="15227">
    <P Name="Ports">[2, 1]</P>
    <P Name="Position">[2160, 210, 2180, 230]</P>
    <P Name="ZOrder">208</P>
    <P Name="ShowName">off</P>
    <P Name="Inputs">++|</P>
  </Block>
  <Block BlockType="Sum" Name="Sum1" SID="15228">
    <P Name="Ports">[2, 1]</P>
    <P Name="Position">[2180, 270, 2200, 290]</P>
    <P Name="ZOrder">211</P>
    <P Name="ShowName">off</P>
    <P Name="Inputs">++|</P>
  </Block>
  <Block BlockType="Sum" Name="Sum2" SID="15229">
    <P Name="Ports">[2, 1]</P>
    <P Name="Position">[2210, 325, 2230, 345]</P>
    <P Name="ZOrder">212</P>
    <P Name="ShowName">off</P>
    <P Name="Inputs">++|</P>
  </Block>
  <Block BlockType="Reference" Name="Transfer Fcn3" SID="17672">
    <P Name="Ports">[1, 1]</P>
    <P Name="Position">[1729, 345, 1771, 385]</P>
    <P Name="ZOrder">838</P>
    <P Name="BlockRotation">270</P>
    <P Name="BlockMirror">on</P>
    <P Name="NameLocation">left</P>
    <P Name="LibraryVersion">1.218</P>
    <P Name="SourceBlock">discretizing/Discretized
Transfer Fcn</P>
    <P Name="SourceType">DiscretizedTransferFcn</P>
    <P Name="SourceProductBaseCode">SL</P>
    <InstanceData>
      <P Name="RTWMemSecFuncInitTerm">Inherit from model</P>
      <P Name="RTWMemSecFuncExecute">Inherit from model</P>
      <P Name="RTWMemSecDataConstants">Inherit from model</P>
      <P Name="RTWMemSecDataInternal">Inherit from model</P>
      <P Name="RTWMemSecDataParameters">Inherit from model</P>
      <P Name="ContentPreviewEnabled">off</P>
      <P Name="Numerator">[1]</P>
      <P Name="Denominator">[1 0]</P>
      <P Name="AbsTol">auto</P>
      <P Name="SampleTime">0.10000000000000001</P>
      <P Name="method">zoh</P>
      <P Name="Wc">0</P>
    </InstanceData>
    <Port>
      <P Name="PortNumber">1</P>
      <P Name="Name">O</P>
    </Port>
  </Block>
  <Block BlockType="Reference" Name="Transfer Fcn4" SID="17673">
    <P Name="Ports">[1, 1]</P>
    <P Name="Position">[2095, 199, 2125, 241]</P>
    <P Name="ZOrder">839</P>
    <P Name="LibraryVersion">1.218</P>
    <P Name="SourceBlock">discretizing/Discretized
Transfer Fcn</P>
    <P Name="SourceType">DiscretizedTransferFcn</P>
    <P Name="SourceProductBaseCode">SL</P>
    <InstanceData>
      <P Name="RTWMemSecFuncInitTerm">Inherit from model</P>
      <P Name="RTWMemSecFuncExecute">Inherit from model</P>
      <P Name="RTWMemSecDataConstants">Inherit from model</P>
      <P Name="RTWMemSecDataInternal">Inherit from model</P>
      <P Name="RTWMemSecDataParameters">Inherit from model</P>
      <P Name="ContentPreviewEnabled">off</P>
      <P Name="Numerator">[1]</P>
      <P Name="Denominator">[1 0]</P>
      <P Name="AbsTol">auto</P>
      <P Name="SampleTime">0.10000000000000001</P>
      <P Name="method">zoh</P>
      <P Name="Wc">0</P>
    </InstanceData>
  </Block>
  <Block BlockType="Reference" Name="Transfer Fcn5" SID="17674">
    <P Name="Ports">[1, 1]</P>
    <P Name="Position">[2105, 259, 2135, 301]</P>
    <P Name="ZOrder">840</P>
    <P Name="LibraryVersion">1.218</P>
    <P Name="SourceBlock">discretizing/Discretized
Transfer Fcn</P>
    <P Name="SourceType">DiscretizedTransferFcn</P>
    <P Name="SourceProductBaseCode">SL</P>
    <InstanceData>
      <P Name="RTWMemSecFuncInitTerm">Inherit from model</P>
      <P Name="RTWMemSecFuncExecute">Inherit from model</P>
      <P Name="RTWMemSecDataConstants">Inherit from model</P>
      <P Name="RTWMemSecDataInternal">Inherit from model</P>
      <P Name="RTWMemSecDataParameters">Inherit from model</P>
      <P Name="ContentPreviewEnabled">off</P>
      <P Name="Numerator">[1]</P>
      <P Name="Denominator">[1 0]</P>
      <P Name="AbsTol">auto</P>
      <P Name="SampleTime">0.10000000000000001</P>
      <P Name="method">zoh</P>
      <P Name="Wc">0</P>
    </InstanceData>
  </Block>
  <Block BlockType="Reference" Name="Transfer Fcn6" SID="17675">
    <P Name="Ports">[1, 1]</P>
    <P Name="Position">[2105, 314, 2135, 356]</P>
    <P Name="ZOrder">841</P>
    <P Name="LibraryVersion">1.218</P>
    <P Name="SourceBlock">discretizing/Discretized
Transfer Fcn</P>
    <P Name="SourceType">DiscretizedTransferFcn</P>
    <P Name="SourceProductBaseCode">SL</P>
    <InstanceData>
      <P Name="RTWMemSecFuncInitTerm">Inherit from model</P>
      <P Name="RTWMemSecFuncExecute">Inherit from model</P>
      <P Name="RTWMemSecDataConstants">Inherit from model</P>
      <P Name="RTWMemSecDataInternal">Inherit from model</P>
      <P Name="RTWMemSecDataParameters">Inherit from model</P>
      <P Name="ContentPreviewEnabled">off</P>
      <P Name="Numerator">[1]</P>
      <P Name="Denominator">[1 0]</P>
      <P Name="AbsTol">auto</P>
      <P Name="SampleTime">0.10000000000000001</P>
      <P Name="method">zoh</P>
      <P Name="Wc">0</P>
    </InstanceData>
  </Block>
  <Block BlockType="Product" Name="Wheel to Body&#xA;Velocity" SID="15234">
    <P Name="Ports">[2, 1]</P>
    <P Name="Position">[1630, 202, 1660, 233]</P>
    <P Name="ZOrder">177</P>
    <P Name="Multiplication">Matrix(*)</P>
  </Block>
  <Block BlockType="Outport" Name="x" SID="15237">
    <P Name="Position">[2285, 213, 2315, 227]</P>
    <P Name="ZOrder">214</P>
    <P Name="VectorParamsAs1DForOutWhenUnconnected">off</P>
  </Block>
  <Block BlockType="Outport" Name="y" SID="15238">
    <P Name="Position">[2285, 273, 2315, 287]</P>
    <P Name="ZOrder">215</P>
    <P Name="Port">2</P>
    <P Name="VectorParamsAs1DForOutWhenUnconnected">off</P>
  </Block>
  <Block BlockType="Outport" Name="theta" SID="15239">
    <P Name="Position">[2285, 328, 2315, 342]</P>
    <P Name="ZOrder">216</P>
    <P Name="Port">3</P>
    <P Name="VectorParamsAs1DForOutWhenUnconnected">off</P>
  </Block>
  <Line>
    <P Name="ZOrder">1</P>
    <P Name="Src">15225#out:1</P>
    <P Name="Dst">15234#in:2</P>
  </Line>
  <Line>
    <P Name="ZOrder">4</P>
    <P Name="Src">15214#out:1</P>
    <P Name="Dst">15213#in:1</P>
  </Line>
  <Line>
    <P Name="ZOrder">6</P>
    <P Name="Src">15212#out:1</P>
    <P Name="Dst">15225#in:1</P>
  </Line>
  <Line>
    <P Name="ZOrder">7</P>
    <P Name="Src">15221#out:1</P>
    <P Name="Points">[7, 0; 0, 65]</P>
    <P Name="Dst">15211#in:1</P>
  </Line>
  <Line>
    <P Name="ZOrder">8</P>
    <P Name="Src">15234#out:1</P>
    <P Name="Points">[21, 0; 0, 65]</P>
    <P Name="Dst">15214#in:1</P>
  </Line>
  <Line>
    <P Name="ZOrder">11</P>
    <P Name="Src">15213#out:1</P>
    <P Name="Dst">15209#in:2</P>
  </Line>
  <Line>
    <P Name="ZOrder">12</P>
    <P Name="Src">15218#out:1</P>
    <P Name="Dst">15226#in:1</P>
  </Line>
  <Line>
    <P Name="Name">O</P>
    <P Name="ZOrder">195</P>
    <P Name="Src">17672#out:1</P>
    <P Name="Points">[0, 10]</P>
    <Branch>
      <P Name="ZOrder">201</P>
      <P Name="Labels">[1, 0]</P>
      <P Name="Dst">17659#in:1</P>
    </Branch>
    <Branch>
      <P Name="ZOrder">199</P>
      <P Name="Dst">17656#in:1</P>
    </Branch>
  </Line>
  <Line>
    <P Name="ZOrder">16</P>
    <P Name="Src">15226#out:1</P>
    <P Name="Dst">15211#in:2</P>
  </Line>
  <Line>
    <P Name="ZOrder">17</P>
    <P Name="Src">15211#out:1</P>
    <P Name="Dst">15216#in:1</P>
  </Line>
  <Line>
    <P Name="ZOrder">20</P>
    <P Name="Src">15220#out:1</P>
    <P Name="Points">[138, 0; 0, 75]</P>
    <P Name="Dst">15234#in:1</P>
  </Line>
  <Line>
    <P Name="ZOrder">114</P>
    <P Name="Src">17656#out:1</P>
    <P Name="Points">[3, 0; 0, -130]</P>
    <P Name="Dst">15209#in:1</P>
  </Line>
  <Line>
    <P Name="Name">O_dot</P>
    <P Name="ZOrder">22</P>
    <P Name="Src">15214#out:3</P>
    <P Name="Points">[15, 0]</P>
    <Branch>
      <P Name="ZOrder">198</P>
      <P Name="Labels">[1, 0; 1, 1]</P>
      <P Name="Dst">15213#in:3</P>
    </Branch>
    <Branch>
      <P Name="ZOrder">194</P>
      <P Name="Dst">17672#in:1</P>
    </Branch>
  </Line>
  <Line>
    <P Name="ZOrder">27</P>
    <P Name="Src">15214#out:2</P>
    <P Name="Dst">15213#in:2</P>
  </Line>
  <Line>
    <P Name="ZOrder">29</P>
    <P Name="Src">15209#out:1</P>
    <P Name="Dst">15215#in:1</P>
  </Line>
  <Line>
    <P Name="ZOrder">203</P>
    <P Name="Src">15215#out:1</P>
    <P Name="Points">[13, 0; 0, -50]</P>
    <P Name="Dst">17673#in:1</P>
  </Line>
  <Line>
    <P Name="ZOrder">204</P>
    <P Name="Src">15215#out:2</P>
    <P Name="Dst">17674#in:1</P>
  </Line>
  <Line>
    <P Name="ZOrder">202</P>
    <P Name="Src">17673#out:1</P>
    <P Name="Dst">15227#in:2</P>
  </Line>
  <Line>
    <P Name="ZOrder">205</P>
    <P Name="Src">17674#out:1</P>
    <P Name="Dst">15228#in:2</P>
  </Line>
  <Line>
    <P Name="ZOrder">206</P>
    <P Name="Src">15215#out:3</P>
    <P Name="Points">[15, 0; 0, 45]</P>
    <P Name="Dst">17675#in:1</P>
  </Line>
  <Line>
    <P Name="ZOrder">35</P>
    <P Name="Src">15208#out:1</P>
    <P Name="Dst">15217#in:1</P>
  </Line>
  <Line>
    <P Name="ZOrder">36</P>
    <P Name="Src">15217#out:1</P>
    <P Name="Points">[80, 0]</P>
    <P Name="Dst">15227#in:1</P>
  </Line>
  <Line>
    <P Name="ZOrder">37</P>
    <P Name="Src">15227#out:1</P>
    <P Name="Dst">15237#in:1</P>
  </Line>
  <Line>
    <P Name="ZOrder">38</P>
    <P Name="Src">15217#out:2</P>
    <P Name="Points">[100, 0]</P>
    <P Name="Dst">15228#in:1</P>
  </Line>
  <Line>
    <P Name="ZOrder">207</P>
    <P Name="Src">17675#out:1</P>
    <P Name="Dst">15229#in:2</P>
  </Line>
  <Line>
    <P Name="ZOrder">40</P>
    <P Name="Src">15217#out:3</P>
    <P Name="Points">[130, 0]</P>
    <P Name="Dst">15229#in:1</P>
  </Line>
  <Line>
    <P Name="ZOrder">41</P>
    <P Name="Src">15229#out:1</P>
    <P Name="Dst">15239#in:1</P>
  </Line>
  <Line>
    <P Name="ZOrder">42</P>
    <P Name="Src">15228#out:1</P>
    <P Name="Dst">15238#in:1</P>
  </Line>
  <Line>
    <P Name="ZOrder">43</P>
    <P Name="Src">15206#out:1</P>
    <P Name="Dst">15218#in:2</P>
  </Line>
  <Line>
    <P Name="ZOrder">147</P>
    <P Name="Src">17659#out:1</P>
    <P Name="Dst">17461#in:1</P>
  </Line>
  <Line>
    <P Name="ZOrder">45</P>
    <P Name="Src">17461#out:1</P>
    <P Name="Points">[-59, 0; 0, -180]</P>
    <P Name="Dst">15218#in:1</P>
  </Line>
  <Line>
    <P Name="ZOrder">234</P>
    <P Name="Src">15216#out:1</P>
    <P Name="Points">[15, 0; 0, -50; 135, 0; 0, 50]</P>
    <P Name="Dst">15212#in:1</P>
  </Line>
  <Line>
    <P Name="ZOrder">235</P>
    <P Name="Src">15216#out:2</P>
    <P Name="Dst">15212#in:2</P>
  </Line>
  <Line>
    <P Name="ZOrder">236</P>
    <P Name="Src">15216#out:3</P>
    <P Name="Points">[23, 0; 0, 64; 125, 0; 0, -64]</P>
    <P Name="Dst">15212#in:3</P>
  </Line>
  <Annotation SID="17623">
    <P Name="Name">saturation should be at +-6.28</P>
    <P Name="Position">[1445, 295, 1579, 309]</P>
    <P Name="InternalMargins">[0, 0, 0, 0]</P>
    <P Name="ZOrder">-1</P>
  </Annotation>
  <Annotation SID="17622">
    <P Name="Name">saturation should be at +-2
</P>
    <P Name="Position">[1100, 285, 1220, 311]</P>
    <P Name="InternalMargins">[0, 0, 0, 0]</P>
    <P Name="ZOrder">-2</P>
  </Annotation>
  <Annotation SID="15240">
    <P Name="Name">w</P>
    <P Name="Position">[1451, 229, 1461, 243]</P>
    <P Name="InternalMargins">[0, 0, 0, 0]</P>
    <P Name="ZOrder">-1</P>
  </Annotation>
</System>
