<?xml version="1.0" encoding="utf-8"?>
<System>
  <P Name="Location">[223, 338, 826, 833]</P>
  <P Name="SetExecutionDomain">off</P>
  <P Name="ExecutionDomainType">Deduce</P>
  <P Name="SIDHighWatermark">68</P>
  <P Name="SimulinkSubDomain">Simulink</P>
  <Block BlockType="Inport" Name="RobotParams" SID="17652::1">
    <P Name="Position">[20, 101, 40, 119]</P>
    <P Name="ZOrder">-1</P>
  </Block>
  <Block BlockType="Inport" Name="NRobot" SID="17652::22">
    <P Name="Position">[20, 136, 40, 154]</P>
    <P Name="ZOrder">13</P>
    <P Name="Port">2</P>
  </Block>
  <Block BlockType="Inport" Name="SensorRange" SID="17652::23">
    <P Name="Position">[20, 171, 40, 189]</P>
    <P Name="ZOrder">14</P>
    <P Name="Port">3</P>
  </Block>
  <Block BlockType="Demux" Name=" Demux " SID="17652::67">
    <P Name="Ports">[1, 1]</P>
    <P Name="Position">[270, 230, 320, 270]</P>
    <P Name="ZOrder">56</P>
    <P Name="Outputs">1</P>
  </Block>
  <Block BlockType="S-Function" Name=" SFunction " SID="17652::66">
    <P Name="Tag">Stateflow S-Function 10</P>
    <P Name="Ports">[3, 3]</P>
    <P Name="Position">[180, 100, 230, 180]</P>
    <P Name="ZOrder">55</P>
    <P Name="FunctionName">sf_sfun</P>
    <P Name="PortCounts">[3 3]</P>
    <P Name="SFunctionDeploymentMode">off</P>
    <P Name="EnableBusSupport">off</P>
    <P Name="SFcnIsStateOwnerBlock">off</P>
    <Port>
      <P Name="PortNumber">2</P>
      <P Name="Name">Vf</P>
    </Port>
    <Port>
      <P Name="PortNumber">3</P>
      <P Name="Name">ridgeState</P>
    </Port>
  </Block>
  <Block BlockType="Terminator" Name=" Terminator " SID="17652::68">
    <P Name="Position">[460, 241, 480, 259]</P>
    <P Name="ZOrder">57</P>
  </Block>
  <Block BlockType="Outport" Name="Vf" SID="17652::39">
    <P Name="Position">[460, 101, 480, 119]</P>
    <P Name="ZOrder">30</P>
    <P Name="VectorParamsAs1DForOutWhenUnconnected">off</P>
  </Block>
  <Block BlockType="Outport" Name="ridgeState" SID="17652::50">
    <P Name="Position">[460, 136, 480, 154]</P>
    <P Name="ZOrder">39</P>
    <P Name="Port">2</P>
    <P Name="VectorParamsAs1DForOutWhenUnconnected">off</P>
  </Block>
  <Line>
    <P Name="ZOrder">65</P>
    <P Name="Src">17652::1#out:1</P>
    <P Name="Dst">17652::66#in:1</P>
  </Line>
  <Line>
    <P Name="ZOrder">66</P>
    <P Name="Src">17652::22#out:1</P>
    <P Name="Dst">17652::66#in:2</P>
  </Line>
  <Line>
    <P Name="ZOrder">67</P>
    <P Name="Src">17652::23#out:1</P>
    <P Name="Dst">17652::66#in:3</P>
  </Line>
  <Line>
    <P Name="Name">Vf</P>
    <P Name="ZOrder">68</P>
    <P Name="Labels">[0, 0]</P>
    <P Name="Src">17652::66#out:2</P>
    <P Name="Dst">17652::39#in:1</P>
  </Line>
  <Line>
    <P Name="Name">ridgeState</P>
    <P Name="ZOrder">69</P>
    <P Name="Labels">[0, 0]</P>
    <P Name="Src">17652::66#out:3</P>
    <P Name="Dst">17652::50#in:1</P>
  </Line>
  <Line>
    <P Name="ZOrder">70</P>
    <P Name="Src">17652::67#out:1</P>
    <P Name="Dst">17652::68#in:1</P>
  </Line>
  <Line>
    <P Name="ZOrder">71</P>
    <P Name="Src">17652::66#out:1</P>
    <P Name="Dst">17652::67#in:1</P>
  </Line>
</System>
