<?xml version="1.0" encoding="utf-8"?>
<System>
  <P Name="Location">[0, 27, 1400, 865]</P>
  <P Name="SetExecutionDomain">off</P>
  <P Name="ExecutionDomainType">Deduce</P>
  <P Name="SimulinkSubDomain">Simulink</P>
  <Block BlockType="Inport" Name="Velocity" SID="17485">
    <P Name="Position">[20, 158, 50, 172]</P>
    <P Name="ZOrder">719</P>
  </Block>
  <Block BlockType="SubSystem" Name="Constant Speed Robot" SID="15205">
    <P Name="Ports">[2, 3]</P>
    <P Name="Position">[165, 151, 360, 209]</P>
    <P Name="ZOrder">717</P>
    <P Name="RequestExecContextInheritance">off</P>
    <System Ref="system_15205"/>
  </Block>
  <Block BlockType="Constant" Name="Initial Conditions" SID="17463">
    <P Name="Position">[45, 255, 100, 285]</P>
    <P Name="ZOrder">718</P>
    <P Name="Value">[5, 5, 0] </P>
  </Block>
  <Block BlockType="Mux" Name="Mux" SID="1878">
    <P Name="Ports">[4, 1]</P>
    <P Name="Position">[930, 111, 935, 149]</P>
    <P Name="ZOrder">716</P>
    <P Name="ShowName">off</P>
    <P Name="DisplayOption">bar</P>
  </Block>
  <Block BlockType="Constant" Name="ScalarFieldSelection" SID="17603">
    <P Name="Position">[440, 355, 470, 385]</P>
    <P Name="ZOrder">809</P>
  </Block>
  <Block BlockType="SubSystem" Name="Sensor Value" SID="17657">
    <P Name="Ports">[4, 1]</P>
    <P Name="Position">[535, 173, 755, 407]</P>
    <P Name="ZOrder">810</P>
    <P Name="ErrorFcn">Stateflow.Translate.translate</P>
    <P Name="PermitHierarchicalResolution">ExplicitOnly</P>
    <P Name="TreatAsAtomicUnit">on</P>
    <P Name="RequestExecContextInheritance">off</P>
    <P Name="SFBlockType">MATLAB Function</P>
    <System Ref="system_17657"/>
  </Block>
  <Block BlockType="Outport" Name="Robot Position and Sensor Value&#xA;" SID="17486">
    <P Name="Position">[1060, 123, 1090, 137]</P>
    <P Name="ZOrder">720</P>
    <P Name="VectorParamsAs1DForOutWhenUnconnected">off</P>
  </Block>
  <Line>
    <P Name="ZOrder">80</P>
    <P Name="Src">17463#out:1</P>
    <P Name="Points">[23, 0; 0, -75]</P>
    <P Name="Dst">15205#in:2</P>
  </Line>
  <Line>
    <P Name="ZOrder">87</P>
    <P Name="Src">15205#out:1</P>
    <P Name="Points">[93, 0]</P>
    <Branch>
      <P Name="ZOrder">123</P>
      <P Name="Points">[0, 30; 39, 0; 0, 10]</P>
      <P Name="Dst">17657#in:1</P>
    </Branch>
    <Branch>
      <P Name="ZOrder">86</P>
      <P Name="Points">[0, -45]</P>
      <P Name="Dst">1878#in:1</P>
    </Branch>
  </Line>
  <Line>
    <P Name="ZOrder">93</P>
    <P Name="Src">17485#out:1</P>
    <P Name="Dst">15205#in:1</P>
  </Line>
  <Line>
    <P Name="ZOrder">94</P>
    <P Name="Src">1878#out:1</P>
    <P Name="Dst">17486#in:1</P>
  </Line>
  <Line>
    <P Name="ZOrder">124</P>
    <P Name="Src">17657#out:1</P>
    <P Name="Points">[69, 0; 0, -145]</P>
    <P Name="Dst">1878#in:4</P>
  </Line>
  <Line>
    <P Name="ZOrder">84</P>
    <P Name="Src">15205#out:2</P>
    <P Name="Points">[107, 0]</P>
    <Branch>
      <P Name="ZOrder">125</P>
      <P Name="Points">[0, 49; 19, 0; 0, 31]</P>
      <P Name="Dst">17657#in:2</P>
    </Branch>
    <Branch>
      <P Name="ZOrder">83</P>
      <P Name="Points">[0, -55]</P>
      <P Name="Dst">1878#in:2</P>
    </Branch>
  </Line>
  <Line>
    <P Name="ZOrder">91</P>
    <P Name="Src">15205#out:3</P>
    <P Name="Points">[126, 0]</P>
    <Branch>
      <P Name="ZOrder">122</P>
      <P Name="Points">[0, 15; 28, 0; 0, 105]</P>
      <P Name="Dst">17657#in:3</P>
    </Branch>
    <Branch>
      <P Name="ZOrder">90</P>
      <P Name="Points">[0, -65]</P>
      <P Name="Dst">1878#in:3</P>
    </Branch>
  </Line>
  <Line>
    <P Name="ZOrder">121</P>
    <P Name="Src">17603#out:1</P>
    <P Name="Points">[28, 0; 0, 10]</P>
    <P Name="Dst">17657#in:4</P>
  </Line>
  <Annotation SID="1219">
    <P Name="Name">-- Robot Sensor Value is added
to the Robot Params vector, so that 
Robot params has values: 
          Global x 
          Global y 
          Global Theta 
          Sensor Value </P>
    <P Name="Position">[535, 18, 696, 104]</P>
    <P Name="InternalMargins">[0, 0, 0, 0]</P>
    <P Name="ZOrder">-3</P>
  </Annotation>
</System>
