<?xml version="1.0" encoding="utf-8"?>
<System>
  <P Name="Location">[0, 23, 1400, 900]</P>
  <P Name="SetExecutionDomain">off</P>
  <P Name="ExecutionDomainType">Deduce</P>
  <P Name="SimulinkSubDomain">Simulink</P>
  <Block BlockType="Inport" Name="Velocity_Global" SID="17488">
    <P Name="Position">[25, 193, 55, 207]</P>
    <P Name="ZOrder">721</P>
  </Block>
  <Block BlockType="Inport" Name="Position" SID="17489">
    <P Name="Position">[25, 118, 55, 132]</P>
    <P Name="ZOrder">724</P>
    <P Name="Port">2</P>
  </Block>
  <Block BlockType="Demux" Name="Demux4" SID="17490">
    <P Name="Ports">[1, 3]</P>
    <P Name="Position">[95, 106, 100, 144]</P>
    <P Name="ZOrder">726</P>
    <P Name="ShowName">off</P>
    <P Name="Outputs">3</P>
  </Block>
  <Block BlockType="Demux" Name="Demux_velocity" SID="17516">
    <P Name="Ports">[1, 3]</P>
    <P Name="Position">[480, 129, 485, 251]</P>
    <P Name="ZOrder">755</P>
    <P Name="Outputs">3</P>
  </Block>
  <Block BlockType="Product" Name="Global to Body&#xA;Velocities" SID="17491">
    <P Name="Ports">[2, 1]</P>
    <P Name="Position">[340, 169, 370, 211]</P>
    <P Name="ZOrder">723</P>
    <P Name="Multiplication">Matrix(*)</P>
  </Block>
  <Block BlockType="SubSystem" Name="Global to Body Rotation Matrix" SID="17660">
    <P Name="Ports">[1, 1]</P>
    <P Name="Position">[160, 112, 230, 158]</P>
    <P Name="ZOrder">835</P>
    <P Name="ErrorFcn">Stateflow.Translate.translate</P>
    <P Name="PermitHierarchicalResolution">ExplicitOnly</P>
    <P Name="TreatAsAtomicUnit">on</P>
    <P Name="RequestExecContextInheritance">off</P>
    <P Name="SFBlockType">MATLAB Function</P>
    <P Name="ContentPreviewEnabled">on</P>
    <System Ref="system_17660"/>
  </Block>
  <Block BlockType="Math" Name="Math&#xA;Function" SID="17493">
    <P Name="Ports">[1, 1]</P>
    <P Name="Position">[280, 120, 310, 150]</P>
    <P Name="ZOrder">725</P>
    <P Name="NameLocation">top</P>
    <P Name="Operator">transpose</P>
    <P Name="SignedPower">on</P>
  </Block>
  <Block BlockType="Math" Name="Math&#xA;Function1" SID="17535">
    <P Name="Ports">[1, 1]</P>
    <P Name="Position">[815, 130, 845, 160]</P>
    <P Name="ZOrder">761</P>
    <P Name="Operator">log</P>
    <P Name="SignedPower">on</P>
  </Block>
  <Block BlockType="Mux" Name="Mux" SID="17533">
    <P Name="Ports">[4, 1]</P>
    <P Name="Position">[980, 21, 985, 59]</P>
    <P Name="ZOrder">759</P>
    <P Name="ShowName">off</P>
    <P Name="DisplayOption">bar</P>
  </Block>
  <Block BlockType="SubSystem" Name="Robot_command" SID="17517">
    <P Name="Ports">[3, 4]</P>
    <P Name="Position">[555, 131, 735, 249]</P>
    <P Name="ZOrder">752</P>
    <P Name="RequestExecContextInheritance">off</P>
    <Mask>
      <Type>DecabotMask</Type>
      <Display IconUnits="normalized">disp( [get_param( gcb( ), &apos;robotName&apos; ) &apos;\n\nDH: &apos; get_param( gcb( ), &apos;decabotHelper&apos; ) ] );

port_label(&apos;input&apos;,1,&apos;x_vel&apos;);
port_label(&apos;input&apos;,2,&apos;y_vel&apos;);
port_label(&apos;input&apos;,3,&apos;t_vel&apos;);

port_label(&apos;output&apos;,1,&apos;clear&apos;);
port_label(&apos;output&apos;,2,&apos;red&apos;);
port_label(&apos;output&apos;,3,&apos;green&apos;);
port_label(&apos;output&apos;,4,&apos;blue&apos;);
</Display>
      <Description>This is a masked subsystem that contains a Decabot block for bidirectional communication with a decabot over a direct TCP socket connection.</Description>
      <Initialization>robotName = &apos;Nobody&apos;;
decabotHelper = &apos;localhost&apos;;
robotAddress = &apos;&apos;;
useDataTurbine = true;
debug = true;</Initialization>
      <MaskParameter Name="robotName" Type="promote" Evaluate="off" Tunable="off">
        <Prompt>Robot name:</Prompt>
        <Callback>try
    set_param( gcb( ), &apos;Name&apos;, get_param( gcb( ), &apos;robotName&apos; ) );
end</Callback>
        <TypeOptions>
          <Option>decabot/robotName</Option>
        </TypeOptions>
      </MaskParameter>
      <MaskParameter Name="decabotHelper" Type="promote" Evaluate="off" Tunable="off">
        <Prompt>DecabotHelper/DataTurbine server:</Prompt>
        <Value>localhost</Value>
        <TypeOptions>
          <Option>decabot/decabotHelper</Option>
        </TypeOptions>
      </MaskParameter>
      <MaskParameter Name="robotAddress" Type="promote" Evaluate="off" Tunable="off">
        <Prompt>Robot network address (optional):</Prompt>
        <TypeOptions>
          <Option>decabot/robotAddress</Option>
        </TypeOptions>
      </MaskParameter>
      <MaskParameter Name="useDataTurbine" Type="promote" Evaluate="off" Tunable="off">
        <Prompt>Use DataTurbine</Prompt>
        <Value>off</Value>
        <TypeOptions>
          <Option>decabot/useDataTurbine</Option>
        </TypeOptions>
      </MaskParameter>
      <MaskParameter Name="useDirectSocket" Type="promote" Evaluate="off" Tunable="off">
        <Prompt>Use direct robot TCP connection</Prompt>
        <Value>on</Value>
        <TypeOptions>
          <Option>decabot/useDirectSocket</Option>
        </TypeOptions>
      </MaskParameter>
      <MaskParameter Name="debug" Type="promote" Evaluate="off" Tunable="off">
        <Prompt>Log debug messages</Prompt>
        <Value>off</Value>
        <TypeOptions>
          <Option>decabot/debug</Option>
        </TypeOptions>
      </MaskParameter>
      <DialogControl Type="Group" Name="DescGroupVar">
        <Prompt>%&lt;MaskType&gt;</Prompt>
        <DialogControl Type="Text" Name="DescTextVar">
          <Prompt>%&lt;MaskDescription&gt;</Prompt>
        </DialogControl>
      </DialogControl>
      <DialogControl Type="Group" Name="ParameterGroupVar">
        <Prompt>Simulink:studio:ToolBarParametersMenu</Prompt>
        <DialogControl Type="Edit" Name="robotName">
          <Prompt>Robot name:</Prompt>
        </DialogControl>
        <DialogControl Type="Edit" Name="decabotHelper">
          <Prompt>DecabotHelper/DataTurbine server:</Prompt>
        </DialogControl>
        <DialogControl Type="Edit" Name="robotAddress">
          <Prompt>Robot network address (optional):</Prompt>
        </DialogControl>
        <DialogControl Type="CheckBox" Name="useDataTurbine">
          <Prompt>Use DataTurbine</Prompt>
          <ControlOptions PromptLocation="&lt;unknown&gt;"/>
        </DialogControl>
        <DialogControl Type="CheckBox" Name="useDirectSocket">
          <Prompt>Use direct robot TCP connection</Prompt>
          <ControlOptions PromptLocation="&lt;unknown&gt;"/>
        </DialogControl>
        <DialogControl Type="CheckBox" Name="debug">
          <Prompt>Log debug messages</Prompt>
          <ControlOptions PromptLocation="&lt;unknown&gt;"/>
        </DialogControl>
      </DialogControl>
    </Mask>
    <Port>
      <P Name="PortNumber">1</P>
      <P Name="Name">clear</P>
    </Port>
    <Port>
      <P Name="PortNumber">2</P>
      <P Name="Name">red</P>
    </Port>
    <Port>
      <P Name="PortNumber">3</P>
      <P Name="Name">green</P>
    </Port>
    <Port>
      <P Name="PortNumber">4</P>
      <P Name="Name">blue</P>
    </Port>
    <System Ref="system_17517"/>
  </Block>
  <Block BlockType="Terminator" Name="Terminator" SID="17666">
    <P Name="Position">[770, 165, 790, 185]</P>
    <P Name="ZOrder">837</P>
  </Block>
  <Block BlockType="Terminator" Name="Terminator1" SID="17667">
    <P Name="Position">[770, 195, 790, 215]</P>
    <P Name="ZOrder">838</P>
  </Block>
  <Block BlockType="Terminator" Name="Terminator2" SID="17668">
    <P Name="Position">[770, 225, 790, 245]</P>
    <P Name="ZOrder">839</P>
  </Block>
  <Block BlockType="Outport" Name="Robot Position and Sensor Value&#xA;" SID="17534">
    <P Name="Position">[1070, 33, 1100, 47]</P>
    <P Name="ZOrder">760</P>
    <P Name="VectorParamsAs1DForOutWhenUnconnected">off</P>
  </Block>
  <Line>
    <P Name="ZOrder">15</P>
    <P Name="Src">17491#out:1</P>
    <P Name="Dst">17516#in:1</P>
  </Line>
  <Line>
    <P Name="ZOrder">2</P>
    <P Name="Src">17488#out:1</P>
    <P Name="Dst">17491#in:2</P>
  </Line>
  <Line>
    <P Name="ZOrder">55</P>
    <P Name="Src">17660#out:1</P>
    <P Name="Dst">17493#in:1</P>
  </Line>
  <Line>
    <P Name="ZOrder">4</P>
    <P Name="Src">17489#out:1</P>
    <P Name="Dst">17490#in:1</P>
  </Line>
  <Line>
    <P Name="ZOrder">5</P>
    <P Name="Src">17493#out:1</P>
    <P Name="Points">[9, 0; 0, 45]</P>
    <P Name="Dst">17491#in:1</P>
  </Line>
  <Line>
    <P Name="ZOrder">6</P>
    <P Name="Src">17490#out:3</P>
    <P Name="Points">[9, 0]</P>
    <Branch>
      <P Name="ZOrder">54</P>
      <P Name="Dst">17660#in:1</P>
    </Branch>
    <Branch>
      <P Name="ZOrder">24</P>
      <P Name="Points">[0, -90]</P>
      <P Name="Dst">17533#in:3</P>
    </Branch>
  </Line>
  <Line>
    <P Name="ZOrder">7</P>
    <P Name="Src">17516#out:3</P>
    <P Name="Dst">17517#in:3</P>
  </Line>
  <Line>
    <P Name="ZOrder">8</P>
    <P Name="Src">17516#out:1</P>
    <P Name="Dst">17517#in:1</P>
  </Line>
  <Line>
    <P Name="Name">clear</P>
    <P Name="ZOrder">43</P>
    <P Name="Labels">[1, 1]</P>
    <P Name="Src">17517#out:1</P>
    <P Name="Dst">17535#in:1</P>
  </Line>
  <Line>
    <P Name="ZOrder">12</P>
    <P Name="Src">17516#out:2</P>
    <P Name="Dst">17517#in:2</P>
  </Line>
  <Line>
    <P Name="ZOrder">21</P>
    <P Name="Src">17490#out:1</P>
    <P Name="Points">[13, 0; 0, -90]</P>
    <P Name="Dst">17533#in:1</P>
  </Line>
  <Line>
    <P Name="ZOrder">22</P>
    <P Name="Src">17490#out:2</P>
    <P Name="Points">[4, 0; 0, -90]</P>
    <P Name="Dst">17533#in:2</P>
  </Line>
  <Line>
    <P Name="ZOrder">25</P>
    <P Name="Src">17533#out:1</P>
    <P Name="Dst">17534#in:1</P>
  </Line>
  <Line>
    <P Name="ZOrder">44</P>
    <P Name="Src">17535#out:1</P>
    <P Name="Points">[63, 0; 0, -90]</P>
    <P Name="Dst">17533#in:4</P>
  </Line>
  <Line>
    <P Name="Name">red</P>
    <P Name="ZOrder">92</P>
    <P Name="Labels">[0, 0]</P>
    <P Name="Src">17517#out:2</P>
    <P Name="Dst">17666#in:1</P>
  </Line>
  <Line>
    <P Name="Name">green</P>
    <P Name="ZOrder">93</P>
    <P Name="Labels">[0, 0]</P>
    <P Name="Src">17517#out:3</P>
    <P Name="Dst">17667#in:1</P>
  </Line>
  <Line>
    <P Name="Name">blue</P>
    <P Name="ZOrder">94</P>
    <P Name="Labels">[0, 0]</P>
    <P Name="Src">17517#out:4</P>
    <P Name="Dst">17668#in:1</P>
  </Line>
</System>
