<?xml version="1.0" encoding="utf-8"?>
<System>
  <P Name="Location">[0, 27, 1400, 865]</P>
  <P Name="SetExecutionDomain">off</P>
  <P Name="ExecutionDomainType">Deduce</P>
  <P Name="ZoomFactor">75</P>
  <P Name="SimulinkSubDomain">Simulink</P>
  <Block BlockType="Inport" Name="Position" SID="17550">
    <P Name="Position">[-480, -992, -450, -978]</P>
    <P Name="ZOrder">760</P>
  </Block>
  <Block BlockType="Inport" Name="RobotNum" SID="17551">
    <P Name="Position">[-480, -902, -450, -888]</P>
    <P Name="ZOrder">761</P>
    <P Name="Port">2</P>
  </Block>
  <Block BlockType="SubSystem" Name="Attract" SID="17644">
    <P Name="Ports">[4, 1]</P>
    <P Name="Position">[-175, -872, -15, -798]</P>
    <P Name="ZOrder">834</P>
    <P Name="ErrorFcn">Stateflow.Translate.translate</P>
    <P Name="PermitHierarchicalResolution">ExplicitOnly</P>
    <P Name="TreatAsAtomicUnit">on</P>
    <P Name="RequestExecContextInheritance">off</P>
    <P Name="SFBlockType">MATLAB Function</P>
    <System Ref="system_17644"/>
  </Block>
  <Block BlockType="Constant" Name="Avoid Range" SID="17554">
    <P Name="Position">[-300, -645, -270, -615]</P>
    <P Name="ZOrder">773</P>
  </Block>
  <Block BlockType="Clock" Name="Clock" SID="17703">
    <P Name="Position">[-275, 1020, -255, 1040]</P>
    <P Name="ZOrder">859</P>
  </Block>
  <Block BlockType="Clock" Name="Clock1" SID="17705">
    <P Name="Position">[-225, -800, -205, -780]</P>
    <P Name="ZOrder">860</P>
  </Block>
  <Block BlockType="Constant" Name="Constant9" SID="17658">
    <P Name="Position">[150, 785, 180, 815]</P>
    <P Name="ZOrder">845</P>
    <P Name="Commented">on</P>
    <P Name="Value">[0 0 0]</P>
  </Block>
  <Block BlockType="Constant" Name="Desired Value" SID="17568">
    <P Name="Position">[-170, 40, -140, 70]</P>
    <P Name="ZOrder">783</P>
    <P Name="Value">2</P>
  </Block>
  <Block BlockType="SubSystem" Name="Disperse" SID="17645">
    <P Name="Ports">[3, 1]</P>
    <P Name="Position">[30, -791, 195, -719]</P>
    <P Name="ZOrder">835</P>
    <P Name="Commented">on</P>
    <P Name="ErrorFcn">Stateflow.Translate.translate</P>
    <P Name="PermitHierarchicalResolution">ExplicitOnly</P>
    <P Name="TreatAsAtomicUnit">on</P>
    <P Name="RequestExecContextInheritance">off</P>
    <P Name="SFBlockType">MATLAB Function</P>
    <System Ref="system_17645"/>
  </Block>
  <Block BlockType="Constant" Name="Distances" SID="17694">
    <P Name="Position">[115, -335, 145, -305]</P>
    <P Name="ZOrder">850</P>
    <P Name="Value">[0 5.8779 9.5106 9.5106 5.8779 5;5.8779 0 5.8779 9.5106 9.5106 5;9.5106 5.8779 0 5.8779 9.5106 5;9.5106 9.5106 5.8779 0 5.8779 5;5.8779 9.5106 9.5106 5.8779 0 5;5 5 5 5 5 0]</P>
  </Block>
  <Block BlockType="SubSystem" Name="Find Max" SID="17649">
    <P Name="Ports">[3, 1]</P>
    <P Name="Position">[115, -235, 250, -145]</P>
    <P Name="ZOrder">839</P>
    <P Name="Commented">on</P>
    <P Name="ErrorFcn">Stateflow.Translate.translate</P>
    <P Name="PermitHierarchicalResolution">ExplicitOnly</P>
    <P Name="TreatAsAtomicUnit">on</P>
    <P Name="RequestExecContextInheritance">off</P>
    <P Name="SFBlockType">MATLAB Function</P>
    <System Ref="system_17649"/>
  </Block>
  <Block BlockType="SubSystem" Name="Find Min" SID="17648">
    <P Name="Ports">[3, 1]</P>
    <P Name="Position">[-80, -324, 50, -236]</P>
    <P Name="ZOrder">838</P>
    <P Name="Commented">on</P>
    <P Name="ErrorFcn">Stateflow.Translate.translate</P>
    <P Name="PermitHierarchicalResolution">ExplicitOnly</P>
    <P Name="TreatAsAtomicUnit">on</P>
    <P Name="RequestExecContextInheritance">off</P>
    <P Name="SFBlockType">MATLAB Function</P>
    <System Ref="system_17648"/>
  </Block>
  <Block BlockType="SubSystem" Name="Follow Contour" SID="17662">
    <P Name="Ports">[4, 1]</P>
    <P Name="Position">[-60, -53, 150, 63]</P>
    <P Name="ZOrder">847</P>
    <P Name="Commented">on</P>
    <P Name="ErrorFcn">Stateflow.Translate.translate</P>
    <P Name="PermitHierarchicalResolution">ExplicitOnly</P>
    <P Name="TreatAsAtomicUnit">on</P>
    <P Name="RequestExecContextInheritance">off</P>
    <P Name="SFBlockType">MATLAB Function</P>
    <System Ref="system_17662"/>
  </Block>
  <Block BlockType="SubSystem" Name="Follow Ridge" SID="17652">
    <P Name="Ports">[3, 2]</P>
    <P Name="Position">[-270, 447, -45, 673]</P>
    <P Name="ZOrder">842</P>
    <P Name="Commented">on</P>
    <P Name="ErrorFcn">Stateflow.Translate.translate</P>
    <P Name="PermitHierarchicalResolution">ExplicitOnly</P>
    <P Name="TreatAsAtomicUnit">on</P>
    <P Name="RequestExecContextInheritance">off</P>
    <P Name="SFBlockType">MATLAB Function</P>
    <System Ref="system_17652"/>
  </Block>
  <Block BlockType="SubSystem" Name="Formation" SID="17693">
    <P Name="Ports">[4, 1]</P>
    <P Name="Position">[245, -405, 380, -315]</P>
    <P Name="ZOrder">849</P>
    <P Name="Commented">on</P>
    <P Name="ErrorFcn">Stateflow.Translate.translate</P>
    <P Name="PermitHierarchicalResolution">ExplicitOnly</P>
    <P Name="TreatAsAtomicUnit">on</P>
    <P Name="RequestExecContextInheritance">off</P>
    <P Name="SFBlockType">MATLAB Function</P>
    <System Ref="system_17693"/>
  </Block>
  <Block BlockType="SubSystem" Name="Go To" SID="17647">
    <P Name="Ports">[5, 1]</P>
    <P Name="Position">[60, -603, 275, -507]</P>
    <P Name="ZOrder">837</P>
    <P Name="Commented">on</P>
    <P Name="ErrorFcn">Stateflow.Translate.translate</P>
    <P Name="PermitHierarchicalResolution">ExplicitOnly</P>
    <P Name="TreatAsAtomicUnit">on</P>
    <P Name="RequestExecContextInheritance">off</P>
    <P Name="SFBlockType">MATLAB Function</P>
    <System Ref="system_17647"/>
  </Block>
  <Block BlockType="Constant" Name="GoTo_X" SID="17613">
    <P Name="Position">[-125, -550, -95, -520]</P>
    <P Name="ZOrder">819</P>
    <P Name="Value">5</P>
  </Block>
  <Block BlockType="Constant" Name="GoTo_Y" SID="17617">
    <P Name="Position">[-80, -530, -50, -500]</P>
    <P Name="ZOrder">822</P>
    <P Name="Value">5</P>
  </Block>
  <Block BlockType="SubSystem" Name="Obstacle Avoidance Behavior" SID="17646">
    <P Name="Ports">[4, 1]</P>
    <P Name="Position">[-205, -715, 10, -620]</P>
    <P Name="ZOrder">836</P>
    <P Name="ErrorFcn">Stateflow.Translate.translate</P>
    <P Name="PermitHierarchicalResolution">ExplicitOnly</P>
    <P Name="TreatAsAtomicUnit">on</P>
    <P Name="RequestExecContextInheritance">off</P>
    <P Name="SFBlockType">MATLAB Function</P>
    <System Ref="system_17646"/>
  </Block>
  <Block BlockType="SubSystem" Name="Orbit" SID="17680">
    <P Name="Ports">[3, 1]</P>
    <P Name="Position">[-85, -500, 50, -410]</P>
    <P Name="ZOrder">848</P>
    <P Name="Commented">on</P>
    <P Name="ErrorFcn">Stateflow.Translate.translate</P>
    <P Name="PermitHierarchicalResolution">ExplicitOnly</P>
    <P Name="TreatAsAtomicUnit">on</P>
    <P Name="RequestExecContextInheritance">off</P>
    <P Name="SFBlockType">MATLAB Function</P>
    <System Ref="system_17680"/>
  </Block>
  <Block BlockType="Constant" Name="Robot Speed" SID="15167">
    <P Name="Position">[900, -400, 930, -370]</P>
    <P Name="ZOrder">700</P>
    <P Name="Value">0.1</P>
  </Block>
  <Block BlockType="Constant" Name="Sensor Range" SID="17588">
    <P Name="Position">[-575, -825, -545, -795]</P>
    <P Name="ZOrder">766</P>
    <P Name="Value">300</P>
  </Block>
  <Block BlockType="SubSystem" Name="Sum" SID="17653">
    <P Name="Ports">[12, 1]</P>
    <P Name="Position">[655, -901, 840, 911]</P>
    <P Name="ZOrder">843</P>
    <P Name="ErrorFcn">Stateflow.Translate.translate</P>
    <P Name="PermitHierarchicalResolution">ExplicitOnly</P>
    <P Name="TreatAsAtomicUnit">on</P>
    <P Name="RequestExecContextInheritance">off</P>
    <P Name="SFBlockType">MATLAB Function</P>
    <System Ref="system_17653"/>
  </Block>
  <Block BlockType="SubSystem" Name="Trajectory Following" SID="17702">
    <P Name="Ports">[3, 1]</P>
    <P Name="Position">[-165, 809, 30, 891]</P>
    <P Name="ZOrder">858</P>
    <P Name="Commented">on</P>
    <P Name="ErrorFcn">Stateflow.Translate.translate</P>
    <P Name="PermitHierarchicalResolution">ExplicitOnly</P>
    <P Name="TreatAsAtomicUnit">on</P>
    <P Name="RequestExecContextInheritance">off</P>
    <P Name="SFBlockType">MATLAB Function</P>
    <P Name="ContentPreviewEnabled">on</P>
    <System Ref="system_17702"/>
  </Block>
  <Block BlockType="SubSystem" Name="velocity from bearing" SID="17654">
    <P Name="Ports">[2, 1]</P>
    <P Name="Position">[980, -459, 1105, -361]</P>
    <P Name="ZOrder">844</P>
    <P Name="ErrorFcn">Stateflow.Translate.translate</P>
    <P Name="PermitHierarchicalResolution">ExplicitOnly</P>
    <P Name="TreatAsAtomicUnit">on</P>
    <P Name="RequestExecContextInheritance">off</P>
    <P Name="SFBlockType">MATLAB Function</P>
    <System Ref="system_17654"/>
  </Block>
  <Block BlockType="Outport" Name="Velocity_Global" SID="17483">
    <P Name="Position">[1230, -417, 1260, -403]</P>
    <P Name="ZOrder">731</P>
    <P Name="VectorParamsAs1DForOutWhenUnconnected">off</P>
  </Block>
  <Line>
    <P Name="ZOrder">1902</P>
    <P Name="Src">15167#out:1</P>
    <P Name="Dst">17654#in:2</P>
  </Line>
  <Line>
    <P Name="ZOrder">1899</P>
    <P Name="Src">17653#out:1</P>
    <P Name="Points">[18, 0; 0, -440]</P>
    <P Name="Dst">17654#in:1</P>
  </Line>
  <Line>
    <P Name="ZOrder">1900</P>
    <P Name="Src">17654#out:1</P>
    <P Name="Dst">17483#in:1</P>
  </Line>
  <Line>
    <P Name="ZOrder">2081</P>
    <P Name="Src">17646#out:1</P>
    <P Name="Points">[567, 0; 0, 145]</P>
    <P Name="Dst">17653#in:3</P>
  </Line>
  <Line>
    <P Name="ZOrder">763</P>
    <P Name="Src">17588#out:1</P>
    <P Name="Points">[81, 0]</P>
    <Branch>
      <P Name="ZOrder">2580</P>
      <P Name="Points">[0, 80; 1, 0]</P>
      <Branch>
        <P Name="ZOrder">2678</P>
        <P Name="Points">[0, 75]</P>
        <Branch>
          <P Name="ZOrder">2879</P>
          <P Name="Points">[0, 100]</P>
          <Branch>
            <P Name="ZOrder">2684</P>
            <P Name="Points">[0, 130; 5, 0]</P>
            <Branch>
              <P Name="ZOrder">2388</P>
              <P Name="Points">[0, 75]</P>
              <Branch>
                <P Name="ZOrder">2707</P>
                <P Name="Points">[0, 100]</P>
                <Branch>
                  <P Name="ZOrder">2690</P>
                  <P Name="Points">[0, 90]</P>
                  <Branch>
                    <P Name="ZOrder">2698</P>
                    <P Name="Points">[0, 180]</P>
                    <Branch>
                      <P Name="ZOrder">2873</P>
                      <P Name="Points">[0, 615]</P>
                      <P Name="Dst">17652#in:3</P>
                    </Branch>
                    <Branch>
                      <P Name="ZOrder">1872</P>
                      <P Name="Dst">17662#in:3</P>
                    </Branch>
                  </Branch>
                  <Branch>
                    <P Name="ZOrder">1865</P>
                    <P Name="Dst">17649#in:3</P>
                  </Branch>
                </Branch>
                <Branch>
                  <P Name="ZOrder">1856</P>
                  <P Name="Dst">17648#in:3</P>
                </Branch>
              </Branch>
              <Branch>
                <P Name="ZOrder">2673</P>
                <P Name="Dst">17693#in:3</P>
              </Branch>
            </Branch>
            <Branch>
              <P Name="ZOrder">2387</P>
              <P Name="Dst">17680#in:3</P>
            </Branch>
          </Branch>
          <Branch>
            <P Name="ZOrder">1850</P>
            <P Name="Dst">17647#in:3</P>
          </Branch>
        </Branch>
        <Branch>
          <P Name="ZOrder">1847</P>
          <P Name="Dst">17646#in:3</P>
        </Branch>
      </Branch>
      <Branch>
        <P Name="ZOrder">1843</P>
        <P Name="Dst">17645#in:3</P>
      </Branch>
    </Branch>
    <Branch>
      <P Name="ZOrder">1839</P>
      <P Name="Points">[269, 0]</P>
      <P Name="Dst">17644#in:3</P>
    </Branch>
  </Line>
  <Line>
    <P Name="ZOrder">2007</P>
    <P Name="Src">17644#out:1</P>
    <P Name="Points">[610, 0; 0, 15]</P>
    <P Name="Dst">17653#in:1</P>
  </Line>
  <Line>
    <P Name="ZOrder">787</P>
    <P Name="Src">17551#out:1</P>
    <P Name="Points">[39, 0; 0, 60]</P>
    <Branch>
      <P Name="ZOrder">2358</P>
      <P Name="Points">[0, 80]</P>
      <Branch>
        <P Name="ZOrder">2680</P>
        <P Name="Points">[0, 75]</P>
        <Branch>
          <P Name="ZOrder">2682</P>
          <P Name="Points">[0, 105]</P>
          <Branch>
            <P Name="ZOrder">2686</P>
            <P Name="Points">[0, 120; 5, 0]</P>
            <Branch>
              <P Name="ZOrder">2385</P>
              <P Name="Dst">17680#in:2</P>
            </Branch>
            <Branch>
              <P Name="ZOrder">2384</P>
              <P Name="Points">[0, 85]</P>
              <Branch>
                <P Name="ZOrder">2709</P>
                <P Name="Points">[0, 90]</P>
                <Branch>
                  <P Name="ZOrder">2692</P>
                  <P Name="Points">[0, 90]</P>
                  <Branch>
                    <P Name="ZOrder">2700</P>
                    <P Name="Points">[0, 180]</P>
                    <Branch>
                      <P Name="ZOrder">2875</P>
                      <P Name="Dst">17662#in:2</P>
                    </Branch>
                    <Branch>
                      <P Name="ZOrder">2871</P>
                      <P Name="Points">[0, 570; 10, 0]</P>
                      <Branch>
                        <P Name="ZOrder">2816</P>
                        <P Name="Points">[0, 290]</P>
                        <P Name="Dst">17702#in:2</P>
                      </Branch>
                      <Branch>
                        <P Name="ZOrder">2815</P>
                        <P Name="Dst">17652#in:2</P>
                      </Branch>
                    </Branch>
                  </Branch>
                  <Branch>
                    <P Name="ZOrder">1864</P>
                    <P Name="Dst">17649#in:2</P>
                  </Branch>
                </Branch>
                <Branch>
                  <P Name="ZOrder">1858</P>
                  <P Name="Dst">17648#in:2</P>
                </Branch>
              </Branch>
              <Branch>
                <P Name="ZOrder">2670</P>
                <P Name="Dst">17693#in:2</P>
              </Branch>
            </Branch>
          </Branch>
          <Branch>
            <P Name="ZOrder">1855</P>
            <P Name="Dst">17647#in:2</P>
          </Branch>
        </Branch>
        <Branch>
          <P Name="ZOrder">1846</P>
          <P Name="Dst">17646#in:2</P>
        </Branch>
      </Branch>
      <Branch>
        <P Name="ZOrder">1842</P>
        <P Name="Dst">17645#in:2</P>
      </Branch>
    </Branch>
    <Branch>
      <P Name="ZOrder">1837</P>
      <P Name="Points">[216, 0]</P>
      <P Name="Dst">17644#in:2</P>
    </Branch>
  </Line>
  <Line>
    <P Name="ZOrder">2080</P>
    <P Name="Src">17645#out:1</P>
    <P Name="Points">[392, 0; 0, 85]</P>
    <P Name="Dst">17653#in:2</P>
  </Line>
  <Line>
    <P Name="ZOrder">1857</P>
    <P Name="Src">17648#out:1</P>
    <P Name="Points">[487, 0; 0, 360]</P>
    <P Name="Dst">17653#in:7</P>
  </Line>
  <Line>
    <P Name="ZOrder">800</P>
    <P Name="Src">17568#out:1</P>
    <P Name="Points">[60, 0]</P>
    <P Name="Dst">17662#in:4</P>
  </Line>
  <Line>
    <P Name="ZOrder">1848</P>
    <P Name="Src">17554#out:1</P>
    <P Name="Dst">17646#in:4</P>
  </Line>
  <Line>
    <P Name="ZOrder">1860</P>
    <P Name="Src">17649#out:1</P>
    <P Name="Points">[277, 0; 0, 420]</P>
    <P Name="Dst">17653#in:8</P>
  </Line>
  <Line>
    <P Name="ZOrder">1852</P>
    <P Name="Src">17613#out:1</P>
    <P Name="Dst">17647#in:4</P>
  </Line>
  <Line>
    <P Name="ZOrder">2087</P>
    <P Name="Src">17647#out:1</P>
    <P Name="Points">[291, 0; 0, 185]</P>
    <P Name="Dst">17653#in:4</P>
  </Line>
  <Line>
    <P Name="ZOrder">1853</P>
    <P Name="Src">17617#out:1</P>
    <P Name="Dst">17647#in:5</P>
  </Line>
  <Line>
    <P Name="ZOrder">2085</P>
    <P Name="Src">17652#out:1</P>
    <P Name="Points">[499, 0; 0, 25]</P>
    <P Name="Dst">17653#in:10</P>
  </Line>
  <Line>
    <P Name="ZOrder">2086</P>
    <P Name="Src">17658#out:1</P>
    <P Name="Points">[446, 0; 0, -120]</P>
    <P Name="Dst">17653#in:11</P>
  </Line>
  <Line>
    <P Name="ZOrder">2257</P>
    <P Name="Src">17662#out:1</P>
    <P Name="Points">[336, 0; 0, 375]</P>
    <P Name="Dst">17653#in:9</P>
  </Line>
  <Line>
    <P Name="ZOrder">2380</P>
    <P Name="Src">17680#out:1</P>
    <P Name="Points">[505, 0; 0, 235]</P>
    <P Name="Dst">17653#in:5</P>
  </Line>
  <Line>
    <P Name="ZOrder">2674</P>
    <P Name="Src">17693#out:1</P>
    <P Name="Points">[165, 0; 0, 290]</P>
    <P Name="Dst">17653#in:6</P>
  </Line>
  <Line>
    <P Name="ZOrder">2710</P>
    <P Name="Src">17694#out:1</P>
    <P Name="Points">[45, 0; 0, -10]</P>
    <P Name="Dst">17693#in:4</P>
  </Line>
  <Line>
    <P Name="ZOrder">2790</P>
    <P Name="Src">17702#out:1</P>
    <P Name="Points">[303, 0; 0, -20]</P>
    <P Name="Dst">17653#in:12</P>
  </Line>
  <Line>
    <P Name="ZOrder">830</P>
    <P Name="Src">17550#out:1</P>
    <P Name="Points">[77, 0; 0, 130; 1, 0]</P>
    <Branch>
      <P Name="ZOrder">1840</P>
      <P Name="Points">[0, -10]</P>
      <P Name="Dst">17644#in:1</P>
    </Branch>
    <Branch>
      <P Name="ZOrder">829</P>
      <P Name="Points">[0, 75]</P>
      <Branch>
        <P Name="ZOrder">2679</P>
        <P Name="Points">[0, 75]</P>
        <Branch>
          <P Name="ZOrder">2681</P>
          <P Name="Points">[0, 110]</P>
          <Branch>
            <P Name="ZOrder">2685</P>
            <P Name="Points">[0, 110; 6, 0]</P>
            <Branch>
              <P Name="ZOrder">2383</P>
              <P Name="Points">[0, 95]</P>
              <Branch>
                <P Name="ZOrder">2688</P>
                <P Name="Points">[0, 80]</P>
                <Branch>
                  <P Name="ZOrder">2691</P>
                  <P Name="Points">[0, 90]</P>
                  <Branch>
                    <P Name="ZOrder">2699</P>
                    <P Name="Points">[0, 180]</P>
                    <Branch>
                      <P Name="ZOrder">2877</P>
                      <P Name="Dst">17662#in:1</P>
                    </Branch>
                    <Branch>
                      <P Name="ZOrder">2870</P>
                      <P Name="Points">[0, 525; 14, 0]</P>
                      <Branch>
                        <P Name="ZOrder">2795</P>
                        <P Name="Points">[0, 340]</P>
                        <P Name="Dst">17702#in:1</P>
                      </Branch>
                      <Branch>
                        <P Name="ZOrder">2794</P>
                        <P Name="Dst">17652#in:1</P>
                      </Branch>
                    </Branch>
                  </Branch>
                  <Branch>
                    <P Name="ZOrder">1863</P>
                    <P Name="Dst">17649#in:1</P>
                  </Branch>
                </Branch>
                <Branch>
                  <P Name="ZOrder">1859</P>
                  <P Name="Dst">17648#in:1</P>
                </Branch>
              </Branch>
              <Branch>
                <P Name="ZOrder">2668</P>
                <P Name="Dst">17693#in:1</P>
              </Branch>
            </Branch>
            <Branch>
              <P Name="ZOrder">2382</P>
              <P Name="Dst">17680#in:1</P>
            </Branch>
          </Branch>
          <Branch>
            <P Name="ZOrder">1854</P>
            <P Name="Dst">17647#in:1</P>
          </Branch>
        </Branch>
        <Branch>
          <P Name="ZOrder">816</P>
          <P Name="Dst">17646#in:1</P>
        </Branch>
      </Branch>
      <Branch>
        <P Name="ZOrder">1844</P>
        <P Name="Dst">17645#in:1</P>
      </Branch>
    </Branch>
  </Line>
  <Line>
    <P Name="ZOrder">2796</P>
    <P Name="Src">17703#out:1</P>
    <P Name="Points">[30, 0; 0, -155]</P>
    <P Name="Dst">17702#in:3</P>
  </Line>
  <Line>
    <P Name="ZOrder">2954</P>
    <P Name="Src">17705#out:1</P>
    <P Name="Points">[10, 0]</P>
    <P Name="Dst">17644#in:4</P>
  </Line>
  <Annotation SID="17618">
    <P Name="Name">Ridge Following
</P>
    <P Name="Position">[-647, 358, 458, 723]</P>
    <P Name="InternalMargins">[0, 0, 0, 0]</P>
    <P Name="FixedHeight">on</P>
    <P Name="FixedWidth">on</P>
    <P Name="ForegroundColor">[0.901961, 0.901961, 1.000000]</P>
    <P Name="BackgroundColor">[0.901961, 0.901961, 1.000000]</P>
    <P Name="DropShadow">on</P>
    <P Name="AnnotationType">area_annotation</P>
    <P Name="ZOrder">699</P>
    <P Name="FontSize">12</P>
  </Annotation>
  <Annotation SID="17595">
    <P Name="Name">Contour Finding Architecture</P>
    <P Name="Position">[-659, -99, 457, 299]</P>
    <P Name="InternalMargins">[0, 0, 0, 0]</P>
    <P Name="FixedHeight">on</P>
    <P Name="FixedWidth">on</P>
    <P Name="ForegroundColor">[0.901961, 0.901961, 1.000000]</P>
    <P Name="BackgroundColor">[0.901961, 0.901961, 1.000000]</P>
    <P Name="DropShadow">on</P>
    <P Name="AnnotationType">area_annotation</P>
    <P Name="ZOrder">698</P>
    <P Name="FontSize">12</P>
  </Annotation>
</System>
