<?xml version="1.0" encoding="utf-8"?>
<System>
  <P Name="Location">[0, 23, 1400, 900]</P>
  <P Name="SetExecutionDomain">off</P>
  <P Name="ExecutionDomainType">Deduce</P>
  <P Name="ZoomFactor">200</P>
  <P Name="SimulinkSubDomain">Simulink</P>
  <Block BlockType="Inport" Name="In1" SID="17518">
    <P Name="Position">[55, 33, 85, 47]</P>
    <P Name="ZOrder">6</P>
  </Block>
  <Block BlockType="Inport" Name="In2" SID="17519">
    <P Name="Position">[55, 73, 85, 87]</P>
    <P Name="ZOrder">7</P>
    <P Name="Port">2</P>
  </Block>
  <Block BlockType="Inport" Name="In3" SID="17520">
    <P Name="Position">[55, 113, 85, 127]</P>
    <P Name="ZOrder">8</P>
    <P Name="Port">3</P>
  </Block>
  <Block BlockType="SignalSpecification" Name="Signal Specification" SID="17521">
    <P Name="Position">[110, 32, 245, 48]</P>
    <P Name="ZOrder">14</P>
    <P Name="OutDataTypeStr">double</P>
    <P Name="Dimensions">1</P>
    <P Name="VarSizeSig">No</P>
    <P Name="SignalType">real</P>
  </Block>
  <Block BlockType="SignalSpecification" Name="Signal Specification1" SID="17522">
    <P Name="Position">[110, 72, 245, 88]</P>
    <P Name="ZOrder">17</P>
    <P Name="OutDataTypeStr">double</P>
    <P Name="Dimensions">1</P>
    <P Name="VarSizeSig">No</P>
    <P Name="SignalType">real</P>
  </Block>
  <Block BlockType="SignalSpecification" Name="Signal Specification2" SID="17523">
    <P Name="Position">[110, 112, 245, 128]</P>
    <P Name="ZOrder">18</P>
    <P Name="OutDataTypeStr">double</P>
    <P Name="Dimensions">1</P>
    <P Name="VarSizeSig">No</P>
    <P Name="SignalType">real</P>
  </Block>
  <Block BlockType="MATLABSystem" Name="decabot" SID="17524">
    <P Name="Ports">[3, 4]</P>
    <P Name="Position">[270, 23, 415, 137]</P>
    <P Name="ZOrder">13</P>
    <P Name="System">Decabot</P>
    <P Name="MaskType">Decabot</P>
    <P Name="MaskDisplay">disp(&apos;\n\nDH: localhost&apos;);
port_label(&apos;input&apos;,1,&apos;x_vel&apos;);
port_label(&apos;input&apos;,2,&apos;y_vel&apos;);
port_label(&apos;input&apos;,3,&apos;t_vel&apos;);
port_label(&apos;output&apos;,1,&apos;clear&apos;);
port_label(&apos;output&apos;,2,&apos;red&apos;);
port_label(&apos;output&apos;,3,&apos;green&apos;);
port_label(&apos;output&apos;,4,&apos;blue&apos;);
</P>
    <P Name="decabotHelper">localhost</P>
    <P Name="useDataTurbine">off</P>
    <P Name="useDirectSocket">on</P>
    <P Name="debug">off</P>
  </Block>
  <Block BlockType="Outport" Name="Out1" SID="17525">
    <P Name="Position">[445, 28, 475, 42]</P>
    <P Name="ZOrder">9</P>
    <P Name="VectorParamsAs1DForOutWhenUnconnected">off</P>
  </Block>
  <Block BlockType="Outport" Name="Out2" SID="17526">
    <P Name="Position">[445, 58, 475, 72]</P>
    <P Name="ZOrder">10</P>
    <P Name="Port">2</P>
    <P Name="VectorParamsAs1DForOutWhenUnconnected">off</P>
  </Block>
  <Block BlockType="Outport" Name="Out3" SID="17527">
    <P Name="Position">[445, 88, 475, 102]</P>
    <P Name="ZOrder">11</P>
    <P Name="Port">3</P>
    <P Name="VectorParamsAs1DForOutWhenUnconnected">off</P>
  </Block>
  <Block BlockType="Outport" Name="Out4" SID="17528">
    <P Name="Position">[445, 118, 475, 132]</P>
    <P Name="ZOrder">12</P>
    <P Name="Port">4</P>
    <P Name="VectorParamsAs1DForOutWhenUnconnected">off</P>
  </Block>
  <Line>
    <P Name="ZOrder">1</P>
    <P Name="Src">17523#out:1</P>
    <P Name="Dst">17524#in:3</P>
  </Line>
  <Line>
    <P Name="ZOrder">2</P>
    <P Name="Src">17522#out:1</P>
    <P Name="Dst">17524#in:2</P>
  </Line>
  <Line>
    <P Name="ZOrder">3</P>
    <P Name="Src">17521#out:1</P>
    <P Name="Dst">17524#in:1</P>
  </Line>
  <Line>
    <P Name="ZOrder">4</P>
    <P Name="Src">17519#out:1</P>
    <P Name="Dst">17522#in:1</P>
  </Line>
  <Line>
    <P Name="ZOrder">5</P>
    <P Name="Src">17524#out:4</P>
    <P Name="Dst">17528#in:1</P>
  </Line>
  <Line>
    <P Name="ZOrder">6</P>
    <P Name="Src">17524#out:1</P>
    <P Name="Dst">17525#in:1</P>
  </Line>
  <Line>
    <P Name="ZOrder">7</P>
    <P Name="Src">17524#out:3</P>
    <P Name="Dst">17527#in:1</P>
  </Line>
  <Line>
    <P Name="ZOrder">8</P>
    <P Name="Src">17524#out:2</P>
    <P Name="Dst">17526#in:1</P>
  </Line>
  <Line>
    <P Name="ZOrder">9</P>
    <P Name="Src">17518#out:1</P>
    <P Name="Dst">17521#in:1</P>
  </Line>
  <Line>
    <P Name="ZOrder">10</P>
    <P Name="Src">17520#out:1</P>
    <P Name="Dst">17523#in:1</P>
  </Line>
</System>
