<?xml version="1.0" encoding="utf-8"?>
<System>
  <P Name="Location">[223, 338, 826, 833]</P>
  <P Name="SetExecutionDomain">off</P>
  <P Name="ExecutionDomainType">Deduce</P>
  <P Name="SIDHighWatermark">61</P>
  <P Name="SimulinkSubDomain">Simulink</P>
  <Block BlockType="Inport" Name="RobotParams" SID="17662::1">
    <P Name="Position">[20, 101, 40, 119]</P>
    <P Name="ZOrder">-1</P>
  </Block>
  <Block BlockType="Inport" Name="NRobot" SID="17662::22">
    <P Name="Position">[20, 136, 40, 154]</P>
    <P Name="ZOrder">13</P>
    <P Name="Port">2</P>
  </Block>
  <Block BlockType="Inport" Name="SensorRange" SID="17662::23">
    <P Name="Position">[20, 171, 40, 189]</P>
    <P Name="ZOrder">14</P>
    <P Name="Port">3</P>
  </Block>
  <Block BlockType="Inport" Name="DesiredValue" SID="17662::46">
    <P Name="Position">[20, 206, 40, 224]</P>
    <P Name="ZOrder">35</P>
    <P Name="Port">4</P>
  </Block>
  <Block BlockType="Demux" Name=" Demux " SID="17662::60">
    <P Name="Ports">[1, 1]</P>
    <P Name="Position">[270, 230, 320, 270]</P>
    <P Name="ZOrder">49</P>
    <P Name="Outputs">1</P>
  </Block>
  <Block BlockType="S-Function" Name=" SFunction " SID="17662::59">
    <P Name="Tag">Stateflow S-Function 6</P>
    <P Name="Ports">[4, 2]</P>
    <P Name="Position">[180, 102, 230, 203]</P>
    <P Name="ZOrder">48</P>
    <P Name="FunctionName">sf_sfun</P>
    <P Name="PortCounts">[4 2]</P>
    <P Name="SFunctionDeploymentMode">off</P>
    <P Name="EnableBusSupport">off</P>
    <P Name="SFcnIsStateOwnerBlock">off</P>
    <Port>
      <P Name="PortNumber">2</P>
      <P Name="Name">Vf</P>
    </Port>
  </Block>
  <Block BlockType="Terminator" Name=" Terminator " SID="17662::61">
    <P Name="Position">[460, 241, 480, 259]</P>
    <P Name="ZOrder">50</P>
  </Block>
  <Block BlockType="Outport" Name="Vf" SID="17662::5">
    <P Name="Position">[460, 101, 480, 119]</P>
    <P Name="ZOrder">-5</P>
    <P Name="VectorParamsAs1DForOutWhenUnconnected">off</P>
  </Block>
  <Line>
    <P Name="ZOrder">89</P>
    <P Name="Src">17662::1#out:1</P>
    <P Name="Dst">17662::59#in:1</P>
  </Line>
  <Line>
    <P Name="ZOrder">90</P>
    <P Name="Src">17662::22#out:1</P>
    <P Name="Dst">17662::59#in:2</P>
  </Line>
  <Line>
    <P Name="ZOrder">91</P>
    <P Name="Src">17662::23#out:1</P>
    <P Name="Dst">17662::59#in:3</P>
  </Line>
  <Line>
    <P Name="ZOrder">92</P>
    <P Name="Src">17662::46#out:1</P>
    <P Name="Dst">17662::59#in:4</P>
  </Line>
  <Line>
    <P Name="Name">Vf</P>
    <P Name="ZOrder">93</P>
    <P Name="Labels">[0, 0]</P>
    <P Name="Src">17662::59#out:2</P>
    <P Name="Dst">17662::5#in:1</P>
  </Line>
  <Line>
    <P Name="ZOrder">94</P>
    <P Name="Src">17662::60#out:1</P>
    <P Name="Dst">17662::61#in:1</P>
  </Line>
  <Line>
    <P Name="ZOrder">95</P>
    <P Name="Src">17662::59#out:1</P>
    <P Name="Dst">17662::60#in:1</P>
  </Line>
</System>
