<?xml version="1.0" encoding="UTF-8"?>
<sltp_graph version="1.1" packageUris="http://schema.mathworks.com/mf0/sltp_mm/R2019b_201903251320">
  <sltp.mm.core.Context type="sltp.mm.core.Context" uuid="c57a164d-a7cd-4c59-8dc5-dd8611195e4e">
    <editorState type="sltp.mm.core.EditorState" uuid="e841238c-8be9-4359-9d6f-2fce16ed7173"/>
    <rootTask type="sltp.mm.core.Task" uuid="f67d686a-4de2-47a2-ae4c-0ae7a6833718">
      <context type="sltp.mm.core.Context" uuid="c57a164d-a7cd-4c59-8dc5-dd8611195e4e"/>
      <explicit>false</explicit>
      <name>Default</name>
      <priority>-2147483648</priority>
      <subgraph type="sltp.mm.core.Graph" uuid="be2b71b4-8cd6-42c4-9e59-9a348514b446"/>
    </rootTask>
  </sltp.mm.core.Context>
</sltp_graph>