<?xml version="1.0" encoding="utf-8"?>
<sltp_graph version="1.1" packageUris="http://schema.mathworks.com/mf0/sltp_mm/R2019b_201903251320">
  <sltp.mm.core.Context type="sltp.mm.core.Context" uuid="e5a5c40f-75fb-40ed-bd10-715897ad03fa">
    <editorState type="sltp.mm.core.EditorState" uuid="4f10ee1a-93d8-46a9-84ac-9398a8991815"/>
    <rootTask type="sltp.mm.core.Task" uuid="a805f56e-d845-44b8-8186-323ba9068138">
      <context type="sltp.mm.core.Context" uuid="e5a5c40f-75fb-40ed-bd10-715897ad03fa"/>
      <explicit>false</explicit>
      <name>Default</name>
      <priority>-2147483648</priority>
      <subgraph type="sltp.mm.core.Graph" uuid="d0c57af9-2588-4eea-9125-71b9f8310915"/>
    </rootTask>
  </sltp.mm.core.Context>
</sltp_graph>
