<?xml version="1.0" encoding="UTF-8"?>
<sltp_graph version="1.1" packageUris="http://schema.mathworks.com/mf0/sltp_mm/R2021a_202009111111">
  <sltp.mm.core.Context type="sltp.mm.core.Context" uuid="66781382-19b2-4c90-9b8b-fe409328b278">
    <editorState type="sltp.mm.core.EditorState" uuid="20dea18b-96ff-46c2-940d-189409fb331c">
      <panelState type="sltp.mm.core.EditorPanelState" uuid="fc353a88-742d-45a9-a8ff-8f6cd5759184"/>
    </editorState>
    <rootTask type="sltp.mm.core.Task" uuid="d6f5f3c5-06eb-40de-bff8-4ab651beea0d">
      <context type="sltp.mm.core.Context" uuid="66781382-19b2-4c90-9b8b-fe409328b278"/>
      <explicit>false</explicit>
      <name>Default</name>
      <priority>-2147483648</priority>
      <subgraph type="sltp.mm.core.Graph" uuid="d2f13273-9fdf-4618-93a9-2ece487d4785"/>
    </rootTask>
  </sltp.mm.core.Context>
</sltp_graph>