0.0208,0.9792,710,208,213,1079
0.0625,0.9792,684,250,211,1105
0.1042,0.9792,841,495,339,1663
0.1458,0.9792,942,768,404,2128
0.1875,0.9792,903,931,389,2262
0.2292,0.9792,608,769,354,1756
0.2708,0.9792,379,597,302,1292
0.3125,0.9792,278,502,272,1062
0.3542,0.9792,255,490,294,1048
0.3958,0.9792,289,556,388,1244
0.4375,0.9792,291,568,491,1358
0.4792,0.9792,325,677,777,1785
0.5208,0.9792,321,679,836,1839
0.5625,0.9792,226,475,654,1353
0.6042,0.9792,147,341,531,1016
0.6458,0.9792,157,311,495,960
0.6875,0.9792,238,324,471,1029
0.7292,0.9792,229,312,455,992
0.7708,0.9792,492,433,533,1368
0.8125,0.9792,623,472,582,1664
0.8542,0.9792,744,370,468,1546
0.8958,0.9792,670,254,311,1193
0.9375,0.9792,669,252,309,1186
0.9792,0.9792,722,231,260,1164
0.0208,0.9375,746,233,235,1164
0.0625,0.9375,735,292,247,1236
0.1042,0.9375,920,556,379,1839
0.1458,0.9375,1041,869,448,2378
0.1875,0.9375,886,919,392,2234
0.2292,0.9375,667,844,389,1934
0.2708,0.9375,430,676,349,1475
0.3125,0.9375,285,506,298,1100
0.3542,0.9375,331,639,452,1435
0.3958,0.9375,296,575,451,1334
0.4375,0.9375,312,603,523,1448
0.4792,0.9375,336,668,698,1711
0.5208,0.9375,360,775,941,2086
0.5625,0.9375,270,556,747,1572
0.6042,0.9375,225,457,644,1323
0.6458,0.9375,161,335,520,1012
0.6875,0.9375,194,324,493,1009
0.7292,0.9375,256,346,499,1097
0.7708,0.9375,416,410,542,1361
0.8125,0.9375,597,470,580,1634
0.8542,0.9375,716,455,555,1701
0.8958,0.9375,722,355,440,1475
0.9375,0.9375,744,260,292,1248
0.9792,0.9375,745,250,275,1219
0.0208,0.8958,743,251,249,1196
0.0625,0.8958,762,326,273,1326
0.1042,0.8958,986,627,416,2019
0.1458,0.8958,1068,905,464,2460
0.1875,0.8958,808,873,391,2102
0.2292,0.8958,672,864,415,1981
0.2708,0.8958,429,699,373,1520
0.3125,0.8958,309,538,303,1162
0.3542,0.8958,290,560,344,1208
0.3958,0.8958,301,582,464,1357
0.4375,0.8958,317,632,628,1586
0.4792,0.8958,329,644,673,1653
0.5208,0.8958,343,704,894,1948
0.5625,0.8958,274,559,762,1597
0.6042,0.8958,252,499,686,1435
0.6458,0.8958,173,365,550,1085
0.6875,0.8958,175,332,512,1015
0.7292,0.8958,263,355,505,1118
0.7708,0.8958,420,415,540,1368
0.8125,0.8958,625,473,579,1662
0.8542,0.8958,678,444,538,1637
0.8958,0.8958,723,302,361,1345
0.9375,0.8958,725,252,276,1206
0.9792,0.8958,741,259,284,1237
0.0208,0.8542,777,276,267,1273
0.0625,0.8542,833,386,316,1501
0.1042,0.8542,1006,664,435,2099
0.1458,0.8542,1089,935,479,2529
0.1875,0.8542,918,962,423,2342
0.2292,0.8542,687,873,433,2025
0.2708,0.8542,488,754,397,1663
0.3125,0.8542,364,631,365,1376
0.3542,0.8542,289,554,345,1202
0.3958,0.8542,330,639,454,1437
0.4375,0.8542,310,599,531,1449
0.4792,0.8542,333,658,692,1690
0.5208,0.8542,356,751,910,2025
0.5625,0.8542,348,708,895,1959
0.6042,0.8542,290,566,763,1621
0.6458,0.8542,184,381,565,1128
0.6875,0.8542,188,340,514,1039
0.7292,0.8542,293,389,541,1217
0.7708,0.8542,442,431,551,1416
0.8125,0.8542,567,469,577,1602
0.8542,0.8542,722,483,581,1765
0.8958,0.8542,745,394,482,1589
0.9375,0.8542,801,367,423,1551
0.9792,0.8542,739,383,391,1488
0.0208,0.8125,765,290,276,1287
0.0625,0.8125,844,413,333,1558
0.1042,0.8125,1085,745,487,2316
0.1458,0.8125,1144,1002,515,2691
0.1875,0.8125,912,948,425,2322
0.2292,0.8125,721,907,441,2107
0.2708,0.8125,532,816,435,1813
0.3125,0.8125,346,588,344,1290
0.3542,0.8125,290,545,347,1194
0.3958,0.8125,314,586,424,1334
0.4375,0.8125,293,556,498,1354
0.4792,0.8125,324,636,670,1637
0.5208,0.8125,389,828,997,2226
0.5625,0.8125,367,729,912,2017
0.6042,0.8125,308,582,772,1665
0.6458,0.8125,198,397,578,1170
0.6875,0.8125,199,355,531,1083
0.7292,0.8125,299,393,545,1233
0.7708,0.8125,440,428,546,1407
0.8125,0.8125,591,489,597,1665
0.8542,0.8125,701,462,555,1695
0.8958,0.8125,736,385,470,1558
0.9375,0.8125,719,287,314,1279
0.9792,0.8125,765,296,320,1337
0.0208,0.7708,760,308,289,1318
0.0625,0.7708,851,434,350,1607
0.1042,0.7708,1046,746,491,2284
0.1458,0.7708,1126,1001,528,2687
0.1875,0.7708,899,942,435,2314
0.2292,0.7708,722,897,446,2102
0.2708,0.7708,559,851,462,1904
0.3125,0.7708,358,610,362,1343
0.3542,0.7708,301,561,364,1238
0.3958,0.7708,362,688,501,1568
0.4375,0.7708,321,612,546,1487
0.4792,0.7708,334,654,686,1681
0.5208,0.7708,357,731,869,1966
0.5625,0.7708,389,765,942,2106
0.6042,0.7708,309,560,726,1596
0.6458,0.7708,211,401,566,1175
0.6875,0.7708,209,360,523,1089
0.7292,0.7708,314,413,558,1282
0.7708,0.7708,436,422,529,1380
0.8125,0.7708,615,516,619,1738
0.8542,0.7708,715,463,549,1703
0.8958,0.7708,736,418,498,1623
0.9375,0.7708,763,371,420,1518
0.9792,0.7708,770,337,358,1425
0.0208,0.7292,793,341,318,1414
0.0625,0.7292,879,479,383,1716
0.1042,0.7292,1083,808,525,2423
0.1458,0.7292,1074,968,515,2585
0.1875,0.7292,888,947,462,2333
0.2292,0.7292,583,834,458,1905
0.2708,0.7292,409,666,393,1484
0.3125,0.7292,333,560,344,1248
0.3542,0.7292,362,667,491,1538
0.3958,0.7292,340,627,539,1516
0.4375,0.7292,344,642,584,1580
0.4792,0.7292,340,646,679,1671
0.5208,0.7292,380,758,896,2044
0.5625,0.7292,394,755,927,2085
0.6042,0.7292,249,453,621,1320
0.6458,0.7292,223,369,524,1114
0.6875,0.7292,239,396,562,1195
0.7292,0.7292,312,392,520,1220
0.7708,0.7292,461,451,562,1467
0.8125,0.7292,641,545,656,1831
0.8542,0.7292,709,479,569,1737
0.8958,0.7292,702,399,475,1548
0.9375,0.7292,683,332,370,1352
0.9792,0.7292,767,343,362,1433
0.0208,0.6875,775,359,332,1431
0.0625,0.6875,882,515,409,1786
0.1042,0.6875,999,776,512,2293
0.1458,0.6875,853,824,430,2129
0.1875,0.6875,750,887,461,2131
0.2292,0.6875,725,907,482,2148
0.2708,0.6875,579,857,481,1947
0.3125,0.6875,368,601,369,1351
0.3542,0.6875,351,627,431,1425
0.3958,0.6875,388,703,532,1638
0.4375,0.6875,345,626,572,1551
0.4792,0.6875,393,765,859,2028
0.5208,0.6875,381,735,866,1983
0.5625,0.6875,406,757,913,2084
0.6042,0.6875,322,558,708,1588
0.6458,0.6875,246,429,579,1252
0.6875,0.6875,255,414,576,1243
0.7292,0.6875,333,420,552,1301
0.7708,0.6875,595,550,665,1805
0.8125,0.6875,748,546,643,1921
0.8542,0.6875,723,463,547,1708
0.8958,0.6875,726,423,493,1614
0.9375,0.6875,728,384,415,1495
0.9792,0.6875,794,403,418,1583
0.0208,0.6458,809,408,378,1563
0.0625,0.6458,818,492,396,1688
0.1042,0.6458,992,783,520,2305
0.1458,0.6458,1197,1136,648,3024
0.1875,0.6458,924,989,509,2460
0.2292,0.6458,729,903,486,2153
0.2708,0.6458,615,893,514,2055
0.3125,0.6458,393,630,396,1433
0.3542,0.6458,346,615,417,1393
0.3958,0.6458,413,754,570,1757
0.4375,0.6458,380,686,627,1703
0.4792,0.6458,372,696,735,1812
0.5208,0.6458,439,848,983,2285
0.5625,0.6458,461,845,1002,2321
0.6042,0.6458,379,648,803,1834
0.6458,0.6458,268,453,597,1316
0.6875,0.6458,295,446,588,1327
0.7292,0.6458,481,481,581,1537
0.7708,0.6458,651,577,683,1905
0.8125,0.6458,611,423,493,1508
0.8542,0.6458,711,433,502,1620
0.8958,0.6458,728,402,442,1545
0.9375,0.6458,719,355,367,1410
0.9792,0.6458,795,401,415,1578
0.0208,0.6042,865,467,434,1737
0.0625,0.6042,910,594,479,1970
0.1042,0.6042,1078,882,592,2565
0.1458,0.6042,1127,1069,628,2859
0.1875,0.6042,876,932,499,2338
0.2292,0.6042,639,769,434,1866
0.2708,0.6042,572,794,473,1862
0.3125,0.6042,450,720,454,1632
0.3542,0.6042,383,664,458,1521
0.3958,0.6042,422,745,572,1757
0.4375,0.6042,375,655,601,1641
0.4792,0.6042,399,735,808,1952
0.5208,0.6042,469,872,996,2353
0.5625,0.6042,470,830,969,2283
0.6042,0.6042,401,660,803,1868
0.6458,0.6042,312,507,648,1467
0.6875,0.6042,332,514,676,1522
0.7292,0.6042,468,512,616,1593
0.7708,0.6042,755,673,784,2208
0.8125,0.6042,830,611,703,2127
0.8542,0.6042,750,478,546,1751
0.8958,0.6042,772,442,481,1669
0.9375,0.6042,779,419,426,1595
0.9792,0.6042,853,461,469,1753
0.0208,0.5625,893,512,473,1854
0.0625,0.5625,945,651,522,2109
0.1042,0.5625,1005,835,577,2430
0.1458,0.5625,1049,1037,606,2727
0.1875,0.5625,866,983,557,2439
0.2292,0.5625,797,992,571,2402
0.2708,0.5625,693,977,591,2299
0.3125,0.5625,498,771,497,1788
0.3542,0.5625,431,736,515,1703
0.3958,0.5625,438,760,594,1811
0.4375,0.5625,480,854,779,2133
0.4792,0.5625,441,806,847,2110
0.5208,0.5625,499,956,1091,2568
0.5625,0.5625,479,847,996,2335
0.6042,0.5625,445,755,920,2131
0.6458,0.5625,310,502,641,1453
0.6875,0.5625,317,488,640,1446
0.7292,0.5625,448,558,693,1699
0.7708,0.5625,557,553,655,1762
0.8125,0.5625,749,667,775,2188
0.8542,0.5625,815,597,686,2081
0.8958,0.5625,744,475,540,1736
0.9375,0.5625,759,414,431,1575
0.9792,0.5625,857,463,471,1761
0.0208,0.5208,910,560,516,1965
0.0625,0.5208,974,712,578,2259
0.1042,0.5208,1041,895,634,2586
0.1458,0.5208,1131,1115,693,2977
0.1875,0.5208,1010,1100,621,2774
0.2292,0.5208,808,992,588,2427
0.2708,0.5208,719,993,615,2365
0.3125,0.5208,505,746,496,1766
0.3542,0.5208,458,765,540,1784
0.3958,0.5208,509,885,703,2124
0.4375,0.5208,487,819,753,2067
0.4792,0.5208,442,768,794,2016
0.5208,0.5208,505,890,989,2402
0.5625,0.5208,541,899,1018,2473
0.6042,0.5208,526,839,978,2358
0.6458,0.5208,405,625,760,1794
0.6875,0.5208,424,625,772,1825
0.7292,0.5208,515,625,740,1882
0.7708,0.5208,592,610,699,1900
0.8125,0.5208,834,785,879,2501
0.8542,0.5208,785,608,679,2059
0.8958,0.5208,820,568,627,1996
0.9375,0.5208,834,532,563,1909
0.9792,0.5208,937,571,570,2055
0.0208,0.4792,925,606,552,2067
0.0625,0.4792,971,754,613,2338
0.1042,0.4792,1091,968,692,2772
0.1458,0.4792,1123,1125,721,3007
0.1875,0.4792,991,1110,663,2819
0.2292,0.4792,904,1119,684,2755
0.2708,0.4792,744,1007,641,2428
0.3125,0.4792,533,768,520,1842
0.3542,0.4792,510,852,694,2080
0.3958,0.4792,491,811,681,2003
0.4375,0.4792,488,790,730,2023
0.4792,0.4792,508,867,905,2299
0.5208,0.4792,578,971,1058,2630
0.5625,0.4792,595,958,1063,2636
0.6042,0.4792,567,873,993,2451
0.6458,0.4792,431,637,754,1827
0.6875,0.4792,482,674,807,1969
0.7292,0.4792,512,614,708,1836
0.7708,0.4792,630,665,750,2048
0.8125,0.4792,816,777,853,2448
0.8542,0.4792,836,671,735,2233
0.8958,0.4792,789,543,596,1909
0.9375,0.4792,881,594,617,2075
0.9792,0.4792,968,601,598,2145
0.0208,0.4375,977,688,617,2272
0.0625,0.4375,986,791,646,2426
0.1042,0.4375,1150,1065,785,3030
0.1458,0.4375,1140,1167,763,3112
0.1875,0.4375,900,1032,651,2619
0.2292,0.4375,910,1108,696,2762
0.2708,0.4375,801,1096,725,2665
0.3125,0.4375,530,773,560,1881
0.3542,0.4375,552,879,665,2125
0.3958,0.4375,553,881,737,2195
0.4375,0.4375,511,820,785,2133
0.4792,0.4375,583,961,1018,2587
0.5208,0.4375,644,1025,1111,2804
0.5625,0.4375,613,961,1056,2652
0.6042,0.4375,473,664,765,1906
0.6458,0.4375,488,653,757,1903
0.6875,0.4375,523,706,819,2054
0.7292,0.4375,609,731,826,2172
0.7708,0.4375,642,671,743,2057
0.8125,0.4375,848,822,889,2564
0.8542,0.4375,886,748,798,2426
0.8958,0.4375,827,632,663,2111
0.9375,0.4375,883,633,644,2147
0.9792,0.4375,1011,701,678,2377
0.0208,0.3958,971,731,650,2348
0.0625,0.3958,1014,861,706,2590
0.1042,0.3958,1137,1088,810,3066
0.1458,0.3958,1203,1281,885,3422
0.1875,0.3958,1020,1140,760,2960
0.2292,0.3958,902,1099,745,2790
0.2708,0.3958,876,1184,830,2938
0.3125,0.3958,669,948,684,2329
0.3542,0.3958,558,844,653,2077
0.3958,0.3958,561,862,723,2167
0.4375,0.3958,590,917,841,2370
0.4792,0.3958,573,915,913,2422
0.5208,0.3958,703,1134,1201,3073
0.5625,0.3958,641,945,1044,2680
0.6042,0.3958,475,651,729,1860
0.6458,0.3958,499,687,773,1967
0.6875,0.3958,549,720,815,2091
0.7292,0.3958,553,648,716,1918
0.7708,0.3958,661,703,761,2129
0.8125,0.3958,865,786,829,2480
0.8542,0.3958,823,673,720,2189
0.8958,0.3958,820,657,676,2146
0.9375,0.3958,900,695,688,2277
0.9792,0.3958,1022,760,723,2499
0.0208,0.3542,993,796,700,2489
0.0625,0.3542,1022,900,742,2676
0.1042,0.3542,1201,1267,934,3450
0.1458,0.3542,1036,1129,796,2999
0.1875,0.3542,972,1093,766,2866
0.2292,0.3542,782,1023,735,2577
0.2708,0.3542,750,1021,744,2548
0.3125,0.3542,455,641,506,1613
0.3542,0.3542,564,831,702,2118
0.3958,0.3542,500,728,672,1909
0.4375,0.3542,561,854,846,2277
0.4792,0.3542,555,830,865,2263
0.5208,0.3542,655,970,1021,2668
0.5625,0.3542,648,952,1005,2623
0.6042,0.3542,441,583,638,1664
0.6458,0.3542,546,703,778,2033
0.6875,0.3542,730,878,951,2574
0.7292,0.3542,662,702,747,2113
0.7708,0.3542,665,701,743,2112
0.8125,0.3542,766,742,776,2286
0.8542,0.3542,885,805,831,2523
0.8958,0.3542,831,699,704,2229
0.9375,0.3542,948,753,713,2411
0.9792,0.3542,1074,854,791,2721
0.0208,0.3125,1079,921,803,2813
0.0625,0.3125,1033,946,783,2780
0.1042,0.3125,1201,1229,945,3419
0.1458,0.3125,1016,1130,805,2990
0.1875,0.3125,995,1125,801,2959
0.2292,0.3125,891,1179,868,2986
0.2708,0.3125,713,971,742,2454
0.3125,0.3125,596,833,670,2120
0.3542,0.3125,692,1003,851,2576
0.3958,0.3125,650,934,827,2434
0.4375,0.3125,632,918,841,2412
0.4792,0.3125,708,1070,1042,2854
0.5208,0.3125,768,1173,1187,3164
0.5625,0.3125,736,1064,1090,2914
0.6042,0.3125,639,871,906,2429
0.6458,0.3125,634,838,886,2371
0.6875,0.3125,663,846,910,2435
0.7292,0.3125,749,895,950,2608
0.7708,0.3125,687,732,763,2187
0.8125,0.3125,801,798,820,2425
0.8542,0.3125,844,794,803,2445
0.8958,0.3125,875,775,767,2418
0.9375,0.3125,955,816,773,2547
0.9792,0.3125,1084,915,841,2848
0.0208,0.2708,1025,919,797,2755
0.0625,0.2708,1033,983,819,2855
0.1042,0.2708,1144,1186,940,3309
0.1458,0.2708,1040,1157,864,3100
0.1875,0.2708,1006,1177,875,3101
0.2292,0.2708,919,1157,882,2999
0.2708,0.2708,765,1022,808,2628
0.3125,0.2708,739,983,775,2527
0.3542,0.2708,696,967,811,2501
0.3958,0.2708,738,1044,905,2718
0.4375,0.2708,641,899,827,2387
0.4792,0.2708,674,980,949,2629
0.5208,0.2708,801,1202,1200,3243
0.5625,0.2708,752,1067,1081,2927
0.6042,0.2708,655,891,921,2484
0.6458,0.2708,643,845,885,2388
0.6875,0.2708,707,902,947,2573
0.7292,0.2708,835,1020,1055,2934
0.7708,0.2708,766,829,845,2450
0.8125,0.2708,933,972,983,2905
0.8542,0.2708,988,971,965,2938
0.8958,0.2708,936,899,866,2710
0.9375,0.2708,973,915,853,2754
0.9792,0.2708,1106,1048,946,3122
0.0208,0.2292,1113,1055,920,3110
0.0625,0.2292,984,965,816,2785
0.1042,0.2292,1188,1270,1017,3520
0.1458,0.2292,1048,1198,913,3201
0.1875,0.2292,956,1104,852,2948
0.2292,0.2292,1060,1330,1036,3482
0.2708,0.2292,830,1089,878,2830
0.3125,0.2292,732,982,817,2559
0.3542,0.2292,778,1074,893,2794
0.3958,0.2292,740,1008,875,2651
0.4375,0.2292,761,1056,964,2811
0.4792,0.2292,700,984,933,2642
0.5208,0.2292,808,1167,1139,3152
0.5625,0.2292,910,1322,1312,3592
0.6042,0.2292,813,1147,1144,3137
0.6458,0.2292,725,973,982,2701
0.6875,0.2292,784,1034,1051,2895
0.7292,0.2292,838,1066,1084,3014
0.7708,0.2292,807,954,958,2737
0.8125,0.2292,894,1002,997,2913
0.8542,0.2292,963,1022,1018,3023
0.8958,0.2292,984,992,972,2964
0.9375,0.2292,921,891,855,2678
0.9792,0.2292,1136,1079,975,3215
0.0208,0.1875,1005,993,870,2888
0.0625,0.1875,1157,1286,1058,3556
0.1042,0.1875,1163,1324,1066,3602
0.1458,0.1875,940,1075,852,2900
0.1875,0.1875,1001,1202,955,3203
0.2292,0.1875,1077,1365,1090,3590
0.2708,0.1875,808,1024,841,2703
0.3125,0.1875,757,1007,852,2648
0.3542,0.1875,877,1189,1032,3139
0.3958,0.1875,762,1019,923,2730
0.4375,0.1875,729,981,911,2645
0.4792,0.1875,755,1034,996,2811
0.5208,0.1875,825,1132,1112,3100
0.5625,0.1875,707,915,906,2547
0.6042,0.1875,712,910,913,2553
0.6458,0.1875,785,1013,1014,2836
0.6875,0.1875,875,1047,1034,2980
0.7292,0.1875,876,998,984,2877
0.7708,0.1875,804,902,888,2608
0.8125,0.1875,878,941,919,2755
0.8542,0.1875,849,847,803,2509
0.8958,0.1875,890,882,815,2599
0.9375,0.1875,1003,993,906,2922
0.9792,0.1875,1128,1129,1024,3312
0.0208,0.1458,,,,
0.0625,0.1458,,,,
0.1042,0.1458,,,,
0.1458,0.1458,,,,
0.1875,0.1458,,,,
0.2292,0.1458,,,,
0.2708,0.1458,,,,
0.3125,0.1458,,,,
0.3542,0.1458,,,,
0.3958,0.1458,,,,
0.4375,0.1458,,,,
0.4792,0.1458,,,,
0.5208,0.1458,,,,
0.5625,0.1458,,,,
0.6042,0.1458,,,,
0.6458,0.1458,,,,
0.6875,0.1458,,,,
0.7292,0.1458,,,,
0.7708,0.1458,,,,
0.8125,0.1458,,,,
0.8542,0.1458,,,,
0.8958,0.1458,,,,
0.9375,0.1458,,,,
0.9792,0.1458,,,,
0.0208,0.1042,,,,
0.0625,0.1042,,,,
0.1042,0.1042,,,,
0.1458,0.1042,,,,
0.1875,0.1042,,,,
0.2292,0.1042,,,,
0.2708,0.1042,,,,
0.3125,0.1042,,,,
0.3542,0.1042,,,,
0.3958,0.1042,,,,
0.4375,0.1042,,,,
0.4792,0.1042,,,,
0.5208,0.1042,,,,
0.5625,0.1042,,,,
0.6042,0.1042,,,,
0.6458,0.1042,,,,
0.6875,0.1042,,,,
0.7292,0.1042,,,,
0.7708,0.1042,,,,
0.8125,0.1042,,,,
0.8542,0.1042,,,,
0.8958,0.1042,,,,
0.9375,0.1042,,,,
0.9792,0.1042,,,,
0.0208,0.0625,,,,
0.0625,0.0625,,,,
0.1042,0.0625,,,,
0.1458,0.0625,,,,
0.1875,0.0625,,,,
0.2292,0.0625,,,,
0.2708,0.0625,,,,
0.3125,0.0625,,,,
0.3542,0.0625,,,,
0.3958,0.0625,,,,
0.4375,0.0625,,,,
0.4792,0.0625,,,,
0.5208,0.0625,,,,
0.5625,0.0625,,,,
0.6042,0.0625,,,,
0.6458,0.0625,,,,
0.6875,0.0625,,,,
0.7292,0.0625,,,,
0.7708,0.0625,,,,
0.8125,0.0625,,,,
0.8542,0.0625,,,,
0.8958,0.0625,,,,
0.9375,0.0625,,,,
0.9792,0.0625,,,,
0.0208,0.0208,,,,
0.0625,0.0208,,,,
0.1042,0.0208,,,,
0.1458,0.0208,,,,
0.1875,0.0208,,,,
0.2292,0.0208,,,,
0.2708,0.0208,,,,
0.3125,0.0208,,,,
0.3542,0.0208,,,,
0.3958,0.0208,,,,
0.4375,0.0208,,,,
0.4792,0.0208,,,,
0.5208,0.0208,,,,
0.5625,0.0208,,,,
0.6042,0.0208,,,,
0.6458,0.0208,,,,
0.6875,0.0208,,,,
0.7292,0.0208,,,,
0.7708,0.0208,,,,
0.8125,0.0208,,,,
0.8542,0.0208,,,,
0.8958,0.0208,,,,
0.9375,0.0208,,,,
0.9792,0.0208,,,,