Time(s),radius001,radius01,radius02,radius03,radius04
0.000000,0.035933,0.473894,0.196404,0.244775,0.469698
1.000000,0.035933,0.473894,0.196404,0.244775,0.469698
2.000000,0.037894,0.480856,0.195777,0.244905,0.468571
3.000000,0.050585,0.495824,0.195328,0.245589,0.464064
4.000000,0.059250,0.512809,0.195848,0.246619,0.460699
5.000000,0.073540,0.524935,0.197643,0.247887,0.457512
6.000000,0.077985,0.538759,0.200743,0.247722,0.451640
7.000000,0.077270,0.547103,0.205258,0.244918,0.446603
8.000000,0.078795,0.538790,0.209636,0.243001,0.440665
9.000000,0.083006,0.530752,0.213172,0.241643,0.436801
10.000000,0.087397,0.524816,0.218512,0.241499,0.431489
11.000000,0.092391,0.521854,0.222372,0.244958,0.427365
12.000000,0.097968,0.518890,0.227173,0.250886,0.423554
13.000000,0.104325,0.517654,0.231468,0.258389,0.420315
14.000000,0.110742,0.515931,0.235989,0.265416,0.416965
15.000000,0.119307,0.514550,0.240302,0.273335,0.413647
16.000000,0.130243,0.509306,0.245880,0.283869,0.409433
17.000000,0.137431,0.505891,0.248763,0.291391,0.406919
18.000000,0.146898,0.500748,0.252249,0.301775,0.403552
19.000000,0.158364,0.494579,0.255300,0.312703,0.401524
20.000000,0.167456,0.488419,0.257980,0.324291,0.399048
21.000000,0.177675,0.481664,0.260052,0.336094,0.397659
22.000000,0.187187,0.474555,0.261545,0.348141,0.396094
23.000000,0.196723,0.468721,0.258653,0.360681,0.394506
24.000000,0.206299,0.463705,0.257785,0.373004,0.392974
25.000000,0.215019,0.460441,0.256407,0.385848,0.392066
26.000000,0.222131,0.457437,0.253448,0.398981,0.391291
27.000000,0.228485,0.453550,0.250724,0.412382,0.391101
28.000000,0.229558,0.448469,0.247141,0.425843,0.391671
29.000000,0.218650,0.446582,0.244719,0.439577,0.392132
30.000000,0.210733,0.448228,0.243006,0.453019,0.394240
31.000000,0.204097,0.450558,0.244418,0.466757,0.396300
32.000000,0.197748,0.450451,0.247821,0.480515,0.398089
33.000000,0.191399,0.447056,0.253547,0.494360,0.399447
34.000000,0.186133,0.436122,0.259019,0.506416,0.401603
35.000000,0.181640,0.429077,0.265204,0.515200,0.403282
36.000000,0.178400,0.425242,0.272021,0.528993,0.405330
37.000000,0.176592,0.421955,0.279739,0.543240,0.408236
38.000000,0.175894,0.419736,0.287993,0.557609,0.410886
39.000000,0.177103,0.414338,0.297200,0.571557,0.413079
40.000000,0.180157,0.408188,0.306898,0.584081,0.416306
41.000000,0.183722,0.402612,0.317479,0.596246,0.419711
42.000000,0.189243,0.396564,0.327775,0.607379,0.424208
43.000000,0.196746,0.390948,0.339007,0.618257,0.428543
44.000000,0.205262,0.384727,0.350811,0.628027,0.432628
45.000000,0.214025,0.378177,0.363381,0.639997,0.436560
46.000000,0.223394,0.371554,0.375867,0.652249,0.440184
47.000000,0.234203,0.366017,0.387965,0.657448,0.444237
48.000000,0.246104,0.358758,0.400686,0.644677,0.449121
49.000000,0.257478,0.350674,0.412634,0.646632,0.452747
50.000000,0.270488,0.343391,0.425186,0.654908,0.456179
51.000000,0.283526,0.336636,0.437886,0.668635,0.459644
52.000000,0.296413,0.330601,0.450574,0.680517,0.458115
53.000000,0.309205,0.325319,0.463556,0.692487,0.455267
54.000000,0.322483,0.319846,0.476732,0.702529,0.447665
55.000000,0.336317,0.313969,0.490550,0.705169,0.439855
56.000000,0.350584,0.308741,0.504205,0.690795,0.432832
57.000000,0.364712,0.304238,0.517460,0.678953,0.425907
58.000000,0.379051,0.299518,0.530889,0.666644,0.418043
59.000000,0.393169,0.295233,0.543734,0.654088,0.409283
60.000000,0.407307,0.291380,0.556622,0.649135,0.400141
61.000000,0.417090,0.287886,0.569900,0.663003,0.391755
62.000000,0.412436,0.284431,0.583437,0.676193,0.382950
63.000000,0.410863,0.281328,0.597052,0.681105,0.373416
64.000000,0.410212,0.279147,0.610187,0.668210,0.362297
65.000000,0.409640,0.277124,0.623622,0.657698,0.354499
66.000000,0.410569,0.275059,0.637491,0.656153,0.345326
67.000000,0.411450,0.273364,0.650845,0.666579,0.334979
68.000000,0.412582,0.272152,0.663870,0.664718,0.322326
69.000000,0.414760,0.270936,0.676866,0.653590,0.307150
70.000000,0.417889,0.271006,0.690224,0.644657,0.296649
71.000000,0.420390,0.270881,0.700751,0.634415,0.288203
72.000000,0.424232,0.271767,0.699247,0.623307,0.280916
73.000000,0.431113,0.272179,0.686190,0.617209,0.272210
74.000000,0.435768,0.272798,0.667870,0.614506,0.262618
75.000000,0.438184,0.273553,0.650075,0.605917,0.252020
76.000000,0.441539,0.275039,0.652506,0.598168,0.244196
77.000000,0.439005,0.275509,0.668844,0.593964,0.238980
78.000000,0.438081,0.276577,0.682590,0.592215,0.234438
79.000000,0.438592,0.279037,0.691454,0.587222,0.231395
80.000000,0.440519,0.280878,0.687698,0.581928,0.230474
81.000000,0.440051,0.282144,0.670184,0.579676,0.229120
82.000000,0.439360,0.282931,0.666062,0.576842,0.229791
83.000000,0.432925,0.284132,0.680395,0.572153,0.231203
84.000000,0.420473,0.285325,0.679007,0.565853,0.233935
85.000000,0.412196,0.281510,0.667680,0.558891,0.236438
86.000000,0.406985,0.273137,0.663777,0.551979,0.241017
87.000000,0.399733,0.262776,0.670693,0.544415,0.245670
88.000000,0.392568,0.247008,0.663134,0.537142,0.250264
89.000000,0.386141,0.233066,0.654786,0.530497,0.255595
90.000000,0.378600,0.221945,0.648782,0.523028,0.260754
91.000000,0.369330,0.213535,0.636729,0.515170,0.265696
92.000000,0.362119,0.207054,0.634514,0.508580,0.271000
93.000000,0.355706,0.200290,0.635835,0.502489,0.276178
94.000000,0.350358,0.193738,0.633648,0.496721,0.281155
95.000000,0.345004,0.190099,0.626376,0.490111,0.285010
96.000000,0.336910,0.188526,0.616614,0.484138,0.288586
97.000000,0.329170,0.187923,0.607497,0.479422,0.294145
98.000000,0.320420,0.189244,0.602026,0.473385,0.298535
99.000000,0.313492,0.191925,0.599770,0.469295,0.301821
100.000000,0.307691,0.195107,0.592950,0.466242,0.304818
101.000000,0.302049,0.199344,0.587233,0.462128,0.307858
102.000000,0.295393,0.203144,0.581549,0.455436,0.310572
103.000000,0.290108,0.208172,0.576750,0.448889,0.313314
104.000000,0.285174,0.211810,0.572319,0.446482,0.315825
105.000000,0.280135,0.215192,0.567859,0.446805,0.317395
106.000000,0.275615,0.218176,0.563312,0.444892,0.317792
107.000000,0.271491,0.220616,0.557630,0.441898,0.317736
108.000000,0.267696,0.224480,0.550781,0.438896,0.318724
109.000000,0.264009,0.228406,0.543392,0.436151,0.321440
110.000000,0.259727,0.231589,0.537300,0.432333,0.323305
111.000000,0.254884,0.234167,0.528920,0.428921,0.327092
112.000000,0.250872,0.237250,0.521621,0.425261,0.330897
113.000000,0.247592,0.239331,0.514287,0.421355,0.335081
114.000000,0.244538,0.238425,0.506352,0.417699,0.339067
115.000000,0.240902,0.232080,0.499710,0.412957,0.343278
116.000000,0.239781,0.226615,0.492419,0.409693,0.348926
117.000000,0.239839,0.222781,0.483987,0.405433,0.354256
118.000000,0.239628,0.218967,0.475111,0.401190,0.360717
119.000000,0.238843,0.216278,0.467559,0.397640,0.366972
120.000000,0.239140,0.212405,0.459155,0.393844,0.374665
121.000000,0.238956,0.209229,0.452812,0.390487,0.383231
122.000000,0.239368,0.206983,0.448973,0.387459,0.391798
123.000000,0.240232,0.205237,0.444709,0.384271,0.401122
124.000000,0.241946,0.203778,0.446962,0.381543,0.410293
125.000000,0.243461,0.204373,0.445871,0.379581,0.420773
126.000000,0.245170,0.205742,0.447206,0.376774,0.431639
127.000000,0.246056,0.209440,0.446264,0.374839,0.442144
128.000000,0.245781,0.214322,0.440853,0.372845,0.453209
129.000000,0.243890,0.221680,0.439421,0.371100,0.464652
130.000000,0.241440,0.229076,0.437352,0.369225,0.476455
131.000000,0.237208,0.237845,0.433763,0.367608,0.488544
132.000000,0.230053,0.246199,0.430319,0.366538,0.500761
133.000000,0.221594,0.256224,0.426740,0.365899,0.512650
134.000000,0.212534,0.266866,0.422583,0.366030,0.524760
135.000000,0.203849,0.277241,0.416507,0.366366,0.537569
136.000000,0.194348,0.286424,0.410769,0.367794,0.549966
137.000000,0.187213,0.297994,0.407180,0.369105,0.562418
138.000000,0.183473,0.309849,0.401891,0.370754,0.575074
139.000000,0.181718,0.322786,0.395914,0.372054,0.587641
140.000000,0.181139,0.335481,0.391908,0.373581,0.600423
141.000000,0.181568,0.348526,0.386937,0.375340,0.613244
142.000000,0.183435,0.361973,0.380117,0.377336,0.626610
143.000000,0.186441,0.375331,0.375265,0.379664,0.639879
144.000000,0.189177,0.388596,0.370034,0.381603,0.652676
145.000000,0.192166,0.401698,0.364482,0.382953,0.666545
146.000000,0.195378,0.415434,0.358922,0.385941,0.679127
147.000000,0.197516,0.428946,0.355020,0.389019,0.692029
148.000000,0.200565,0.442440,0.351433,0.391855,0.704140
149.000000,0.204361,0.456345,0.346965,0.395801,0.714828
150.000000,0.209067,0.469643,0.344155,0.398880,0.720528
151.000000,0.213489,0.482887,0.339342,0.402718,0.717980
152.000000,0.219071,0.496435,0.335741,0.405956,0.717712
153.000000,0.222571,0.510524,0.332484,0.406404,0.723855
154.000000,0.227410,0.523710,0.329462,0.406522,0.727716
155.000000,0.229501,0.537611,0.327016,0.406706,0.716059
156.000000,0.226630,0.551219,0.324997,0.405616,0.709316
157.000000,0.214045,0.565053,0.323333,0.403233,0.724173
158.000000,0.208069,0.578271,0.322189,0.399458,0.738224
159.000000,0.201569,0.593288,0.321660,0.393994,0.742430
160.000000,0.195381,0.602911,0.320468,0.385467,0.727795
161.000000,0.188950,0.615033,0.320267,0.377770,0.723523
162.000000,0.183453,0.626271,0.320819,0.369849,0.746142
163.000000,0.178655,0.637754,0.322283,0.361392,0.760205
164.000000,0.175071,0.646192,0.324101,0.348653,0.745340
165.000000,0.171957,0.652917,0.326171,0.334363,0.729318
166.000000,0.169832,0.648143,0.328474,0.319686,0.716379
167.000000,0.169079,0.636114,0.332087,0.303961,0.710469
168.000000,0.169662,0.626289,0.334352,0.292850,0.724785
169.000000,0.172298,0.616586,0.337077,0.282551,0.739800
170.000000,0.177532,0.607037,0.340858,0.277165,0.745057
171.000000,0.182575,0.599133,0.343537,0.273296,0.731523
172.000000,0.191393,0.592891,0.347937,0.265834,0.723556
173.000000,0.201868,0.586961,0.350124,0.255553,0.713154
174.000000,0.210935,0.583271,0.352528,0.242231,0.703054
175.000000,0.218361,0.579380,0.354135,0.233389,0.690681
176.000000,0.227351,0.573145,0.354685,0.223138,0.671683
177.000000,0.232635,0.567275,0.354028,0.218012,0.668984
178.000000,0.243481,0.560650,0.352394,0.213520,0.684654
179.000000,0.255535,0.552644,0.349919,0.212228,0.697669
180.000000,0.265539,0.544625,0.344881,0.209509,0.709955
181.000000,0.274208,0.536543,0.338923,0.209853,0.713015
182.000000,0.284752,0.528211,0.333293,0.211972,0.703800
183.000000,0.298986,0.518766,0.326182,0.215453,0.707606
184.000000,0.312564,0.509257,0.316211,0.219662,0.695544
185.000000,0.326240,0.501503,0.302662,0.224624,0.686183
186.000000,0.339712,0.493304,0.288922,0.229088,0.681942
187.000000,0.353650,0.485522,0.274688,0.235564,0.676310
188.000000,0.367554,0.479175,0.260594,0.240488,0.680474
189.000000,0.381456,0.470978,0.250341,0.244967,0.694008
190.000000,0.395885,0.464444,0.238911,0.248506,0.700485
191.000000,0.410213,0.459500,0.228581,0.253243,0.688122
192.000000,0.418708,0.455815,0.219226,0.256515,0.680622
193.000000,0.413912,0.450988,0.213530,0.259592,0.673185
194.000000,0.411514,0.449435,0.207009,0.260720,0.668196
195.000000,0.410995,0.451417,0.200567,0.262951,0.676019
196.000000,0.410692,0.451623,0.195117,0.265611,0.670047
197.000000,0.412232,0.453718,0.192276,0.267064,0.683170
198.000000,0.413874,0.454493,0.191533,0.268942,0.694995
199.000000,0.416243,0.447493,0.192896,0.270837,0.700107
200.000000,0.418085,0.437262,0.193647,0.272557,0.690078
201.000000,0.419037,0.433207,0.196154,0.273741,0.681261
202.000000,0.421609,0.428886,0.199879,0.273270,0.674276
203.000000,0.425401,0.425125,0.204354,0.273738,0.666382
204.000000,0.430323,0.419852,0.208807,0.273891,0.657798
205.000000,0.435840,0.413527,0.212628,0.270670,0.655728
206.000000,0.440071,0.407583,0.217710,0.271969,0.671280
207.000000,0.442849,0.400124,0.222107,0.270136,0.678295
208.000000,0.438303,0.393482,0.226612,0.269091,0.670421
209.000000,0.432508,0.387609,0.229921,0.270107,0.663284
210.000000,0.427554,0.379326,0.233155,0.274531,0.656602
211.000000,0.431672,0.372263,0.235428,0.280946,0.651428
212.000000,0.431625,0.365563,0.238518,0.286586,0.643628
213.000000,0.429525,0.359223,0.242239,0.293686,0.636048
214.000000,0.427714,0.351674,0.244851,0.301914,0.628005
215.000000,0.424108,0.343628,0.246951,0.311212,0.621433
216.000000,0.411361,0.336915,0.247789,0.321021,0.615847
217.000000,0.401059,0.330140,0.249395,0.331443,0.609771
218.000000,0.396613,0.324603,0.244882,0.342551,0.604984
219.000000,0.388103,0.319768,0.239695,0.353329,0.601342
220.000000,0.383560,0.315153,0.235506,0.364284,0.597655
221.000000,0.378881,0.309797,0.231345,0.376238,0.593733
222.000000,0.372883,0.305454,0.228421,0.388189,0.587693
223.000000,0.366623,0.302316,0.228373,0.400708,0.580457
224.000000,0.360641,0.298931,0.231549,0.414106,0.570836
225.000000,0.354215,0.295086,0.234417,0.427084,0.562559
226.000000,0.347691,0.290556,0.237619,0.440141,0.555060
227.000000,0.340084,0.286939,0.242250,0.453118,0.548216
228.000000,0.332529,0.284030,0.247585,0.466263,0.541825
229.000000,0.323137,0.282803,0.254292,0.479138,0.532760
230.000000,0.316970,0.281958,0.261979,0.492304,0.524901
231.000000,0.310302,0.281187,0.270863,0.506018,0.516994
232.000000,0.303252,0.279579,0.279804,0.519698,0.508053
233.000000,0.297424,0.279106,0.289365,0.532504,0.500148
234.000000,0.291890,0.278570,0.300158,0.541874,0.491979
235.000000,0.285793,0.277583,0.311181,0.549830,0.484417
236.000000,0.280513,0.277452,0.322296,0.556958,0.475860
237.000000,0.277020,0.278046,0.333786,0.566505,0.468310
238.000000,0.272464,0.279839,0.346097,0.578229,0.461819
239.000000,0.268086,0.282782,0.358185,0.591239,0.457447
240.000000,0.263472,0.285054,0.370361,0.604522,0.454259
241.000000,0.259176,0.286994,0.383435,0.618088,0.452425
242.000000,0.255147,0.286561,0.396155,0.631301,0.453717
243.000000,0.250386,0.287477,0.409022,0.640444,0.450204
244.000000,0.246783,0.287174,0.421799,0.649546,0.445455
245.000000,0.243057,0.287411,0.434821,0.663339,0.445587
246.000000,0.239462,0.288421,0.447905,0.678291,0.443920
247.000000,0.236963,0.292046,0.461149,0.691890,0.439507
248.000000,0.234992,0.294695,0.474310,0.706132,0.436486
249.000000,0.233833,0.290854,0.485624,0.720019,0.432503
250.000000,0.233989,0.287203,0.493117,0.730467,0.426559
251.000000,0.234146,0.281533,0.505916,0.733334,0.421687
252.000000,0.234670,0.272617,0.519707,0.739660,0.417504
253.000000,0.236044,0.262645,0.533764,0.724920,0.414034
254.000000,0.237643,0.251668,0.547033,0.711922,0.410452
255.000000,0.238500,0.239927,0.561091,0.700711,0.407097
256.000000,0.241227,0.230545,0.574448,0.690645,0.402988
257.000000,0.246625,0.223425,0.587955,0.688397,0.399222
258.000000,0.245681,0.216217,0.601291,0.700501,0.395382
259.000000,0.243461,0.210235,0.614722,0.692527,0.390531
260.000000,0.242433,0.203681,0.628158,0.682606,0.386413
261.000000,0.241432,0.199544,0.641725,0.674917,0.382474
262.000000,0.237906,0.197876,0.655346,0.690907,0.378887
263.000000,0.230913,0.197376,0.669120,0.700004,0.375909
264.000000,0.221760,0.198310,0.682848,0.697357,0.373204
265.000000,0.214536,0.199618,0.696216,0.710457,0.370792
266.000000,0.206264,0.203397,0.704065,0.730385,0.368842
267.000000,0.196731,0.207823,0.696190,0.735299,0.366728
268.000000,0.187920,0.211834,0.711268,0.727373,0.365177
269.000000,0.182680,0.215473,0.719173,0.715726,0.364777
270.000000,0.180270,0.218946,0.708332,0.705406,0.364390
271.000000,0.179017,0.222187,0.696247,0.695441,0.364833
272.000000,0.177601,0.224664,0.686588,0.685321,0.365418
273.000000,0.179148,0.227145,0.681957,0.682158,0.366891
274.000000,0.181245,0.228932,0.695858,0.692398,0.368273
275.000000,0.184070,0.229712,0.709157,0.681116,0.370669
276.000000,0.187793,0.232467,0.719133,0.670669,0.372425
277.000000,0.191049,0.235313,0.706638,0.660908,0.374689
278.000000,0.194077,0.236953,0.695067,0.652715,0.376898
279.000000,0.197913,0.236621,0.685459,0.643582,0.380055
280.000000,0.202388,0.231446,0.676886,0.635249,0.383081
281.000000,0.206883,0.225212,0.668008,0.628450,0.385296
282.000000,0.211208,0.217015,0.663650,0.621547,0.389091
283.000000,0.215807,0.210815,0.674404,0.615715,0.392334
284.000000,0.220648,0.205011,0.667258,0.610915,0.396054
285.000000,0.224967,0.198832,0.655135,0.604738,0.399595
286.000000,0.227117,0.193372,0.637525,0.597858,0.404328
287.000000,0.229795,0.188885,0.640367,0.592434,0.409277
288.000000,0.229371,0.185413,0.633145,0.587395,0.413891
289.000000,0.219282,0.182960,0.640696,0.582733,0.418728
290.000000,0.213590,0.182068,0.644830,0.575479,0.423661
291.000000,0.207938,0.181469,0.647123,0.567796,0.427514
292.000000,0.201592,0.183010,0.648892,0.560372,0.429818
293.000000,0.194980,0.186773,0.637032,0.553504,0.431288
294.000000,0.189918,0.190906,0.624083,0.545489,0.432928
295.000000,0.186121,0.196214,0.616312,0.537371,0.433099
296.000000,0.183220,0.205446,0.605209,0.529402,0.434505
297.000000,0.181357,0.215187,0.597491,0.521869,0.433639
298.000000,0.181192,0.224998,0.592390,0.514828,0.431383
299.000000,0.183833,0.235607,0.586393,0.507398,0.425299
300.000000,0.188175,0.246539,0.580107,0.500748,0.417748
301.000000,0.195094,0.256606,0.574895,0.494254,0.410046
302.000000,0.201793,0.261615,0.569717,0.488246,0.400516
303.000000,0.209648,0.266949,0.564869,0.482606,0.390607
304.000000,0.218907,0.271500,0.559108,0.477734,0.379988
305.000000,0.228069,0.275932,0.553398,0.472668,0.369596
306.000000,0.238199,0.282700,0.547942,0.467342,0.361110
307.000000,0.249650,0.287959,0.540783,0.460418,0.351255
308.000000,0.260697,0.294031,0.534478,0.457625,0.342908
309.000000,0.272615,0.306512,0.529322,0.458874,0.332152
310.000000,0.284912,0.319871,0.523452,0.459857,0.319152
311.000000,0.296904,0.332017,0.516673,0.457332,0.304910
312.000000,0.309535,0.344508,0.509586,0.455333,0.293483
313.000000,0.322437,0.358390,0.503172,0.451459,0.273889
314.000000,0.336041,0.372091,0.495354,0.447586,0.249283
315.000000,0.348858,0.385819,0.486066,0.444074,0.241490
316.000000,0.362909,0.399289,0.476738,0.440953,0.236392
317.000000,0.376698,0.410600,0.470009,0.438352,0.232452
318.000000,0.390649,0.416264,0.464495,0.435647,0.229557
319.000000,0.404794,0.427658,0.458244,0.432110,0.226731
320.000000,0.418899,0.441887,0.454201,0.427723,0.223862
321.000000,0.427593,0.456043,0.450938,0.424331,0.222932
322.000000,0.422807,0.469646,0.450057,0.420674,0.222923
323.000000,0.421151,0.483855,0.452185,0.416819,0.223534
324.000000,0.421283,0.494560,0.450156,0.412419,0.224556
325.000000,0.420968,0.501185,0.442007,0.408786,0.226454
326.000000,0.422198,0.513271,0.434383,0.405655,0.229242
327.000000,0.422925,0.527737,0.427801,0.402478,0.233741
328.000000,0.421904,0.539375,0.426373,0.399407,0.238412
329.000000,0.422498,0.544842,0.425149,0.396587,0.243652
330.000000,0.423758,0.558445,0.421977,0.393535,0.249440
331.000000,0.424265,0.572607,0.417305,0.390952,0.254955
332.000000,0.423822,0.586403,0.412794,0.388432,0.260359
333.000000,0.424979,0.599811,0.408604,0.386632,0.265424
334.000000,0.430021,0.613115,0.402796,0.384998,0.271412
335.000000,0.434925,0.625561,0.398032,0.383572,0.277307
336.000000,0.437062,0.638288,0.393748,0.382692,0.283070
337.000000,0.434367,0.644490,0.388902,0.382458,0.286427
338.000000,0.435146,0.639940,0.383302,0.383204,0.288495
339.000000,0.439428,0.631954,0.376920,0.384221,0.293760
340.000000,0.439742,0.621592,0.370313,0.384560,0.297792
341.000000,0.439401,0.611484,0.364358,0.385791,0.301840
342.000000,0.439166,0.601975,0.358776,0.387639,0.305741
343.000000,0.434532,0.592268,0.353528,0.388735,0.307941
344.000000,0.424266,0.584681,0.349328,0.389842,0.309725
345.000000,0.415790,0.577128,0.344528,0.390655,0.313361
346.000000,0.408037,0.569827,0.340210,0.392038,0.315568
347.000000,0.402912,0.564104,0.336627,0.393657,0.316826
348.000000,0.395771,0.559071,0.332621,0.395615,0.318287
349.000000,0.389189,0.553315,0.329281,0.398165,0.319087
350.000000,0.380807,0.547480,0.326337,0.400309,0.321052
351.000000,0.372351,0.541633,0.323562,0.402962,0.323779
352.000000,0.368411,0.536251,0.321475,0.405928,0.327363
353.000000,0.363566,0.530342,0.319435,0.408957,0.330888
354.000000,0.357389,0.523331,0.317657,0.412403,0.336681
355.000000,0.350562,0.515677,0.316417,0.416116,0.340808
356.000000,0.342250,0.508828,0.316163,0.418611,0.345862
357.000000,0.334625,0.500366,0.315957,0.420854,0.350786
358.000000,0.326863,0.490996,0.315200,0.422754,0.355673
359.000000,0.319074,0.483538,0.315655,0.423279,0.362306
360.000000,0.314442,0.475668,0.315734,0.423407,0.368473
361.000000,0.308434,0.468326,0.317493,0.423241,0.376081
362.000000,0.301321,0.460969,0.319381,0.421938,0.384108
363.000000,0.295096,0.454905,0.321935,0.417273,0.392925
364.000000,0.288549,0.449800,0.325423,0.414279,0.402043
365.000000,0.282542,0.444588,0.328237,0.411254,0.411203
366.000000,0.277682,0.440492,0.329272,0.401260,0.421514
367.000000,0.273687,0.440111,0.330369,0.392012,0.431619
368.000000,0.269592,0.441793,0.332282,0.382424,0.442076
369.000000,0.265454,0.443954,0.338465,0.373378,0.453279
370.000000,0.260675,0.445023,0.340915,0.363046,0.464071
371.000000,0.255409,0.439240,0.344073,0.353699,0.475009
372.000000,0.251305,0.429542,0.347941,0.339079,0.486581
373.000000,0.247112,0.422762,0.349968,0.323686,0.498171
374.000000,0.244108,0.418418,0.347719,0.307483,0.510372
375.000000,0.241141,0.415393,0.345857,0.293363,0.522193
376.000000,0.239510,0.409018,0.340252,0.281181,0.534553
377.000000,0.238500,0.404094,0.336295,0.276748,0.546944
378.000000,0.237958,0.398738,0.332445,0.271419,0.558906
379.000000,0.238422,0.391376,0.325742,0.258344,0.571457
380.000000,0.239248,0.385561,0.318268,0.239075,0.583898
381.000000,0.239267,0.379290,0.312410,0.227505,0.596349
382.000000,0.239982,0.373691,0.300904,0.222221,0.608835
383.000000,0.240705,0.366559,0.288242,0.218787,0.621935
384.000000,0.241270,0.359547,0.278927,0.216054,0.634913
385.000000,0.243092,0.352127,0.270729,0.214288,0.648005
386.000000,0.244835,0.344507,0.257242,0.209909,0.661253
387.000000,0.246174,0.336285,0.245983,0.207474,0.674582
388.000000,0.249442,0.330729,0.234766,0.208172,0.687697
389.000000,0.248524,0.325250,0.229948,0.209082,0.699809
390.000000,0.245344,0.320087,0.221973,0.211764,0.711704
391.000000,0.242191,0.314474,0.212729,0.215064,0.721043
392.000000,0.235308,0.309716,0.207161,0.219211,0.723048
393.000000,0.226712,0.303813,0.207478,0.224069,0.717114
394.000000,0.218450,0.298882,0.204065,0.229717,0.723830
395.000000,0.211370,0.295311,0.202111,0.235737,0.727250
396.000000,0.203250,0.291611,0.200894,0.241735,0.723925
397.000000,0.192660,0.287902,0.201588,0.246633,0.715911
398.000000,0.185932,0.284279,0.202900,0.250498,0.719641
399.000000,0.181209,0.281543,0.205525,0.254955,0.712916
400.000000,0.179530,0.279752,0.208839,0.257763,0.719792
401.000000,0.178365,0.277763,0.213533,0.261679,0.706213
402.000000,0.178911,0.275974,0.217979,0.266346,0.694625
403.000000,0.180596,0.274005,0.222480,0.268847,0.687154
404.000000,0.182699,0.272035,0.226914,0.271294,0.700732
405.000000,0.185808,0.270890,0.231356,0.273652,0.716709
406.000000,0.189616,0.270436,0.235080,0.276095,0.724595
407.000000,0.193310,0.271435,0.236892,0.278605,0.716872
408.000000,0.195894,0.272529,0.239505,0.280585,0.702149
409.000000,0.200682,0.274365,0.241794,0.281874,0.689172
410.000000,0.208384,0.275956,0.243741,0.282743,0.673144
411.000000,0.212791,0.276553,0.247126,0.283724,0.670898
412.000000,0.217306,0.276778,0.250871,0.285577,0.686299
413.000000,0.221767,0.278550,0.254012,0.288622,0.696653
414.000000,0.225857,0.280707,0.254652,0.291892,0.699842
415.000000,0.227659,0.282389,0.252924,0.292457,0.710107
416.000000,0.230914,0.283420,0.250632,0.294850,0.704081
417.000000,0.235102,0.283918,0.247861,0.298406,0.705439
418.000000,0.238689,0.282092,0.244149,0.301224,0.693080
419.000000,0.241602,0.280865,0.240667,0.306579,0.684087
420.000000,0.241080,0.281263,0.237761,0.312877,0.677559
421.000000,0.233045,0.280519,0.236260,0.319870,0.673823
422.000000,0.227106,0.277704,0.237034,0.327142,0.673806
423.000000,0.223573,0.272372,0.240822,0.335825,0.683285
424.000000,0.223398,0.264031,0.245262,0.345504,0.689459
425.000000,0.222919,0.252826,0.249119,0.355799,0.679993
426.000000,0.223133,0.242528,0.254236,0.367046,0.674218
427.000000,0.224613,0.233541,0.260127,0.377368,0.669142
428.000000,0.226786,0.225492,0.267764,0.388587,0.660797
429.000000,0.230779,0.216966,0.276696,0.401510,0.653256
430.000000,0.235854,0.209556,0.286082,0.412504,0.645441
431.000000,0.241328,0.203337,0.296496,0.424676,0.638743
432.000000,0.247794,0.198313,0.306374,0.437319,0.631798
433.000000,0.255196,0.196011,0.317361,0.451427,0.624196
434.000000,0.263878,0.194992,0.328899,0.463419,0.616732
435.000000,0.274199,0.195002,0.340483,0.475797,0.609278
436.000000,0.284288,0.196532,0.352098,0.488726,0.602565
437.000000,0.294969,0.199044,0.363937,0.501522,0.597944
438.000000,0.306607,0.203048,0.376118,0.514833,0.593869
439.000000,0.318306,0.206828,0.388349,0.527541,0.590039
440.000000,0.328948,0.211725,0.400544,0.539995,0.586285
441.000000,0.342390,0.218256,0.413051,0.551433,0.582588
442.000000,0.354864,0.221230,0.425687,0.559024,0.577462
443.000000,0.368061,0.224416,0.438206,0.563423,0.571817
444.000000,0.380910,0.227253,0.451309,0.561890,0.567426
445.000000,0.393096,0.230088,0.464682,0.554097,0.561647
446.000000,0.405953,0.233610,0.478000,0.549523,0.555142
447.000000,0.419146,0.235974,0.491448,0.546807,0.546725
448.000000,0.432653,0.237935,0.504701,0.547633,0.538803
449.000000,0.444552,0.239952,0.517941,0.547141,0.530845
450.000000,0.459587,0.241634,0.531071,0.534796,0.522648
451.000000,0.473293,0.240439,0.544007,0.521261,0.516094
452.000000,0.486970,0.235371,0.554921,0.516658,0.509082
453.000000,0.500448,0.229417,0.566137,0.535084,0.500581
454.000000,0.513749,0.223140,0.576444,0.551436,0.491247
455.000000,0.526122,0.217447,0.587269,0.565508,0.483140
456.000000,0.541253,0.211909,0.597580,0.580145,0.474396
457.000000,0.553808,0.207134,0.606000,0.595460,0.465890
458.000000,0.567896,0.203080,0.612554,0.609662,0.459783
459.000000,0.580170,0.199358,0.626034,0.623818,0.455485
460.000000,0.593637,0.196854,0.640907,0.638376,0.454624
461.000000,0.605243,0.195139,0.655309,0.652529,0.449498
462.000000,0.612933,0.194127,0.669046,0.667432,0.449609
463.000000,0.610196,0.194486,0.680765,0.679723,0.443618
464.000000,0.598078,0.196387,0.684851,0.686622,0.437259
465.000000,0.588829,0.200261,0.689689,0.698165,0.432964
466.000000,0.578237,0.206877,0.676885,0.690810,0.433890
467.000000,0.569680,0.214955,0.663092,0.680138,0.429409
468.000000,0.561458,0.222463,0.650067,0.670363,0.424915
469.000000,0.553923,0.227767,0.640084,0.659929,0.421145
470.000000,0.549557,0.233344,0.633917,0.645933,0.418293
471.000000,0.543284,0.241880,0.638584,0.638197,0.414987
472.000000,0.537476,0.253385,0.646590,0.633607,0.408727
473.000000,0.532090,0.264898,0.659111,0.636861,0.404310
474.000000,0.525189,0.274075,0.665778,0.632451,0.400552
475.000000,0.515770,0.280011,0.656037,0.626739,0.397611
476.000000,0.507327,0.291191,0.645236,0.619608,0.393227
477.000000,0.497735,0.304027,0.632923,0.613593,0.388621
478.000000,0.488151,0.316697,0.617264,0.608198,0.384548
479.000000,0.478149,0.330166,0.607907,0.604690,0.379951
480.000000,0.469994,0.343830,0.619699,0.600753,0.375350
481.000000,0.463695,0.357279,0.631041,0.597969,0.371376
482.000000,0.455207,0.370803,0.638462,0.593104,0.368281
483.000000,0.451244,0.384177,0.634010,0.588790,0.364923
484.000000,0.443538,0.397436,0.624753,0.581995,0.362469
485.000000,0.440582,0.409068,0.622932,0.574675,0.360821
486.000000,0.441146,0.416388,0.612327,0.566866,0.358425
487.000000,0.441238,0.429560,0.603132,0.558969,0.356788
488.000000,0.440393,0.444034,0.595886,0.553669,0.355614
489.000000,0.445123,0.457637,0.588836,0.548332,0.354439
490.000000,0.446609,0.471454,0.582462,0.542538,0.353760
491.000000,0.448912,0.484801,0.575648,0.535255,0.353849
492.000000,0.441336,0.498237,0.570470,0.527721,0.354221
493.000000,0.428540,0.511371,0.565056,0.518706,0.355014
494.000000,0.416859,0.525053,0.559062,0.509927,0.356435
495.000000,0.407592,0.538811,0.552839,0.500010,0.358302
496.000000,0.396573,0.553006,0.547926,0.491148,0.359938
497.000000,0.387343,0.566088,0.540683,0.482910,0.361924
498.000000,0.378264,0.580227,0.534827,0.475796,0.364443
499.000000,0.373517,0.593244,0.528953,0.468033,0.365777
500.000000,0.365953,0.606819,0.522503,0.462009,0.368263
501.000000,0.359223,0.619285,0.514871,0.456823,0.370392
502.000000,0.354765,0.631699,0.507082,0.452441,0.372320
503.000000,0.348059,0.644284,0.500674,0.446221,0.373820
504.000000,0.342124,0.656342,0.494197,0.440645,0.378260
505.000000,0.336773,0.662341,0.486956,0.439418,0.383279
506.000000,0.330114,0.659097,0.480228,0.439884,0.387558
507.000000,0.324329,0.665279,0.473010,0.439168,0.391956
508.000000,0.317019,0.653330,0.467586,0.437053,0.396476
509.000000,0.312001,0.640488,0.462422,0.434331,0.399949
510.000000,0.306014,0.630475,0.458665,0.432953,0.404296
511.000000,0.298901,0.621346,0.456421,0.428249,0.408855
512.000000,0.291840,0.612222,0.454176,0.424390,0.412428
513.000000,0.285858,0.603232,0.457332,0.421285,0.415428
514.000000,0.280244,0.595948,0.455144,0.418245,0.418790
515.000000,0.275307,0.588548,0.448082,0.416614,0.419654
516.000000,0.270300,0.582407,0.441337,0.414154,0.418644
517.000000,0.265562,0.576584,0.440981,0.410237,0.415585
518.000000,0.261212,0.571046,0.439815,0.407130,0.412767
519.000000,0.257149,0.565259,0.437098,0.404822,0.405102
520.000000,0.252654,0.559324,0.433747,0.401408,0.397725
521.000000,0.247357,0.553427,0.427175,0.398031,0.387973
522.000000,0.242685,0.546543,0.423146,0.395267,0.378946
523.000000,0.238786,0.538991,0.419733,0.392438,0.369859
524.000000,0.235785,0.532309,0.415956,0.389827,0.359765
525.000000,0.233261,0.524978,0.410133,0.387262,0.351411
526.000000,0.231917,0.516721,0.405599,0.384831,0.344257
527.000000,0.230437,0.508536,0.400670,0.382917,0.336031
528.000000,0.228956,0.501354,0.394621,0.380940,0.322681
529.000000,0.228592,0.494053,0.388516,0.379068,0.310569
530.000000,0.229191,0.486596,0.383279,0.377424,0.296876
531.000000,0.229789,0.479266,0.377691,0.376955,0.279931
532.000000,0.230858,0.472379,0.372556,0.376452,0.259687
533.000000,0.232977,0.464651,0.366909,0.377090,0.248756
534.000000,0.235915,0.459051,0.361150,0.377812,0.242023
535.000000,0.237491,0.454437,0.356339,0.378595,0.237487
536.000000,0.239032,0.449222,0.352013,0.379701,0.234112
537.000000,0.238915,0.450088,0.348593,0.381268,0.229683
538.000000,0.238957,0.451970,0.344678,0.382639,0.226088
539.000000,0.238557,0.453523,0.341139,0.384164,0.224013
540.000000,0.236031,0.451712,0.338156,0.386148,0.223157
541.000000,0.231174,0.446603,0.334592,0.387818,0.222992
542.000000,0.223206,0.436466,0.332241,0.389172,0.223881
543.000000,0.215040,0.426955,0.330307,0.391786,0.225951
544.000000,0.208784,0.418604,0.327821,0.394073,0.229099
545.000000,0.201301,0.410091,0.326168,0.396522,0.232493
546.000000,0.192595,0.404618,0.324215,0.399943,0.237487
547.000000,0.186661,0.399328,0.322998,0.403239,0.242325
548.000000,0.183076,0.395341,0.322195,0.406156,0.248359
549.000000,0.181840,0.390102,0.321562,0.409210,0.254038
550.000000,0.181391,0.382885,0.321499,0.413032,0.260045
551.000000,0.182189,0.376558,0.322291,0.416278,0.265197
552.000000,0.183512,0.370565,0.323624,0.421055,0.270481
553.000000,0.186003,0.364199,0.325422,0.424542,0.274676
554.000000,0.189746,0.358943,0.327806,0.424870,0.279077
555.000000,0.192458,0.354193,0.330654,0.429078,0.282394
556.000000,0.196084,0.349027,0.332204,0.426745,0.285607
557.000000,0.199339,0.341338,0.334083,0.420496,0.289847
558.000000,0.202153,0.334020,0.335787,0.416834,0.293890
559.000000,0.205824,0.327520,0.338774,0.413025,0.296920
560.000000,0.210744,0.322703,0.341997,0.409355,0.300024
561.000000,0.216032,0.317749,0.345107,0.402312,0.303011
562.000000,0.221195,0.312168,0.348275,0.394765,0.305033
563.000000,0.225988,0.306625,0.349502,0.383430,0.307645
564.000000,0.229042,0.301402,0.349549,0.372412,0.309626
565.000000,0.229271,0.297279,0.348147,0.364440,0.310735
566.000000,0.230471,0.293451,0.346464,0.351560,0.312700
567.000000,0.228290,0.289329,0.343169,0.338120,0.313006
568.000000,0.227155,0.286555,0.338930,0.323148,0.315030
569.000000,0.224671,0.283250,0.333932,0.310359,0.317445
570.000000,0.216873,0.280361,0.327951,0.297914,0.320984
571.000000,0.210936,0.277726,0.320215,0.286591,0.325888
572.000000,0.207210,0.275880,0.311482,0.273021,0.329481
573.000000,0.205890,0.274331,0.300017,0.261717,0.333869
574.000000,0.202501,0.272349,0.287604,0.249903,0.338175
575.000000,0.200138,0.271114,0.277382,0.238227,0.342498
576.000000,0.198315,0.271114,0.265050,0.228002,0.347087
577.000000,0.198464,0.271248,0.252009,0.218618,0.352994
578.000000,0.199992,0.272209,0.239772,0.207151,0.358183
579.000000,0.203424,0.272956,0.229278,0.194378,0.365279
580.000000,0.209222,0.272944,0.223711,0.192861,0.373221
581.000000,0.217206,0.274320,0.215873,0.193394,0.381177
582.000000,0.225054,0.275101,0.208936,0.193690,0.390089
583.000000,0.234647,0.277089,0.203584,0.195167,0.399752
584.000000,0.244675,0.278260,0.199813,0.197167,0.409711
585.000000,0.254957,0.277876,0.197348,0.200647,0.420760
586.000000,0.265854,0.276684,0.196610,0.204063,0.431028
587.000000,0.276275,0.276537,0.197344,0.209736,0.442255
588.000000,0.288085,0.276460,0.198962,0.215300,0.453397
589.000000,0.300340,0.275450,0.201737,0.222242,0.465145
590.000000,0.312729,0.274493,0.205603,0.227906,0.476851
591.000000,0.325294,0.274892,0.209518,0.232969,0.488464
592.000000,0.338068,0.275196,0.213570,0.238998,0.500785
593.000000,0.350627,0.271838,0.216414,0.244606,0.512863
594.000000,0.363802,0.266023,0.220682,0.248802,0.525343
595.000000,0.376528,0.254286,0.225091,0.250876,0.537379
596.000000,0.389717,0.243764,0.228238,0.253244,0.550301
597.000000,0.402954,0.234608,0.230164,0.256931,0.562467
598.000000,0.417229,0.223749,0.232591,0.259948,0.575001
599.000000,0.431070,0.215331,0.234448,0.262857,0.587751
600.000000,0.445428,0.207424,0.236628,0.265416,0.600347
