<?xml version="1.0" encoding="utf-8"?>
<System>
  <P Name="Location">[223, 338, 826, 833]</P>
  <P Name="SystemRect">[0.000000, 0.000000, 0.000000, 0.000000]</P>
  <P Name="SetExecutionDomain">off</P>
  <P Name="ExecutionDomainType">Deduce</P>
  <P Name="SIDHighWatermark">68</P>
  <P Name="SimulinkSubDomain">Simulink</P>
  <Block BlockType="Inport" Name="RobotParams" SID="17693::1">
    <P Name="Position">[20, 101, 40, 119]</P>
    <P Name="ZOrder">-1</P>
  </Block>
  <Block BlockType="Inport" Name="NRobot" SID="17693::22">
    <P Name="Position">[20, 136, 40, 154]</P>
    <P Name="ZOrder">13</P>
    <P Name="Port">2</P>
  </Block>
  <Block BlockType="Inport" Name="SensorRange" SID="17693::23">
    <P Name="Position">[20, 171, 40, 189]</P>
    <P Name="ZOrder">14</P>
    <P Name="Port">3</P>
  </Block>
  <Block BlockType="Inport" Name="Distances" SID="17693::46">
    <P Name="Position">[20, 206, 40, 224]</P>
    <P Name="ZOrder">36</P>
    <P Name="Port">4</P>
  </Block>
  <Block BlockType="Demux" Name=" Demux " SID="17693::67">
    <P Name="Ports">[1, 1]</P>
    <P Name="Position">[270, 230, 320, 270]</P>
    <P Name="ZOrder">56</P>
    <P Name="Outputs">1</P>
  </Block>
  <Block BlockType="S-Function" Name=" SFunction " SID="17693::66">
    <P Name="Tag">Stateflow S-Function 7</P>
    <P Name="Ports">[4, 2]</P>
    <P Name="Position">[180, 102, 230, 203]</P>
    <P Name="ZOrder">55</P>
    <P Name="FunctionName">sf_sfun</P>
    <P Name="PortCounts">[4 2]</P>
    <P Name="SFunctionDeploymentMode">off</P>
    <P Name="EnableBusSupport">off</P>
    <P Name="SFcnIsStateOwnerBlock">off</P>
    <Port>
      <P Name="PortNumber">2</P>
      <P Name="Name">Vf</P>
    </Port>
  </Block>
  <Block BlockType="Terminator" Name=" Terminator " SID="17693::68">
    <P Name="Position">[460, 241, 480, 259]</P>
    <P Name="ZOrder">57</P>
  </Block>
  <Block BlockType="Outport" Name="Vf" SID="17693::5">
    <P Name="Position">[460, 101, 480, 119]</P>
    <P Name="ZOrder">-5</P>
  </Block>
  <Line>
    <P Name="ZOrder">78</P>
    <P Name="Src">17693::1#out:1</P>
    <P Name="Dst">17693::66#in:1</P>
  </Line>
  <Line>
    <P Name="ZOrder">79</P>
    <P Name="Src">17693::22#out:1</P>
    <P Name="Dst">17693::66#in:2</P>
  </Line>
  <Line>
    <P Name="ZOrder">80</P>
    <P Name="Src">17693::23#out:1</P>
    <P Name="Dst">17693::66#in:3</P>
  </Line>
  <Line>
    <P Name="ZOrder">81</P>
    <P Name="Src">17693::46#out:1</P>
    <P Name="Dst">17693::66#in:4</P>
  </Line>
  <Line>
    <P Name="Name">Vf</P>
    <P Name="ZOrder">82</P>
    <P Name="Labels">[0, 0]</P>
    <P Name="Src">17693::66#out:2</P>
    <P Name="Dst">17693::5#in:1</P>
  </Line>
  <Line>
    <P Name="ZOrder">83</P>
    <P Name="Src">17693::67#out:1</P>
    <P Name="Dst">17693::68#in:1</P>
  </Line>
  <Line>
    <P Name="ZOrder">84</P>
    <P Name="Src">17693::66#out:1</P>
    <P Name="Dst">17693::67#in:1</P>
  </Line>
</System>
