<?xml version="1.0" encoding="utf-8"?>
<GraphicalInterface>
  <P Name="NumRootInports">0</P>
  <P Name="NumRootOutports">0</P>
  <P Name="ParameterArgumentNames"/>
  <P Name="NumModelReferences">0</P>
  <P Name="NumTestPointedSignals">0</P>
  <P Name="NumProvidedFunctions">0</P>
  <P Name="NumRequiredFunctions">0</P>
  <P Name="NumResetEvents">0</P>
  <P Name="HasInitializeEvent">0</P>
  <P Name="HasTerminateEvent">0</P>
  <P Name="PreCompExecutionDomainType">Unset</P>
  <P Name="IsExportFunctionModel">0</P>
  <P Name="NumParameterArguments">0</P>
  <P Name="NumExternalFileReferences">5</P>
  <ExternalFileReference>
    <P Name="Reference">realtime_pacer_lib/Real-Time Pacer</P>
    <P Name="Path">$bdroot/Real-Time Pacer</P>
    <P Name="SID">17721</P>
    <P Name="Type">LIBRARY_BLOCK</P>
  </ExternalFileReference>
  <ExternalFileReference>
    <P Name="Reference">discretizing/Discretized
Transfer Fcn</P>
    <P Name="Path">$bdroot/Robot 1 SimResponse/Constant Speed Robot/Transfer Fcn3</P>
    <P Name="SID">17672</P>
    <P Name="Type">LIBRARY_BLOCK</P>
  </ExternalFileReference>
  <ExternalFileReference>
    <P Name="Reference">discretizing/Discretized
Transfer Fcn</P>
    <P Name="Path">$bdroot/Robot 1 SimResponse/Constant Speed Robot/Transfer Fcn4</P>
    <P Name="SID">17673</P>
    <P Name="Type">LIBRARY_BLOCK</P>
  </ExternalFileReference>
  <ExternalFileReference>
    <P Name="Reference">discretizing/Discretized
Transfer Fcn</P>
    <P Name="Path">$bdroot/Robot 1 SimResponse/Constant Speed Robot/Transfer Fcn5</P>
    <P Name="SID">17674</P>
    <P Name="Type">LIBRARY_BLOCK</P>
  </ExternalFileReference>
  <ExternalFileReference>
    <P Name="Reference">discretizing/Discretized
Transfer Fcn</P>
    <P Name="Path">$bdroot/Robot 1 SimResponse/Constant Speed Robot/Transfer Fcn6</P>
    <P Name="SID">17675</P>
    <P Name="Type">LIBRARY_BLOCK</P>
  </ExternalFileReference>
  <P Name="OrderedModelArguments">1</P>
</GraphicalInterface>
