<?xml version="1.0" encoding="utf-8"?>
<sltp_graph version="1.1" packageUris="http://schema.mathworks.com/mf0/sltp_mm/R2019b_201903251320">
  <sltp.mm.core.Context type="sltp.mm.core.Context" uuid="c8813190-c750-4ffe-baf1-086f707f34ec">
    <editorState type="sltp.mm.core.EditorState" uuid="20dea18b-96ff-46c2-940d-189409fb331c"/>
    <rootTask type="sltp.mm.core.Task" uuid="e82e6c16-36a0-494e-81f7-9e0ae6ffc5ac">
      <context type="sltp.mm.core.Context" uuid="c8813190-c750-4ffe-baf1-086f707f34ec"/>
      <explicit>false</explicit>
      <name>Default</name>
      <priority>-2147483648</priority>
      <subgraph type="sltp.mm.core.Graph" uuid="0bfa3d15-5a8a-4e71-9877-1f00e6d736f2"/>
    </rootTask>
  </sltp.mm.core.Context>
</sltp_graph>
