<?xml version="1.0" encoding="utf-8"?>
<sltp_editor version="1.1" packageUris="http://schema.mathworks.com/mf0/DiagramEditor/R2019a_20181107 http://schema.mathworks.com/mf0/SltpSyntax/R2019b_201903011129">
  <diagram.editor.model.Diagram type="diagram.editor.model.Diagram" uuid="049e859c-378f-4299-a8a9-19b87720d428">
    <syntaxElement type="sltp.mm.syntax.Graph" uuid="d522c624-da44-4fbb-b6a2-1551a80efabd"/>
    <title>Default</title>
    <type>graph.Graph</type>
  </diagram.editor.model.Diagram>
  <sltp.mm.syntax.Context type="sltp.mm.syntax.Context" uuid="0882f676-e321-407f-a8cc-fd5782ae8f05">
    <rootGraph type="sltp.mm.syntax.Graph" uuid="d522c624-da44-4fbb-b6a2-1551a80efabd">
      <priorityDirection>HighNumberFirst</priorityDirection>
      <title>Default</title>
      <diagramElement type="diagram.editor.model.Diagram" uuid="049e859c-378f-4299-a8a9-19b87720d428"/>
    </rootGraph>
  </sltp.mm.syntax.Context>
</sltp_editor>
