<?xml version="1.0" encoding="UTF-8"?>
<sltp_graph version="1.1" packageUris="http://schema.mathworks.com/mf0/sltp_mm/R2021a_202009111111">
  <sltp.mm.core.Context type="sltp.mm.core.Context" uuid="2b0e0656-5be4-4f53-b744-60edc4f0ff28">
    <editorState type="sltp.mm.core.EditorState" uuid="4f10ee1a-93d8-46a9-84ac-9398a8991815">
      <panelState type="sltp.mm.core.EditorPanelState" uuid="1eb85043-0da9-4152-99e5-c92cd50eab21"/>
    </editorState>
    <rootTask type="sltp.mm.core.Task" uuid="2ed303ec-4a0a-4bf8-a778-38c9e59e233c">
      <context type="sltp.mm.core.Context" uuid="2b0e0656-5be4-4f53-b744-60edc4f0ff28"/>
      <explicit>false</explicit>
      <name>Default</name>
      <priority>-2147483648</priority>
      <subgraph type="sltp.mm.core.Graph" uuid="f484a71a-9fd0-4d84-b289-7bd16f5b5a90"/>
    </rootTask>
  </sltp.mm.core.Context>
</sltp_graph>