<?xml version="1.0" encoding="UTF-8"?>
<sltp_editor version="1.1" packageUris="http://schema.mathworks.com/mf0/DiagramEditor/R2019a_20181107 http://schema.mathworks.com/mf0/SltpSyntax/R2020b_202007092240">
  <sltp.mm.syntax.Context type="sltp.mm.syntax.Context" uuid="fa7ea3b1-3cdf-41f7-baa4-f504d226e382">
    <rootGraph type="sltp.mm.syntax.Graph" uuid="2d4aeeab-8d3d-4956-9828-867cc4818d52">
      <priorityDirection>HighNumberFirst</priorityDirection>
      <title>Default</title>
      <diagramElement type="diagram.editor.model.Diagram" uuid="e263649a-6a04-4bd5-8c39-eb585cbc6ff4"/>
    </rootGraph>
  </sltp.mm.syntax.Context>
  <diagram.editor.model.Diagram type="diagram.editor.model.Diagram" uuid="e263649a-6a04-4bd5-8c39-eb585cbc6ff4">
    <syntaxElement type="sltp.mm.syntax.Graph" uuid="2d4aeeab-8d3d-4956-9828-867cc4818d52"/>
    <title>Default</title>
    <type>graph.Graph</type>
  </diagram.editor.model.Diagram>
</sltp_editor>