<?xml version="1.0" encoding="UTF-8" standalone="yes" ?><cp:coreProperties xmlns:cp="http://schemas.openxmlformats.org/package/2006/metadata/core-properties" xmlns:dc="http://purl.org/dc/elements/1.1/" xmlns:dcmitype="http://purl.org/dc/dcmitype/" xmlns:dcterms="http://purl.org/dc/terms/" xmlns:xsi="http://www.w3.org/2001/XMLSchema-instance"><cp:category>Model</cp:category><dcterms:created xsi:type="dcterms:W3CDTF">2022-02-16T19:59:32Z</dcterms:created><dc:creator>RSL</dc:creator><cp:lastModifiedBy>RSL</cp:lastModifiedBy><dcterms:modified xsi:type="dcterms:W3CDTF">2025-01-13T17:41:40Z</dcterms:modified><cp:revision>1.45</cp:revision><cp:version>R2016b</cp:version></cp:coreProperties>